HashTag,CreatedTime,LastModifiedTime,State
energy,2018-05-12 12:13:27,2018-05-12 12:13:27,Follow
leanstartups,2018-05-12 12:13:16,2018-05-12 12:13:16,Follow
mutualfunds,2018-05-12 12:13:14,2018-05-12 12:13:14,Unfollow
mentalhealth,2018-05-12 12:13:11,2018-05-12 12:13:11,Follow
patternrecognition,2018-05-12 12:13:09,2018-05-12 12:13:09,Follow
smallbusiness,2018-05-12 12:13:06,2018-05-12 12:13:06,Follow
softwaredesign,2018-05-12 12:13:00,2018-05-12 12:13:00,Follow
programming,2018-05-12 12:12:59,2018-05-12 12:12:59,Unfollow
softwareengineering,2018-05-12 12:12:56,2018-05-12 12:12:56,Unfollow
webanalytics,2018-01-17 16:19:01,2018-01-17 16:19:01,Follow
marketresearch,2018-01-17 16:18:58,2018-01-17 16:18:58,Follow
hadoop,2017-12-24 15:56:12,2017-12-24 15:56:12,Follow
agilesoftwaredevelopment,2015-11-11 07:39:39,2015-11-11 07:39:39,Follow
whatinspiresme,2015-11-11 07:39:26,2015-11-11 07:39:26,Follow
india,2015-11-11 07:39:12,2016-08-05 20:22:22,Follow
businessintelligence,2015-03-28 01:58:53,2015-03-28 01:58:53,Follow
analytics,2015-03-28 01:58:53,2015-03-28 01:58:53,Follow
datamining,2015-03-28 01:58:53,2015-03-28 01:58:53,Follow
bigdata,2015-03-28 01:58:53,2015-03-28 01:58:53,Follow
data,2015-03-28 01:58:53,2015-03-28 01:58:53,Follow
