post_link,post_date,Likes_count,Comments_count
https://www.linkedin.com/feed/update/urn%3Ali%3Ashare%3A6633959669176037376,2020-02-14 05:47:18,575,19 Comments
https://www.linkedin.com/feed/update/urn%3Ali%3Ashare%3A6633333726040420352,2020-02-12 12:20:01,66,1 Comment
https://www.linkedin.com/feed/update/urn%3Ali%3Ashare%3A6633333726040420352,2020-02-12 12:20:01,66,1 Comment
https://www.linkedin.com/feed/update/urn%3Ali%3Ashare%3A6633333726040420352,2020-02-12 12:20:01,66,1 Comment
https://www.linkedin.com/feed/update/urn%3Ali%3Ashare%3A6633333726040420352,2020-02-12 12:20:01,66,1 Comment
https://www.linkedin.com/feed/update/urn%3Ali%3Ashare%3A6632890985418448896,2020-02-11 07:00:44,243,4 Comments
https://www.linkedin.com/feed/update/urn%3Ali%3Ashare%3A6632209820663545856,2020-02-09 09:54:01,434,18 Comments
https://www.linkedin.com/feed/update/urn%3Ali%3Ashare%3A6631768988923850752,2020-02-08 04:42:19,206,2 Comments
https://www.linkedin.com/feed/update/urn%3Ali%3Ashare%3A6631430365426880512,2020-02-07 06:16:45,427,10 Comments
https://www.linkedin.com/feed/update/urn%3Ali%3Ashare%3A6629663094304006144,2020-02-02 09:14:14,55,1 Comment
https://www.linkedin.com/feed/update/urn%3Ali%3Ashare%3A6629663094304006144,2020-02-02 09:14:14,55,1 Comment
https://www.linkedin.com/feed/update/urn%3Ali%3Ashare%3A6629663094304006144,2020-02-02 09:14:14,55,1 Comment
https://www.linkedin.com/feed/update/urn%3Ali%3Ashare%3A6629663094304006144,2020-02-02 09:14:14,55,1 Comment
https://www.linkedin.com/feed/update/urn%3Ali%3Ashare%3A6628281894792462337,2020-01-29 13:45:51,161,5 Comments
https://www.linkedin.com/feed/update/urn%3Ali%3Ashare%3A6627781517475143680,2020-01-28 04:37:32,"1,031",22 Comments
https://www.linkedin.com/feed/update/urn%3Ali%3Ashare%3A6627091296936919040,2020-01-26 06:54:50,343,3 Comments
https://www.linkedin.com/feed/update/urn%3Ali%3Ashare%3A6626325046958882816,2020-01-24 04:10:02,333,32 Comments
https://www.linkedin.com/feed/update/urn%3Ali%3Ashare%3A6625967837854949377,2020-01-23 04:30:37,206,4 Comments
https://www.linkedin.com/feed/update/urn%3Ali%3Ashare%3A6624895143742922752,2020-01-20 05:28:06,166,3 Comments
https://www.linkedin.com/feed/update/urn%3Ali%3Ashare%3A6622698390742495233,2020-01-14 03:59:00,274,5 Comments
https://www.linkedin.com/feed/update/urn%3Ali%3Ashare%3A6622379585969455104,2020-01-13 06:52:11,148,1 Comment
https://www.linkedin.com/feed/update/urn%3Ali%3Ashare%3A6621979176595480576,2020-01-12 04:21:06,397,11 Comments
https://www.linkedin.com/feed/update/urn%3Ali%3Ashare%3A6620209523837767680,2020-01-07 07:09:08,127,5 Comments
https://www.linkedin.com/feed/update/urn%3Ali%3Ashare%3A6618367137394323456,2020-01-02 05:08:08,720,50 Comments
https://www.linkedin.com/feed/update/urn%3Ali%3Ashare%3A6617279293263306753,2019-12-30 05:05:26,262,48 Comments
https://www.linkedin.com/feed/update/urn%3Ali%3Ashare%3A6616991111732924417,2019-12-29 10:00:18,484,50 Comments
https://www.linkedin.com/feed/update/urn%3Ali%3Ashare%3A6616192811710672896,2019-12-27 05:08:09,568,47 Comments
https://www.linkedin.com/feed/update/urn%3Ali%3AugcPost%3A6615843958780198912,2019-12-26 06:01:56,"1,226",111 Comments
https://www.linkedin.com/feed/update/urn%3Ali%3Ashare%3A6615192780643889152,2019-12-24 10:54:23,512,20 Comments
https://www.linkedin.com/feed/update/urn%3Ali%3Ashare%3A6614864274961600512,2019-12-23 13:09:01,259,6 Comments
https://www.linkedin.com/feed/update/urn%3Ali%3Ashare%3A6614734394768883712,2019-12-23 04:32:55,227,19 Comments
https://www.linkedin.com/feed/update/urn%3Ali%3Ashare%3A6614734394768883712,2019-12-23 04:32:55,227,19 Comments
https://www.linkedin.com/feed/update/urn%3Ali%3Ashare%3A6614725811373207552,2019-12-23 03:58:49,90,0 Comments
https://www.linkedin.com/feed/update/urn%3Ali%3Ashare%3A6614360691098914816,2019-12-22 03:47:57,614,31 Comments
https://www.linkedin.com/feed/update/urn%3Ali%3Ashare%3A6613993676144250880,2019-12-21 03:29:34,342,23 Comments
https://www.linkedin.com/feed/update/urn%3Ali%3Ashare%3A6612930701635481600,2019-12-18 05:05:41,283,8 Comments
https://www.linkedin.com/feed/update/urn%3Ali%3Ashare%3A6612360072167292928,2019-12-16 15:18:12,349,30 Comments
https://www.linkedin.com/feed/update/urn%3Ali%3Ashare%3A6611874074706702336,2019-12-15 07:07:02,328,22 Comments
https://www.linkedin.com/feed/update/urn%3Ali%3Ashare%3A6611115007361019904,2019-12-13 04:50:46,192,3 Comments
https://www.linkedin.com/feed/update/urn%3Ali%3Ashare%3A6610878654845153280,2019-12-12 13:11:35,647,50 Comments
https://www.linkedin.com/feed/update/urn%3Ali%3Ashare%3A6610760873684365312,2019-12-12 05:23:34,189,9 Comments
https://www.linkedin.com/feed/update/urn%3Ali%3Ashare%3A6610363486365159424,2019-12-11 03:04:29,161,16 Comments
https://www.linkedin.com/feed/update/urn%3Ali%3Ashare%3A6610105465567309824,2019-12-10 09:59:12,53,4 Comments
https://www.linkedin.com/feed/update/urn%3Ali%3Ashare%3A6609816254666641408,2019-12-09 14:49:59,980,89 Comments
https://www.linkedin.com/feed/update/urn%3Ali%3Ashare%3A6608607256906911744,2019-12-06 06:45:52,"1,594",53 Comments
https://www.linkedin.com/feed/update/urn%3Ali%3Ashare%3A6608228351691841536,2019-12-05 05:40:14,168,3 Comments
https://www.linkedin.com/feed/update/urn%3Ali%3Ashare%3A6607881388144320513,2019-12-04 06:41:31,"2,743",177 Comments
https://www.linkedin.com/feed/update/urn%3Ali%3Ashare%3A6607881388144320513,2019-12-04 06:41:31,"2,743",177 Comments
https://www.linkedin.com/feed/update/urn%3Ali%3Ashare%3A6607881388144320513,2019-12-04 06:41:31,"2,743",177 Comments
https://www.linkedin.com/feed/update/urn%3Ali%3Ashare%3A6607881388144320513,2019-12-04 06:41:31,"2,743",177 Comments
https://www.linkedin.com/feed/update/urn%3Ali%3Ashare%3A6607488724982956032,2019-12-03 04:41:13,409,10 Comments
https://www.linkedin.com/feed/update/urn%3Ali%3Ashare%3A6607114990078005248,2019-12-02 03:56:07,160,10 Comments
https://www.linkedin.com/feed/update/urn%3Ali%3Ashare%3A6606415233491791872,2019-11-30 05:35:32,123,3 Comments
https://www.linkedin.com/feed/update/urn%3Ali%3Ashare%3A6605672482622005248,2019-11-28 04:24:07,311,19 Comments
https://www.linkedin.com/feed/update/urn%3Ali%3Ashare%3A6605324282526515200,2019-11-27 05:20:29,129,7 Comments
https://www.linkedin.com/feed/update/urn%3Ali%3Ashare%3A6604959655758262272,2019-11-26 05:11:36,600,39 Comments
https://www.linkedin.com/feed/update/urn%3Ali%3Ashare%3A6604602733649592320,2019-11-25 05:33:19,216,2 Comments
https://www.linkedin.com/feed/update/urn%3Ali%3Ashare%3A6603166280818192384,2019-11-21 06:25:22,902,78 Comments
https://www.linkedin.com/feed/update/urn%3Ali%3Ashare%3A6601004999038337024,2019-11-15 07:17:12,352,106 Comments
https://www.linkedin.com/feed/update/urn%3Ali%3Ashare%3A6600260530223575040,2019-11-13 05:58:57,208,12 Comments
https://www.linkedin.com/feed/update/urn%3Ali%3Ashare%3A6599136458659983360,2019-11-10 03:32:17,275,19 Comments
https://www.linkedin.com/feed/update/urn%3Ali%3Ashare%3A6598439124976406528,2019-11-08 05:21:20,138,5 Comments
https://www.linkedin.com/feed/update/urn%3Ali%3Ashare%3A6598062029070794752,2019-11-07 04:22:53,145,12 Comments
https://www.linkedin.com/feed/update/urn%3Ali%3Ashare%3A6597704517926649856,2019-11-06 04:42:16,181,16 Comments
https://www.linkedin.com/feed/update/urn%3Ali%3Ashare%3A6597480477551099904,2019-11-05 13:52:01,238,17 Comments
https://www.linkedin.com/feed/update/urn%3Ali%3Ashare%3A6596993963117383680,2019-11-04 05:38:47,424,31 Comments
https://www.linkedin.com/feed/update/urn%3Ali%3Ashare%3A6596720679050149888,2019-11-03 11:32:51,44,2 Comments
https://www.linkedin.com/feed/update/urn%3Ali%3AugcPost%3A6596597094935556096,2019-11-03 03:21:46,664,42 Comments
https://www.linkedin.com/feed/update/urn%3Ali%3Ashare%3A6596234376151961600,2019-11-02 03:20:27,141,12 Comments
https://www.linkedin.com/feed/update/urn%3Ali%3Ashare%3A6596234376151961600,2019-11-02 03:20:27,141,12 Comments
https://www.linkedin.com/feed/update/urn%3Ali%3Ashare%3A6596234376151961600,2019-11-02 03:20:27,141,12 Comments
https://www.linkedin.com/feed/update/urn%3Ali%3Ashare%3A6596234376151961600,2019-11-02 03:20:27,141,12 Comments
https://www.linkedin.com/feed/update/urn%3Ali%3Ashare%3A6596234376151961600,2019-11-02 03:20:27,141,12 Comments
https://www.linkedin.com/feed/update/urn%3Ali%3Ashare%3A6596234376151961600,2019-11-02 03:20:27,141,12 Comments
https://www.linkedin.com/feed/update/urn%3Ali%3Ashare%3A6596234376151961600,2019-11-02 03:20:27,141,12 Comments
https://www.linkedin.com/feed/update/urn%3Ali%3Ashare%3A6596234376151961600,2019-11-02 03:20:27,141,12 Comments
https://www.linkedin.com/feed/update/urn%3Ali%3Ashare%3A6596234376151961600,2019-11-02 03:20:27,141,12 Comments
https://www.linkedin.com/feed/update/urn%3Ali%3Ashare%3A6596234376151961600,2019-11-02 03:20:27,141,12 Comments
https://www.linkedin.com/feed/update/urn%3Ali%3Ashare%3A6596234376151961600,2019-11-02 03:20:27,141,12 Comments
https://www.linkedin.com/feed/update/urn%3Ali%3Ashare%3A6596234376151961600,2019-11-02 03:20:27,141,12 Comments
https://www.linkedin.com/feed/update/urn%3Ali%3Ashare%3A6596234376151961600,2019-11-02 03:20:27,141,12 Comments
https://www.linkedin.com/feed/update/urn%3Ali%3Ashare%3A6596234376151961600,2019-11-02 03:20:27,141,12 Comments
https://www.linkedin.com/feed/update/urn%3Ali%3Ashare%3A6596234376151961600,2019-11-02 03:20:27,141,12 Comments
https://www.linkedin.com/feed/update/urn%3Ali%3Ashare%3A6596234376151961600,2019-11-02 03:20:27,141,12 Comments
https://www.linkedin.com/feed/update/urn%3Ali%3Ashare%3A6596234376151961600,2019-11-02 03:20:27,141,12 Comments
https://www.linkedin.com/feed/update/urn%3Ali%3Ashare%3A6596234376151961600,2019-11-02 03:20:27,141,12 Comments
https://www.linkedin.com/feed/update/urn%3Ali%3Ashare%3A6596234376151961600,2019-11-02 03:20:27,141,12 Comments
https://www.linkedin.com/feed/update/urn%3Ali%3Ashare%3A6596234376151961600,2019-11-02 03:20:27,141,12 Comments
https://www.linkedin.com/feed/update/urn%3Ali%3Ashare%3A6596234376151961600,2019-11-02 03:20:27,141,12 Comments
https://www.linkedin.com/feed/update/urn%3Ali%3Ashare%3A6596234376151961600,2019-11-02 03:20:27,141,12 Comments
https://www.linkedin.com/feed/update/urn%3Ali%3Ashare%3A6596234376151961600,2019-11-02 03:20:27,141,12 Comments
https://www.linkedin.com/feed/update/urn%3Ali%3Ashare%3A6596234376151961600,2019-11-02 03:20:27,141,12 Comments
https://www.linkedin.com/feed/update/urn%3Ali%3Ashare%3A6596234376151961600,2019-11-02 03:20:27,141,12 Comments
https://www.linkedin.com/feed/update/urn%3Ali%3Ashare%3A6595190131878125568,2019-10-30 06:11:00,340,32 Comments
https://www.linkedin.com/feed/update/urn%3Ali%3Ashare%3A6594961412106358784,2019-10-29 15:02:09,199,16 Comments
https://www.linkedin.com/feed/update/urn%3Ali%3Ashare%3A6594820606754160640,2019-10-29 05:42:38,215,10 Comments
https://www.linkedin.com/feed/update/urn%3Ali%3AugcPost%3A6594462009557913600,2019-10-28 05:57:42,168,24 Comments
https://www.linkedin.com/feed/update/urn%3Ali%3Ashare%3A6594051689358155776,2019-10-27 02:47:14,419,26 Comments
https://www.linkedin.com/feed/update/urn%3Ali%3Ashare%3A6593359482716291073,2019-10-25 04:56:39,128,8 Comments
https://www.linkedin.com/feed/update/urn%3Ali%3Ashare%3A6593062154381955072,2019-10-24 09:15:10,131,9 Comments
https://www.linkedin.com/feed/update/urn%3Ali%3Ashare%3A6591920569015463936,2019-10-21 05:38:55,222,146 Comments
https://www.linkedin.com/feed/update/urn%3Ali%3Ashare%3A6591251143668666368,2019-10-19 09:18:52,117,3 Comments
https://www.linkedin.com/feed/update/urn%3Ali%3Ashare%3A6590934827132915712,2019-10-18 12:21:56,28,6 Comments
https://www.linkedin.com/feed/update/urn%3Ali%3Ashare%3A6590821729797541888,2019-10-18 04:52:31,242,18 Comments
https://www.linkedin.com/feed/update/urn%3Ali%3Ashare%3A6590519678861438976,2019-10-17 08:52:17,385,13 Comments
https://www.linkedin.com/feed/update/urn%3Ali%3Ashare%3A6590174171664347136,2019-10-16 09:59:22,69,9 Comments
https://www.linkedin.com/feed/update/urn%3Ali%3Ashare%3A6589768119013728256,2019-10-15 07:05:51,190,54 Comments
https://www.linkedin.com/feed/update/urn%3Ali%3Ashare%3A6589736185210470400,2019-10-15 04:58:57,280,311 Comments
https://www.linkedin.com/feed/update/urn%3Ali%3Ashare%3A6589717369554337792,2019-10-15 03:44:11,224,1 Comment
https://www.linkedin.com/feed/update/urn%3Ali%3Ashare%3A6589371902001799168,2019-10-14 04:51:26,218,17 Comments
https://www.linkedin.com/feed/update/urn%3Ali%3Ashare%3A6589141199045652480,2019-10-13 13:34:42,200,91 Comments
https://www.linkedin.com/feed/update/urn%3Ali%3Ashare%3A6588303494627852288,2019-10-11 06:05:57,443,18 Comments
https://www.linkedin.com/feed/update/urn%3Ali%3Ashare%3A6587920944424148992,2019-10-10 04:45:50,"1,093",34 Comments
https://www.linkedin.com/feed/update/urn%3Ali%3Ashare%3A6586146280035192833,2019-10-05 07:13:57,258,11 Comments
https://www.linkedin.com/feed/update/urn%3Ali%3Ashare%3A6586146280035192833,2019-10-05 07:13:57,258,11 Comments
https://www.linkedin.com/feed/update/urn%3Ali%3Ashare%3A6586146280035192833,2019-10-05 07:13:57,258,11 Comments
https://www.linkedin.com/feed/update/urn%3Ali%3Ashare%3A6586146280035192833,2019-10-05 07:13:57,258,11 Comments
https://www.linkedin.com/feed/update/urn%3Ali%3Ashare%3A6585381500324282368,2019-10-03 04:35:00,168,15 Comments
https://www.linkedin.com/feed/update/urn%3Ali%3Ashare%3A6585015549833641984,2019-10-02 04:20:50,182,4 Comments
https://www.linkedin.com/feed/update/urn%3Ali%3Ashare%3A6584278394278592512,2019-09-30 03:31:39,472,27 Comments
https://www.linkedin.com/feed/update/urn%3Ali%3Ashare%3A6583947167130587137,2019-09-29 05:35:28,475,235 Comments
https://www.linkedin.com/feed/update/urn%3Ali%3Ashare%3A6582497773621477376,2019-09-25 05:36:06,939,26 Comments
https://www.linkedin.com/feed/update/urn%3Ali%3Ashare%3A6582110231294251008,2019-09-24 03:56:08,229,9 Comments
https://www.linkedin.com/feed/update/urn%3Ali%3Ashare%3A6581769011267244032,2019-09-23 05:20:15,861,71 Comments
https://www.linkedin.com/feed/update/urn%3Ali%3Ashare%3A6581769011267244032,2019-09-23 05:20:15,861,71 Comments
https://www.linkedin.com/feed/update/urn%3Ali%3Ashare%3A6581769011267244032,2019-09-23 05:20:15,861,71 Comments
https://www.linkedin.com/feed/update/urn%3Ali%3Ashare%3A6581769011267244032,2019-09-23 05:20:15,861,71 Comments
https://www.linkedin.com/feed/update/urn%3Ali%3Ashare%3A6581071244295274496,2019-09-21 07:07:35,328,36 Comments
https://www.linkedin.com/feed/update/urn%3Ali%3Ashare%3A6579387469928722432,2019-09-16 15:36:51,283,9 Comments
https://www.linkedin.com/feed/update/urn%3Ali%3Ashare%3A6579387469928722432,2019-09-16 15:36:51,283,9 Comments
https://www.linkedin.com/feed/update/urn%3Ali%3Ashare%3A6579387469928722432,2019-09-16 15:36:51,283,9 Comments
https://www.linkedin.com/feed/update/urn%3Ali%3Ashare%3A6579387469928722432,2019-09-16 15:36:51,283,9 Comments
https://www.linkedin.com/feed/update/urn%3Ali%3Ashare%3A6579271261946515456,2019-09-16 07:55:05,318,11 Comments
https://www.linkedin.com/feed/update/urn%3Ali%3Ashare%3A6578982215370268672,2019-09-15 12:46:31,230,9 Comments
https://www.linkedin.com/feed/update/urn%3Ali%3Ashare%3A6577068987966939136,2019-09-10 06:04:02,529,56 Comments
https://www.linkedin.com/feed/update/urn%3Ali%3Ashare%3A6576684941524992000,2019-09-09 04:37:58,200,15 Comments
https://www.linkedin.com/feed/update/urn%3Ali%3Ashare%3A6575630647212249088,2019-09-06 06:48:35,317,6 Comments
https://www.linkedin.com/feed/update/urn%3Ali%3Ashare%3A6575630647212249088,2019-09-06 06:48:35,317,6 Comments
https://www.linkedin.com/feed/update/urn%3Ali%3Ashare%3A6575630647212249088,2019-09-06 06:48:35,317,6 Comments
https://www.linkedin.com/feed/update/urn%3Ali%3Ashare%3A6575630647212249088,2019-09-06 06:48:35,317,6 Comments
https://www.linkedin.com/feed/update/urn%3Ali%3Ashare%3A6575630647212249088,2019-09-06 06:48:35,317,6 Comments
https://www.linkedin.com/feed/update/urn%3Ali%3Ashare%3A6575630647212249088,2019-09-06 06:48:35,317,6 Comments
https://www.linkedin.com/feed/update/urn%3Ali%3Ashare%3A6575630647212249088,2019-09-06 06:48:35,317,6 Comments
https://www.linkedin.com/feed/update/urn%3Ali%3Ashare%3A6575630647212249088,2019-09-06 06:48:35,317,6 Comments
https://www.linkedin.com/feed/update/urn%3Ali%3Ashare%3A6575630647212249088,2019-09-06 06:48:35,317,6 Comments
https://www.linkedin.com/feed/update/urn%3Ali%3Ashare%3A6575219403711963136,2019-09-05 03:34:27,264,7 Comments
https://www.linkedin.com/feed/update/urn%3Ali%3Ashare%3A6574882547510140928,2019-09-04 05:15:54,284,67 Comments
https://www.linkedin.com/feed/update/urn%3Ali%3Ashare%3A6574171373944569856,2019-09-02 06:09:57,384,11 Comments
https://www.linkedin.com/feed/update/urn%3Ali%3Ashare%3A6573392161549705216,2019-08-31 02:33:39,469,9 Comments
https://www.linkedin.com/feed/update/urn%3Ali%3Ashare%3A6572320568543141888,2019-08-28 03:35:31,789,91 Comments
https://www.linkedin.com/feed/update/urn%3Ali%3Ashare%3A6570900852800884736,2019-08-24 05:34:04,515,18 Comments
https://www.linkedin.com/feed/update/urn%3Ali%3Ashare%3A6570536517666734080,2019-08-23 05:26:20,162,25 Comments
https://www.linkedin.com/feed/update/urn%3Ali%3Ashare%3A6569974616670994432,2019-08-21 16:13:32,203,10 Comments
https://www.linkedin.com/feed/update/urn%3Ali%3Ashare%3A6567639553425928192,2019-08-15 05:34:50,0,0 Comments
https://www.linkedin.com/feed/update/urn%3Ali%3Ashare%3A6564724214979457024,2019-08-07 04:30:19,384,0 Comments
https://www.linkedin.com/feed/update/urn%3Ali%3Ashare%3A6564027611931078656,2019-08-05 06:22:16,"2,978","1,456 Comments"
https://www.linkedin.com/feed/update/urn%3Ali%3Ashare%3A6563760062492442624,2019-08-04 12:39:07,89,8 Comments
https://www.linkedin.com/feed/update/urn%3Ali%3Ashare%3A6561822881423118336,2019-07-30 04:21:27,194,10 Comments
https://www.linkedin.com/feed/update/urn%3Ali%3Ashare%3A6560762054196715520,2019-07-27 06:06:06,199,3 Comments
https://www.linkedin.com/feed/update/urn%3Ali%3Ashare%3A6560472596205404160,2019-07-26 10:55:54,303,45 Comments
https://www.linkedin.com/feed/update/urn%3Ali%3Ashare%3A6559306564489052160,2019-07-23 05:42:30,157,6 Comments
https://www.linkedin.com/feed/update/urn%3Ali%3Ashare%3A6558601894057603072,2019-07-21 07:02:24,184,4 Comments
https://www.linkedin.com/feed/update/urn%3Ali%3Ashare%3A6557125058970644480,2019-07-17 05:13:59,989,"2,101 Comments"
https://www.linkedin.com/feed/update/urn%3Ali%3Ashare%3A6556781134624194560,2019-07-16 06:27:21,283,9 Comments
https://www.linkedin.com/feed/update/urn%3Ali%3AugcPost%3A6556363817675264000,2019-07-15 02:49:05,225,18 Comments
https://www.linkedin.com/feed/update/urn%3Ali%3Ashare%3A6555386001202741248,2019-07-12 10:03:35,168,3 Comments
https://www.linkedin.com/feed/update/urn%3Ali%3Ashare%3A6555299127503220736,2019-07-12 04:18:23,157,12 Comments
https://www.linkedin.com/feed/update/urn%3Ali%3Ashare%3A6554222530041876480,2019-07-09 05:00:22,170,15 Comments
https://www.linkedin.com/feed/update/urn%3Ali%3Ashare%3A6553842331328573440,2019-07-08 03:49:36,143,9 Comments
https://www.linkedin.com/feed/update/urn%3Ali%3Ashare%3A6553842331328573440,2019-07-08 03:49:36,143,9 Comments
https://www.linkedin.com/feed/update/urn%3Ali%3Ashare%3A6553842331328573440,2019-07-08 03:49:36,143,9 Comments
https://www.linkedin.com/feed/update/urn%3Ali%3Ashare%3A6553842331328573440,2019-07-08 03:49:36,143,9 Comments
https://www.linkedin.com/feed/update/urn%3Ali%3Ashare%3A6553466504883605504,2019-07-07 02:56:12,211,6 Comments
https://www.linkedin.com/feed/update/urn%3Ali%3Ashare%3A6552411042381697024,2019-07-04 05:02:10,151,19 Comments
https://www.linkedin.com/feed/update/urn%3Ali%3Ashare%3A6551325206839943168,2019-07-01 05:07:27,109,7 Comments
https://www.linkedin.com/feed/update/urn%3Ali%3Ashare%3A6549872035160522752,2019-06-27 04:53:03,151,12 Comments
https://www.linkedin.com/feed/update/urn%3Ali%3Ashare%3A6549168346590433280,2019-06-25 06:16:51,200,49 Comments
https://www.linkedin.com/feed/update/urn%3Ali%3Ashare%3A6548802243649388544,2019-06-24 06:02:05,104,0 Comments
https://www.linkedin.com/feed/update/urn%3Ali%3Ashare%3A6547834462233821184,2019-06-21 13:56:28,73,6 Comments
https://www.linkedin.com/feed/update/urn%3Ali%3Ashare%3A6547341269402775553,2019-06-20 05:16:42,168,248 Comments
https://www.linkedin.com/feed/update/urn%3Ali%3Ashare%3A6546951311047389184,2019-06-19 03:27:09,140,12 Comments
https://www.linkedin.com/feed/update/urn%3Ali%3Ashare%3A6546611976464855041,2019-06-18 04:58:45,265,202 Comments
https://www.linkedin.com/feed/update/urn%3Ali%3Ashare%3A6546017160467144704,2019-06-16 13:35:10,"1,234","2,893 Comments"
https://www.linkedin.com/feed/update/urn%3Ali%3Ashare%3A6545106052835303424,2019-06-14 01:14:45,1,0 Comments
https://www.linkedin.com/feed/update/urn%3Ali%3Ashare%3A6544087399163625472,2019-06-11 05:46:59,667,219 Comments
https://www.linkedin.com/feed/update/urn%3Ali%3Ashare%3A6543694194316275712,2019-06-10 03:44:31,9,0 Comments
https://www.linkedin.com/feed/update/urn%3Ali%3Ashare%3A6543377125582434304,2019-06-09 06:44:36,91,8 Comments
https://www.linkedin.com/feed/update/urn%3Ali%3Ashare%3A6543054593595670528,2019-06-08 09:22:59,48,4 Comments
https://www.linkedin.com/feed/update/urn%3Ali%3Ashare%3A6542925058057306112,2019-06-08 00:48:15,13,1 Comment
https://www.linkedin.com/feed/update/urn%3Ali%3Ashare%3A6542603152754077696,2019-06-07 03:29:07,46,3 Comments
https://www.linkedin.com/feed/update/urn%3Ali%3Ashare%3A6542247503272701952,2019-06-06 03:55:53,51,4 Comments
https://www.linkedin.com/feed/update/urn%3Ali%3Ashare%3A6541174050352402432,2019-06-03 04:50:22,26,0 Comments
https://www.linkedin.com/feed/update/urn%3Ali%3Ashare%3A6540771882424205312,2019-06-02 02:12:18,27,0 Comments
https://www.linkedin.com/feed/update/urn%3Ali%3Ashare%3A6539707983746695168,2019-05-30 03:44:45,139,90 Comments
https://www.linkedin.com/feed/update/urn%3Ali%3Ashare%3A6539066562970771457,2019-05-28 09:15:58,41,18 Comments
https://www.linkedin.com/feed/update/urn%3Ali%3Ashare%3A6538659158697312257,2019-05-27 06:17:05,10,0 Comments
https://www.linkedin.com/feed/update/urn%3Ali%3Ashare%3A6537555366794891264,2019-05-24 05:11:01,20,1 Comment
https://www.linkedin.com/feed/update/urn%3Ali%3Ashare%3A6537214972827664384,2019-05-23 06:38:25,22,3 Comments
https://www.linkedin.com/feed/update/urn%3Ali%3Ashare%3A6536927863000657920,2019-05-22 11:37:32,21,4 Comments
https://www.linkedin.com/feed/update/urn%3Ali%3Ashare%3A6534099446345629696,2019-05-14 16:18:25,0,0 Comments
https://www.linkedin.com/feed/update/urn%3Ali%3Ashare%3A6533636855118815232,2019-05-13 09:40:15,88,6 Comments
https://www.linkedin.com/feed/update/urn%3Ali%3AgroupPost%3A10446044-6533261406140231680,2019-05-12 08:48:21,0,0 Comments
https://www.linkedin.com/feed/update/urn%3Ali%3Ashare%3A6532104306399772672,2019-05-09 04:10:27,28,0 Comments
https://www.linkedin.com/feed/update/urn%3Ali%3AgroupPost%3A10446044-6532093482834726912,2019-05-09 03:27:26,0,0 Comments
https://www.linkedin.com/feed/update/urn%3Ali%3AgroupPost%3A10446044-6531760989942181888,2019-05-08 05:26:14,0,0 Comments
https://www.linkedin.com/feed/update/urn%3Ali%3Ashare%3A6531722404333490177,2019-05-08 02:52:54,158,9 Comments
https://www.linkedin.com/feed/update/urn%3Ali%3Ashare%3A6531416861303762944,2019-05-07 06:38:47,42,6 Comments
https://www.linkedin.com/feed/update/urn%3Ali%3Ashare%3A6531055671079694336,2019-05-06 06:43:33,54,0 Comments
https://www.linkedin.com/feed/update/urn%3Ali%3Ashare%3A6530316521942675456,2019-05-04 05:46:26,187,17 Comments
https://www.linkedin.com/feed/update/urn%3Ali%3Ashare%3A6529914456175149056,2019-05-03 03:08:46,118,19 Comments
https://www.linkedin.com/feed/update/urn%3Ali%3Ashare%3A6529557203651788800,2019-05-02 03:29:10,59,9 Comments
https://www.linkedin.com/feed/update/urn%3Ali%3Ashare%3A6527037964579639296,2019-04-25 04:38:37,79,18 Comments
https://www.linkedin.com/feed/update/urn%3Ali%3AgroupPost%3A10446044-6527030566108401664,2019-04-25 04:09:13,0,0 Comments
https://www.linkedin.com/feed/update/urn%3Ali%3Ashare%3A6526787121175461888,2019-04-24 12:01:51,58,8 Comments
https://www.linkedin.com/feed/update/urn%3Ali%3Ashare%3A6526787121175461888,2019-04-24 12:01:51,58,8 Comments
https://www.linkedin.com/feed/update/urn%3Ali%3Ashare%3A6526787121175461888,2019-04-24 12:01:51,58,8 Comments
https://www.linkedin.com/feed/update/urn%3Ali%3Ashare%3A6526787121175461888,2019-04-24 12:01:51,58,8 Comments
https://www.linkedin.com/feed/update/urn%3Ali%3Ashare%3A6526024326788026368,2019-04-22 09:30:47,47,5 Comments
https://www.linkedin.com/feed/update/urn%3Ali%3Ashare%3A6524515731323789313,2019-04-18 05:36:09,68,4 Comments
https://www.linkedin.com/feed/update/urn%3Ali%3Ashare%3A6524090932671938560,2019-04-17 01:28:10,68,8 Comments
https://www.linkedin.com/feed/update/urn%3Ali%3AugcPost%3A6523863760841609216,2019-04-16 10:25:28,21,2 Comments
https://www.linkedin.com/feed/update/urn%3Ali%3Ashare%3A6523764072603807744,2019-04-16 03:49:20,120,23 Comments
https://www.linkedin.com/feed/update/urn%3Ali%3Ashare%3A6523387365103370240,2019-04-15 02:52:26,100,7 Comments
https://www.linkedin.com/feed/update/urn%3Ali%3Ashare%3A6522275133405655040,2019-04-12 01:12:49,7,0 Comments
https://www.linkedin.com/feed/update/urn%3Ali%3Ashare%3A6522004995519410176,2019-04-11 07:19:23,99,0 Comments
https://www.linkedin.com/feed/update/urn%3Ali%3Ashare%3A6521740965705805824,2019-04-10 13:50:14,74,4 Comments
https://www.linkedin.com/feed/update/urn%3Ali%3Ashare%3A6521290707548897280,2019-04-09 08:01:04,5,1 Comment
https://www.linkedin.com/feed/update/urn%3Ali%3Ashare%3A6520934915700289536,2019-04-08 08:27:17,24,1 Comment
https://www.linkedin.com/feed/update/urn%3Ali%3Ashare%3A6520934915700289536,2019-04-08 08:27:17,24,1 Comment
https://www.linkedin.com/feed/update/urn%3Ali%3Ashare%3A6520934915700289536,2019-04-08 08:27:17,24,1 Comment
https://www.linkedin.com/feed/update/urn%3Ali%3Ashare%3A6520934915700289536,2019-04-08 08:27:17,24,1 Comment
https://www.linkedin.com/feed/update/urn%3Ali%3Ashare%3A6520492315428118529,2019-04-07 03:08:32,178,8 Comments
https://www.linkedin.com/feed/update/urn%3Ali%3Ashare%3A6520232860136366080,2019-04-06 09:57:33,887,55 Comments
https://www.linkedin.com/feed/update/urn%3Ali%3Ashare%3A6519916921851342848,2019-04-05 13:02:08,68,27 Comments
https://www.linkedin.com/feed/update/urn%3Ali%3Ashare%3A6519086508564148224,2019-04-03 06:02:22,24,1 Comment
https://www.linkedin.com/feed/update/urn%3Ali%3Ashare%3A6518694059790430208,2019-04-02 04:02:55,49,6 Comments
https://www.linkedin.com/feed/update/urn%3Ali%3Ashare%3A6518471411743453184,2019-04-01 13:18:11,44,15 Comments
https://www.linkedin.com/feed/update/urn%3Ali%3Ashare%3A6518328108498677760,2019-04-01 03:48:45,36,3 Comments
https://www.linkedin.com/feed/update/urn%3Ali%3Ashare%3A6517708619738386432,2019-03-30 10:47:08,30,3 Comments
https://www.linkedin.com/feed/update/urn%3Ali%3Ashare%3A6516860393770577920,2019-03-28 02:36:35,14,2 Comments
https://www.linkedin.com/feed/update/urn%3Ali%3Ashare%3A6516682333750427648,2019-03-27 14:49:02,45,0 Comments
https://www.linkedin.com/feed/update/urn%3Ali%3Ashare%3A6515779765528563712,2019-03-25 03:02:33,76,3 Comments
https://www.linkedin.com/feed/update/urn%3Ali%3Ashare%3A6514737761075990528,2019-03-22 06:02:00,91,20 Comments
https://www.linkedin.com/feed/update/urn%3Ali%3Ashare%3A6514459276721917952,2019-03-21 11:35:24,97,0 Comments
https://www.linkedin.com/feed/update/urn%3Ali%3Ashare%3A6513961958868381696,2019-03-20 02:39:14,60,6 Comments
https://www.linkedin.com/feed/update/urn%3Ali%3Ashare%3A6513620564417056768,2019-03-19 04:02:39,197,10 Comments
https://www.linkedin.com/feed/update/urn%3Ali%3Ashare%3A6513250844530565120,2019-03-18 03:33:31,93,4 Comments
https://www.linkedin.com/feed/update/urn%3Ali%3Ashare%3A6511782604109381632,2019-03-14 02:19:15,90,4 Comments
https://www.linkedin.com/feed/update/urn%3Ali%3Ashare%3A6511087246131716096,2019-03-12 04:16:09,110,17 Comments
https://www.linkedin.com/feed/update/urn%3Ali%3Ashare%3A6510683640203186176,2019-03-11 01:32:22,73,2 Comments
https://www.linkedin.com/feed/update/urn%3Ali%3Ashare%3A6510109094538502144,2019-03-09 11:29:20,35,0 Comments
https://www.linkedin.com/feed/update/urn%3Ali%3Ashare%3A6509947755958493184,2019-03-09 00:48:14,30,2 Comments
https://www.linkedin.com/feed/update/urn%3Ali%3Ashare%3A6509693432368324608,2019-03-08 07:57:38,29,0 Comments
https://www.linkedin.com/feed/update/urn%3Ali%3Ashare%3A6509611168640929792,2019-03-08 02:30:45,25,1 Comment
https://www.linkedin.com/feed/update/urn%3Ali%3Ashare%3A6509245058477322240,2019-03-07 02:15:57,40,1 Comment
https://www.linkedin.com/feed/update/urn%3Ali%3Ashare%3A6508964732945428480,2019-03-06 07:42:03,41,0 Comments
https://www.linkedin.com/feed/update/urn%3Ali%3Ashare%3A6508575612813307904,2019-03-05 05:55:49,86,0 Comments
https://www.linkedin.com/feed/update/urn%3Ali%3Ashare%3A6508179933595037696,2019-03-04 03:43:32,176,10 Comments
https://www.linkedin.com/feed/update/urn%3Ali%3Ashare%3A6506712311045152768,2019-02-28 02:31:43,40,6 Comments
https://www.linkedin.com/feed/update/urn%3Ali%3Ashare%3A6506371134215294976,2019-02-27 03:56:00,74,6 Comments
https://www.linkedin.com/feed/update/urn%3Ali%3Ashare%3A6506204859556040704,2019-02-26 16:55:17,44,0 Comments
https://www.linkedin.com/feed/update/urn%3Ali%3Ashare%3A6501744444688072704,2019-02-14 09:31:12,115,10 Comments
https://www.linkedin.com/feed/update/urn%3Ali%3Ashare%3A6498793587151560704,2019-02-06 06:05:32,126,7 Comments
https://www.linkedin.com/feed/update/urn%3Ali%3Ashare%3A6496943601300406272,2019-02-01 03:34:21,106,3 Comments
https://www.linkedin.com/feed/update/urn%3Ali%3Ashare%3A6496576631468068864,2019-01-31 03:16:09,204,7 Comments
https://www.linkedin.com/feed/update/urn%3Ali%3Ashare%3A6496011248210153472,2019-01-29 13:49:31,37,0 Comments
https://www.linkedin.com/feed/update/urn%3Ali%3Ashare%3A6495219028146118656,2019-01-27 09:21:31,6,1 Comment
https://www.linkedin.com/feed/update/urn%3Ali%3Ashare%3A6494045089785049088,2019-01-24 03:36:42,18,1 Comment
https://www.linkedin.com/feed/update/urn%3Ali%3Ashare%3A6489738555823308800,2019-01-12 06:24:05,7,0 Comments
https://www.linkedin.com/feed/update/urn%3Ali%3Ashare%3A6489721660210507776,2019-01-12 05:16:56,30,1 Comment
https://www.linkedin.com/feed/update/urn%3Ali%3Ashare%3A6486833083566915584,2019-01-04 05:58:46,129,4 Comments
https://www.linkedin.com/feed/update/urn%3Ali%3Ashare%3A6485732840226025472,2019-01-01 05:06:48,157,6 Comments
https://www.linkedin.com/feed/update/urn%3Ali%3Ashare%3A6485082362442027008,2018-12-30 10:02:02,161,27 Comments
https://www.linkedin.com/feed/update/urn%3Ali%3Ashare%3A6483535482637651968,2018-12-26 03:35:17,10,1 Comment
https://www.linkedin.com/feed/update/urn%3Ali%3Ashare%3A6483535482637651968,2018-12-26 03:35:17,10,1 Comment
https://www.linkedin.com/feed/update/urn%3Ali%3Ashare%3A6483535482637651968,2018-12-26 03:35:17,10,1 Comment
https://www.linkedin.com/feed/update/urn%3Ali%3Ashare%3A6482809969535225856,2018-12-24 03:32:21,30,3 Comments
https://www.linkedin.com/feed/update/urn%3Ali%3Ashare%3A6482431539308261376,2018-12-23 02:28:36,76,0 Comments
https://www.linkedin.com/feed/update/urn%3Ali%3Ashare%3A6481718704794107904,2018-12-21 03:16:03,64,18 Comments
https://www.linkedin.com/feed/update/urn%3Ali%3Ashare%3A6481330771926839296,2018-12-20 01:34:33,92,10 Comments
https://www.linkedin.com/feed/update/urn%3Ali%3Ashare%3A6481330771926839296,2018-12-20 01:34:33,92,10 Comments
https://www.linkedin.com/feed/update/urn%3Ali%3Ashare%3A6481330771926839296,2018-12-20 01:34:33,92,10 Comments
https://www.linkedin.com/feed/update/urn%3Ali%3Ashare%3A6481330771926839296,2018-12-20 01:34:33,92,10 Comments
https://www.linkedin.com/feed/update/urn%3Ali%3Ashare%3A6480664849188782080,2018-12-18 05:28:24,114,3 Comments
https://www.linkedin.com/feed/update/urn%3Ali%3Ashare%3A6479986594601373696,2018-12-16 08:33:16,104,7 Comments
https://www.linkedin.com/feed/update/urn%3Ali%3Ashare%3A6479535766157529088,2018-12-15 02:41:50,56,5 Comments
https://www.linkedin.com/feed/update/urn%3Ali%3Ashare%3A6479337320758771712,2018-12-14 13:33:17,54,1 Comment
https://www.linkedin.com/feed/update/urn%3Ali%3Ashare%3A6479225643929296896,2018-12-14 06:09:31,3,0 Comments
https://www.linkedin.com/feed/update/urn%3Ali%3Ashare%3A6479163771704184832,2018-12-14 02:03:40,0,0 Comments
https://www.linkedin.com/feed/update/urn%3Ali%3Ashare%3A6478980524068175872,2018-12-13 13:55:30,320,17 Comments
https://www.linkedin.com/feed/update/urn%3Ali%3Ashare%3A6478970819082051584,2018-12-13 13:16:56,0,0 Comments
https://www.linkedin.com/feed/update/urn%3Ali%3Ashare%3A6478812625173078016,2018-12-13 02:48:20,32,0 Comments
https://www.linkedin.com/feed/update/urn%3Ali%3Ashare%3A6478440826098802688,2018-12-12 02:10:56,43,2 Comments
https://www.linkedin.com/feed/update/urn%3Ali%3Ashare%3A6477715011555950592,2018-12-10 02:06:48,24,3 Comments
https://www.linkedin.com/feed/update/urn%3Ali%3Ashare%3A6476685414630551552,2018-12-07 05:55:33,321,14 Comments
https://www.linkedin.com/feed/update/urn%3Ali%3Ashare%3A6476328699208757248,2018-12-06 06:18:06,61,9 Comments
https://www.linkedin.com/feed/update/urn%3Ali%3Ashare%3A6476097744116248576,2018-12-05 15:00:22,15,0 Comments
https://www.linkedin.com/feed/update/urn%3Ali%3Ashare%3A6475620183309422592,2018-12-04 07:22:42,87,4 Comments
https://www.linkedin.com/feed/update/urn%3Ali%3AgroupPost%3A8720844-6475329695754833920,2018-12-03 12:08:25,0,0 Comments
https://www.linkedin.com/feed/update/urn%3Ali%3Ashare%3A6475261525866184704,2018-12-03 07:37:32,61,9 Comments
https://www.linkedin.com/feed/update/urn%3Ali%3Ashare%3A6474646768402427904,2018-12-01 14:54:42,5,7 Comments
https://www.linkedin.com/feed/update/urn%3Ali%3Ashare%3A6474489029395083264,2018-12-01 04:27:54,13,2 Comments
https://www.linkedin.com/feed/update/urn%3Ali%3Ashare%3A6470589723621593088,2018-11-20 10:13:27,14,1 Comment
https://www.linkedin.com/feed/update/urn%3Ali%3Ashare%3A6470248733031358464,2018-11-19 11:38:29,23,0 Comments
https://www.linkedin.com/feed/update/urn%3Ali%3Ashare%3A6469912273405210624,2018-11-18 13:21:31,6,0 Comments
https://www.linkedin.com/feed/update/urn%3Ali%3Ashare%3A6467735786480590848,2018-11-12 13:12:56,2,0 Comments
https://www.linkedin.com/feed/update/urn%3Ali%3Ashare%3A6466527911582236672,2018-11-09 05:13:16,10,4 Comments
https://www.linkedin.com/feed/update/urn%3Ali%3Ashare%3A6443829769296498688,2018-09-07 13:58:57,1,0 Comments
https://www.linkedin.com/feed/update/urn%3Ali%3Ashare%3A6443149555180630016,2018-09-05 16:56:01,1,0 Comments
https://www.linkedin.com/feed/update/urn%3Ali%3Ashare%3A6441200200882192384,2018-08-31 07:49:59,51,8 Comments
https://www.linkedin.com/feed/update/urn%3Ali%3Ashare%3A6440395110881550336,2018-08-29 02:30:51,24,3 Comments
https://www.linkedin.com/feed/update/urn%3Ali%3Ashare%3A6438297046293245952,2018-08-23 07:33:53,5,1 Comment
https://www.linkedin.com/feed/update/urn%3Ali%3AugcPost%3A6438000052702154752,2018-08-22 11:53:44,3,0 Comments
https://www.linkedin.com/feed/update/urn%3Ali%3Ashare%3A6434376549381832704,2018-08-12 11:55:14,14,0 Comments
https://www.linkedin.com/feed/update/urn%3Ali%3Ashare%3A6429704321985839104,2018-07-30 14:29:28,6,0 Comments
https://www.linkedin.com/feed/update/urn%3Ali%3Ashare%3A6428941732758544384,2018-07-28 11:59:13,9,0 Comments
https://www.linkedin.com/feed/update/urn%3Ali%3Ashare%3A6427463991823560704,2018-07-24 10:07:12,27,11 Comments
https://www.linkedin.com/feed/update/urn%3Ali%3Ashare%3A6425986414453841920,2018-07-20 08:15:50,4,0 Comments
https://www.linkedin.com/feed/update/urn%3Ali%3AugcPost%3A6412135473485053952,2018-06-12 02:57:08,3,0 Comments
https://www.linkedin.com/feed/update/urn%3Ali%3Ashare%3A6405650869639049216,2018-05-25 05:29:38,168,10 Comments
https://www.linkedin.com/feed/update/urn%3Ali%3Ashare%3A6401986304795602944,2018-05-15 02:47:58,24,1 Comment
https://www.linkedin.com/feed/update/urn%3Ali%3Ashare%3A6395786872634867712,2018-04-28 00:13:38,10,0 Comments
https://www.linkedin.com/feed/update/urn%3Ali%3Ashare%3A6394517101943590912,2018-04-24 12:08:01,29,1 Comment
https://www.linkedin.com/feed/update/urn%3Ali%3Ashare%3A6388918253053411328,2018-04-09 01:20:11,346,28 Comments
https://www.linkedin.com/feed/update/urn%3Ali%3Ashare%3A6387118119730679808,2018-04-04 02:07:06,69,3 Comments
https://www.linkedin.com/feed/update/urn%3Ali%3Ashare%3A6386224162918232064,2018-04-01 14:54:50,194,0 Comments
https://www.linkedin.com/feed/update/urn%3Ali%3Ashare%3A6384011986673459200,2018-03-26 12:24:26,384,13 Comments
https://www.linkedin.com/feed/update/urn%3Ali%3Ashare%3A6383955959307431936,2018-03-26 08:41:48,4,0 Comments
https://www.linkedin.com/feed/update/urn%3Ali%3Ashare%3A6382658394045681664,2018-03-22 18:45:45,91,5 Comments
https://www.linkedin.com/feed/update/urn%3Ali%3Ashare%3A6382658394045681664,2018-03-22 18:45:45,91,5 Comments
https://www.linkedin.com/feed/update/urn%3Ali%3Ashare%3A6382658394045681664,2018-03-22 18:45:45,91,5 Comments
https://www.linkedin.com/feed/update/urn%3Ali%3Ashare%3A6382658394045681664,2018-03-22 18:45:45,91,5 Comments
https://www.linkedin.com/feed/update/urn%3Ali%3Ashare%3A6370993197342134272,2018-02-18 14:12:25,6,0 Comments
https://www.linkedin.com/feed/update/urn%3Ali%3Ashare%3A6366240201525825536,2018-02-05 11:25:43,0,0 Comments
https://www.linkedin.com/feed/update/urn%3Ali%3Ashare%3A6363920676419665920,2018-01-30 01:48:45,17,0 Comments
https://www.linkedin.com/feed/update/urn%3Ali%3Ashare%3A6362359536627605504,2018-01-25 18:25:20,1,0 Comments
https://www.linkedin.com/feed/update/urn%3Ali%3Ashare%3A6361981991038091264,2018-01-24 17:25:06,1,0 Comments
https://www.linkedin.com/feed/update/urn%3Ali%3Ashare%3A6359777952762294272,2018-01-18 15:27:02,20,3 Comments
https://www.linkedin.com/feed/update/urn%3Ali%3Ashare%3A6358534631578537985,2018-01-15 05:06:32,10,0 Comments
https://www.linkedin.com/feed/update/urn%3Ali%3Ashare%3A6357253878039306240,2018-01-11 16:17:16,37,1 Comment
https://www.linkedin.com/feed/update/urn%3Ali%3Ashare%3A6356483629467697152,2018-01-09 13:16:35,168,15 Comments
https://www.linkedin.com/feed/update/urn%3Ali%3Ashare%3A6355227377085313024,2018-01-06 02:04:41,23,1 Comment
https://www.linkedin.com/feed/update/urn%3Ali%3Ashare%3A6354878612382027776,2018-01-05 02:58:49,30,3 Comments
https://www.linkedin.com/feed/update/urn%3Ali%3Ashare%3A6354651658865213440,2018-01-04 11:56:59,0,0 Comments
https://www.linkedin.com/feed/update/urn%3Ali%3Ashare%3A6354619949805338624,2018-01-04 09:50:59,69,2 Comments
https://www.linkedin.com/feed/update/urn%3Ali%3Ashare%3A6353491832026034176,2018-01-01 07:08:14,120,2 Comments
https://www.linkedin.com/feed/update/urn%3Ali%3Ashare%3A6352364741394042880,2017-12-29 04:29:35,7,1 Comment
https://www.linkedin.com/feed/update/urn%3Ali%3Ashare%3A6347059202694930432,2017-12-14 13:07:16,33,0 Comments
https://www.linkedin.com/feed/update/urn%3Ali%3Ashare%3A6346559293701095424,2017-12-13 04:00:48,5,0 Comments
https://www.linkedin.com/feed/update/urn%3Ali%3Ashare%3A6346190055157137408,2017-12-12 03:33:35,156,5 Comments
https://www.linkedin.com/feed/update/urn%3Ali%3Ashare%3A6346011196289843200,2017-12-11 15:42:52,11,16 Comments
https://www.linkedin.com/feed/update/urn%3Ali%3Ashare%3A6345280934111219712,2017-12-09 15:21:04,154,335 Comments
https://www.linkedin.com/feed/update/urn%3Ali%3Ashare%3A6343991473209466880,2017-12-06 01:57:12,8,18 Comments
https://www.linkedin.com/feed/update/urn%3Ali%3Ashare%3A6339350495290802176,2017-11-23 06:35:37,3,2 Comments
https://www.linkedin.com/feed/update/urn%3Ali%3Ashare%3A6331532959300050944,2017-11-01 16:51:31,5,4 Comments
https://www.linkedin.com/feed/update/urn%3Ali%3Ashare%3A6328930925866520576,2017-10-25 12:31:58,3,0 Comments
https://www.linkedin.com/feed/update/urn%3Ali%3Ashare%3A6328064126367166464,2017-10-23 03:07:37,3,1 Comment
https://www.linkedin.com/feed/update/urn%3Ali%3Ashare%3A6323866412314128384,2017-10-11 13:07:24,1,0 Comments
https://www.linkedin.com/feed/update/urn%3Ali%3Ashare%3A6318346347900698624,2017-09-26 07:32:38,0,0 Comments
https://www.linkedin.com/feed/update/urn%3Ali%3Ashare%3A6318345768482766848,2017-09-26 07:30:20,0,0 Comments
https://www.linkedin.com/feed/update/urn%3Ali%3Ashare%3A6318344575408791552,2017-09-26 07:25:35,4,0 Comments
https://www.linkedin.com/feed/update/urn%3Ali%3Ashare%3A6313287817204162560,2017-09-12 08:31:50,0,0 Comments
https://www.linkedin.com/feed/update/urn%3Ali%3Ashare%3A6312941727569272832,2017-09-11 09:36:36,0,0 Comments
https://www.linkedin.com/feed/update/urn%3Ali%3Ashare%3A6312233225666289664,2017-09-09 10:41:16,1,0 Comments
https://www.linkedin.com/feed/update/urn%3Ali%3Ashare%3A6311773256156307456,2017-09-08 04:13:31,4,0 Comments
https://www.linkedin.com/feed/update/urn%3Ali%3Ashare%3A6308648767583293440,2017-08-30 13:17:55,4,0 Comments
https://www.linkedin.com/feed/update/urn%3Ali%3Ashare%3A6307504630398062592,2017-08-27 09:31:31,5,0 Comments
https://www.linkedin.com/feed/update/urn%3Ali%3Ashare%3A6303465343360819200,2017-08-16 06:00:50,2,0 Comments
https://www.linkedin.com/feed/update/urn%3Ali%3Ashare%3A6292287039274618880,2017-07-16 09:42:15,17,0 Comments
https://www.linkedin.com/feed/update/urn%3Ali%3Ashare%3A6278485190679597057,2017-06-08 07:38:38,35,0 Comments
https://www.linkedin.com/feed/update/urn%3Ali%3Ashare%3A6278099972277788672,2017-06-07 06:07:54,0,0 Comments
https://www.linkedin.com/feed/update/urn%3Ali%3Ashare%3A6263576094021115904,2017-04-28 04:15:12,0,0 Comments
https://www.linkedin.com/feed/update/urn%3Ali%3Ashare%3A6261388157363818496,2017-04-22 03:21:07,15,2 Comments
https://www.linkedin.com/feed/update/urn%3Ali%3Ashare%3A6255274720590163968,2017-04-05 06:28:30,39,3 Comments
https://www.linkedin.com/feed/update/urn%3Ali%3Ashare%3A6228456043752587264,2017-01-21 06:20:39,0,0 Comments
https://www.linkedin.com/feed/update/urn%3Ali%3Ashare%3A6220535844751667200,2016-12-30 09:48:37,1,0 Comments
https://www.linkedin.com/feed/update/urn%3Ali%3Ashare%3A6220535499002613760,2016-12-30 09:47:15,0,0 Comments
https://www.linkedin.com/feed/update/urn%3Ali%3Ashare%3A6214461638976860160,2016-12-13 15:31:53,4,1 Comment
https://www.linkedin.com/feed/update/urn%3Ali%3Ashare%3A6210457835449487360,2016-12-02 14:22:12,1,2 Comments
https://www.linkedin.com/feed/update/urn%3Ali%3Ashare%3A6210457476035383296,2016-12-02 14:20:47,0,0 Comments
https://www.linkedin.com/feed/update/urn%3Ali%3Ashare%3A6207787516817444864,2016-11-25 05:31:19,1,0 Comments
https://www.linkedin.com/feed/update/urn%3Ali%3Ashare%3A6199912401807216640,2016-11-03 11:58:25,1,0 Comments
https://www.linkedin.com/feed/update/urn%3Ali%3Ashare%3A6198754539340955648,2016-10-31 07:17:29,0,0 Comments
https://www.linkedin.com/feed/update/urn%3Ali%3Ashare%3A6195149533257785344,2016-10-21 08:32:29,0,0 Comments
https://www.linkedin.com/feed/update/urn%3Ali%3Ashare%3A6195149398545133568,2016-10-21 08:31:56,0,0 Comments
https://www.linkedin.com/feed/update/urn%3Ali%3Ashare%3A6172963086882955264,2016-08-21 03:11:28,0,0 Comments
https://www.linkedin.com/feed/update/urn%3Ali%3Ashare%3A6171313270448848896,2016-08-16 13:55:41,2,0 Comments
https://www.linkedin.com/feed/update/urn%3Ali%3Ashare%3A6049158394718285824,2015-09-14 11:55:49,0,0 Comments
