Date,Link,Message
2020-02-15 09:51:13,https://www.linkedin.com/feed/update/urn%3Ali%3Aactivity%3A6633959670044254209,I know it. But just 99% confidence. Wrote that comment for the other 1% type 1 error
2020-02-15 08:15:43,https://www.linkedin.com/feed/update/urn%3Ali%3Aactivity%3A6633959670044254209,Bharadvaj Nettem take it on a lighter note
2020-02-15 05:42:13,https://www.linkedin.com/feed/update/urn%3Ali%3Aactivity%3A6633959670044254209,Bharadvaj Nettem I respect data privacy ! Don’t wanna ask data of your ‘that girl’ to make my prediction accurate. Am not tinder 😂😂 . Go and solve it urself ! 😂😂
2020-02-15 00:20:27,https://www.linkedin.com/feed/update/urn%3Ali%3Aactivity%3A6633959670044254209,‘Insufficient data to predict’ 😂
2020-02-09 08:07:20,https://www.linkedin.com/feed/update/urn%3Ali%3Aactivity%3A6630771871975567360,Very simple ones. But works like charm 
2020-02-07 16:22:06,https://www.linkedin.com/feed/update/urn%3Ali%3Aactivity%3A6631579910085447681,Thanks Ken Jee  for the mention.
2020-02-03 04:56:05,https://www.linkedin.com/feed/update/urn%3Ali%3Aactivity%3A6629917071918673920,"Agreed 100%. Don’t learn from cheatsheets. 

A piece of advice I give to aspirants : 

But when you start learning from textbooks or videos, make a detailed notes of all points and 

When you revise everything for first time - make YOUR own cheatsheet and keep it safe. 

Every-time interview pops up, YOUR own cheatsheet comes handy to revise concepts fast."
2020-02-01 13:53:50,https://www.linkedin.com/feed/update/urn%3Ali%3AugcPost%3A6629276748620099584,Great Stuff. Interesting.
2020-01-30 15:00:46,https://www.linkedin.com/feed/update/urn%3Ali%3Aactivity%3A6628575804920033281,"Srivatsan Srinivasan am an amoeba in well then :) 
Anyways, learning a lot from your youtube channel."
2020-01-30 09:42:10,https://www.linkedin.com/feed/update/urn%3Ali%3Aactivity%3A6628575804920033281,"Making to your list itself makes me double happy. I am always in love with my profile. 

If at all, I dream of , I want knowledge of Srivatsan Srinivasan  or grace of your posts and comments Ankit Rathi"
2020-01-29 15:49:56,https://www.linkedin.com/feed/update/urn%3Ali%3Aactivity%3A6628287544947810304,Srivatsan Srinivasan  I had a friend who went to driving classes and wrote notes ! What to say ! Now don’t ask me gender of that friend.
2020-01-29 15:48:47,https://www.linkedin.com/feed/update/urn%3Ali%3Aactivity%3A6628287544947810304,"Very well said. To add - the activation function - ReLu and some other archiectural changes pulled neural networks to deep learning apart from hardware innovations. 

Similarly the first SVM related work came out in 1970’s. 

On any day, new techniques keep coming. But the ability to apply any technique to any problem - scalable or not , deployable or not - is most important !"
2020-01-29 11:30:45,https://www.linkedin.com/feed/update/urn%3Ali%3Aactivity%3A6628229468970409984,This is so deep. I think I can never understand this being single.  😂
2020-01-28 13:25:41,https://www.linkedin.com/feed/update/urn%3Ali%3Aactivity%3A6627781518045564928,Sure ..
2020-01-28 13:25:23,https://www.linkedin.com/feed/update/urn%3Ali%3Aactivity%3A6627781518045564928,Thanks sir
2020-01-28 06:27:35,https://www.linkedin.com/feed/update/urn%3Ali%3Aactivity%3A6627781518045564928,"Again, I don’t want to blame on professors or atleast,  don’t wanna blame my profs at NIT W. Its just they are taxed with a lot of duties including administrative responsibilities. 

More and more quality people should consider the professorship at premium institutes"
2020-01-25 04:46:15,https://www.linkedin.com/feed/update/urn%3Ali%3Aactivity%3A6626692170021724160,"I am also in that ‘I’ which repeated a lot of times. 

Bdw you aren’t a garden mower to be smooth and silky. When you teach, they stay. So I would say you are like a Oil rig driller which drills whatever comes in the way so need those pauses. 

I keep saying myself the above lines when some one says that I have ‘mother tongue’ influence, pronouncing issues etc."
2020-01-25 03:32:33,https://www.linkedin.com/feed/update/urn%3Ali%3Aactivity%3A6626497410078212096,Wish you the best buddy ! Coming from a humble background - you walked past a lot of hurdles ! You never gave up !! Let the success keep you more focussed.
2020-01-24 12:16:51,https://www.linkedin.com/feed/update/urn%3Ali%3Aactivity%3A6626325047692881920,Thanks Apoorva CR
2020-01-24 12:12:03,https://www.linkedin.com/feed/update/urn%3Ali%3Aactivity%3A6626325047692881920,Pinged you
2020-01-24 12:11:26,https://www.linkedin.com/feed/update/urn%3Ali%3Aactivity%3A6626325047692881920,Thanks Sam Alsroré
2020-01-18 02:56:56,https://www.linkedin.com/feed/update/urn%3Ali%3Aactivity%3A6623932069779243009,Srivatsan Srinivasan yes exactly
2020-01-18 02:45:17,https://www.linkedin.com/feed/update/urn%3Ali%3Aactivity%3A6623932069779243009,"Srivatsan Srinivasan  and one more thing, I want to unfollow a profile and all the profiles who keep on liking that profile posts repeatedly 😂😂

U know what I mean"
2020-01-17 16:01:11,https://www.linkedin.com/feed/update/urn%3Ali%3Aactivity%3A6623932069779243009,"If I accept some one connect, am by default following them. Unfollowing some one , bulk unfollow feature must be enabled."
2020-01-17 03:02:23,https://www.linkedin.com/feed/update/urn%3Ali%3Aactivity%3A6623591010784108544,"There is another major problem called neuroplasticity. The brain has connections and structure which change every moment and based on how we expose it to. No other DB has it. 

By continuously exposing to shallow work, distracted world from notifications to short media consumptions our cognitive capabilities are coming down day by day !! 

A serious matter of concern which I consider major problem"
2020-01-14 07:47:34,https://www.linkedin.com/feed/update/urn%3Ali%3Aactivity%3A6622698391564578816,Yes very true
2020-01-12 18:05:00,https://www.linkedin.com/feed/update/urn%3Ali%3Aactivity%3A6622147603020808192,Srivatsan Srinivasan Its tech way of marketing or marketing tech.
2020-01-12 17:31:10,https://www.linkedin.com/feed/update/urn%3Ali%3Aactivity%3A6622147603020808192,"To add few more, why is logistic classifier better than / different from linear classifier, 
, What makes log likelihood the best cost function foe logistic, the concept of residual deviance and a lot ! 
Logistic regression is a very beautiful concept ! 90 percent of people say logistic regression output is a class which is wrong. 

Precisely the logistic still forecasts a number just that its limited between 0-1 which we call it probability and further use it with a cutoff for a class !

As I always say if your foundations aren’t strong what good are you doing by studying advanced concepts."
2020-01-12 05:18:02,https://www.linkedin.com/feed/update/urn%3Ali%3Aactivity%3A6621979177472090112,Hi Amit     Always ready to come and talk. Please message me.
2020-01-12 04:59:50,https://www.linkedin.com/feed/update/urn%3Ali%3Aactivity%3A6621979177472090112,Its a day very close to my heart :)
2020-01-07 04:28:25,https://www.linkedin.com/feed/update/urn%3Ali%3Aactivity%3A6619641934065565696,"Hari Kantipudi As far as I understand the status - he is specifically pointing out to a 2-3 institutes which showcase PhD professors to bait students. He is not generalizing for PhD's of world . He is pointing at few who are leveraging that particular degree to fleece innocent without actually providing value. 

The conclusion boils down from the 8 hours video - i hope you haven't see in it. These people to justify the money they charge teach a lot of unnecessary, irrelevant concepts while safely putting less focus and making easier concepts more complex on. Author's criticism originates from here. suresh correct me. 

And finally, it makes me smile when you say Linkedin isn't for marketing. Every one does it here . Your profile showcases/markets your skills, HR markets job openings, product owners showcase products, comedians market jokes and even spirituality is being marketed here. I believe Li hasn't kept any terms - NOT to market and this a professional social place and marketing is fundamental to sustenance of business which is fundamental purpose of LinkedIn ! 

I am not writing here because suresh endorsed me here. I myself have created a lot of free courses and shared knowledge"
2020-01-06 03:02:27,https://www.linkedin.com/feed/update/urn%3Ali%3Aactivity%3A6619641934065565696,"Hi Suresh
  Thank you for the mention. Also, your slides shared long back are well organized especially conditional probability slides. Keep adding value :)"
2020-01-05 17:11:25,https://www.linkedin.com/feed/update/urn%3Ali%3AugcPost%3A6619595030564868096,"Srivatsan Srinivasan The only DB I remember very well is not SQL , not Mongo but DBC ( guess it ). Now this DBA (death by appreciation) is new addition. 

Stats may not work always. But a true statistician will work ! Always !!I see that above. 

To conclude - you are not normal 😂."
2020-01-05 15:27:43,https://www.linkedin.com/feed/update/urn%3Ali%3AugcPost%3A6619595030564868096,A soldier may win or looseBut a diplomat will always win ! You are like a diplomat. Always put a balanced view - no extremes. Very realistic and real stuff ! And you gracefully disagree and immensely value others opinions. Who can dislike you ??
2020-01-03 15:40:25,https://www.linkedin.com/feed/update/urn%3Ali%3Aactivity%3A6618886553689251840,"A decision tree, a parse tree and a binary search tree has ONLY tree in common. Nothing else ! 

Just because you can build BS tree, you cannot build/enjoy building other kind of trees !  

Resonates well with me. Gist from a post a few days back !!"
2020-01-03 06:57:56,https://www.linkedin.com/feed/update/urn%3Ali%3Aactivity%3A6618714551020019712,Inferring from your pic and work: wear a smile on your face by enjoying simplest happinesses in life !
2020-01-02 17:17:20,https://www.linkedin.com/feed/update/urn%3Ali%3Aactivity%3A6618367138585509888,Only an entrepreneur can write this !! Let’s catchup for coffee sometime
2020-01-02 13:55:46,https://www.linkedin.com/feed/update/urn%3Ali%3Aactivity%3A6618367138585509888,Srivatsan Srinivasan Mom showed moon firstMusk is showing Mars nowWhat's next !! ??!! 
2020-01-02 13:21:51,https://www.linkedin.com/feed/update/urn%3Ali%3Aactivity%3A6618367138585509888,Thats why I aim at Moon ! No fire by the time it reaches target !
2020-01-02 12:39:14,https://www.linkedin.com/feed/update/urn%3Ali%3Aactivity%3A6618367138585509888,"Ha ha. Good one as always. You get a different perspective every time. My adive would be -
1. You cannot run, forget win , without putting your skin in the game. 
2. Have a fair understanding of the pain - when the skin gets peeled or burnt :P"
2020-01-02 08:18:02,https://www.linkedin.com/feed/update/urn%3Ali%3Aactivity%3A6618367138585509888,"Ha ha. The wishes, the emojis and nickname - only you can use me !! 
Affection from a good school friendship. Can sense it"
2020-01-02 07:46:26,https://www.linkedin.com/feed/update/urn%3Ali%3Aactivity%3A6618367138585509888,Thanks Rupesh. Glad to have you in class and learn together !
2020-01-02 07:45:53,https://www.linkedin.com/feed/update/urn%3Ali%3Aactivity%3A6618367138585509888,Thank you Sheetal. I achieved it finally in last two months. !!
2020-01-02 05:47:47,https://www.linkedin.com/feed/update/urn%3Ali%3Aactivity%3A6618367138585509888,Saikumar Allaka We can talk ! Sorry for no reply. But NO to 3-5 hours of sleep/hatha yoga. I have enough of things pending to implement !
2020-01-02 05:30:07,https://www.linkedin.com/feed/update/urn%3Ali%3Aactivity%3A6618367138585509888,Yes yes. Learnt it enough over and again. Last 6 months have been good though
2020-01-02 05:20:54,https://www.linkedin.com/feed/update/urn%3Ali%3Aactivity%3A6618367138585509888,Thanks you Apoorva CR. Wish you the same !
2020-01-01 01:11:39,https://www.linkedin.com/feed/update/urn%3Ali%3Aactivity%3A6616192812671164416,"Thanks Abhishek and Rishi, will seek an advise professionally and proceed. Thank for reminding."
2019-12-31 09:13:54,https://www.linkedin.com/feed/update/urn%3Ali%3Aactivity%3A6617656933019156483,Siddartha Rayapudi
2019-12-31 03:22:11,https://www.linkedin.com/feed/update/urn%3Ali%3AugcPost%3A6615843958780198912,Thanks a lot for kind words.
2019-12-30 06:58:25,https://www.linkedin.com/feed/update/urn%3Ali%3Aactivity%3A6617279294806818816,Will send details shortl
2019-12-30 06:58:12,https://www.linkedin.com/feed/update/urn%3Ali%3Aactivity%3A6617279294806818816,Online. I have you on my list now .
2019-12-30 05:10:13,https://www.linkedin.com/feed/update/urn%3Ali%3Aactivity%3A6617279294806818816,Haripriya Salapaka  Sam Alsroré  Preksha Kaparwan Suresh Amara 
2019-12-30 02:24:43,https://www.linkedin.com/feed/update/urn%3Ali%3Aactivity%3A6616991112521449472,"Very well analyzed. It won't be a big deal to have Human moderators as well. Any social media algorithm cannot take away human moderation completely to 0. 
By looking at top 1% percentile of post or high frequency, high influence posts, I don't think its too hard to pick and verify this kind of posts. 
Li isn't a baby like in 2008 now. It has to realize that has grown up. But wonderful analysis with a screenshot as well. "
2019-12-29 16:25:20,https://www.linkedin.com/feed/update/urn%3Ali%3Aactivity%3A6617079326166876160,Looking forward to connect with following ‘interested’‘Interested’ ‘+1’‘Count me in’
2019-12-29 15:49:29,https://www.linkedin.com/feed/update/urn%3Ali%3Aactivity%3A6616991112521449472,😂😂😂
2019-12-29 13:20:53,https://www.linkedin.com/feed/update/urn%3Ali%3Aactivity%3A6616991112521449472,If at all you read books - I recommend ‘The shallows’. You will love it
2019-12-28 14:05:23,https://www.linkedin.com/feed/update/urn%3Ali%3Aactivity%3A6616684831411703808,I believe the penalising external links is strategy so that everyone keeps content inside Linkedin. But the downsides are - Li content has very little traction on search engines. From a networking platform to content platform is what they wanted to move but in process they are missing out crucial things. Li should actually moderate such most common misused posts and ban them and stop penalising external links.
2019-12-27 14:17:25,https://www.linkedin.com/feed/update/urn%3Ali%3Aactivity%3A6616192812671164416,ha ha Sure !! Short reply !Expected an author in you on comment !!
2019-12-27 14:12:33,https://www.linkedin.com/feed/update/urn%3Ali%3Aactivity%3A6616192812671164416,Preksha Kaparwan Thank you !!
2019-12-27 14:12:07,https://www.linkedin.com/feed/update/urn%3Ali%3Aactivity%3A6616192812671164416,Hi Sherry. Let's connect. Pls accept invite
2019-12-27 05:16:41,https://www.linkedin.com/feed/update/urn%3Ali%3Aactivity%3A6616192812671164416,Sure
2019-12-27 01:44:55,https://www.linkedin.com/feed/update/urn%3Ali%3AugcPost%3A6615843958780198912,Sure yogitha
2019-12-26 16:23:43,https://www.linkedin.com/feed/update/urn%3Ali%3AugcPost%3A6615843958780198912,Thank you. Means a lot !!
2019-12-26 15:13:56,https://www.linkedin.com/feed/update/urn%3Ali%3AugcPost%3A6615843958780198912,Thank you Dattatray Nale
2019-12-26 11:35:16,https://www.linkedin.com/feed/update/urn%3Ali%3Aactivity%3A6614360691799359488,Waiting for the live classes to be complete.
2019-12-26 11:33:41,https://www.linkedin.com/feed/update/urn%3Ali%3Aactivity%3A6614360691799359488,And you observe very deeply
2019-12-26 11:10:53,https://www.linkedin.com/feed/update/urn%3Ali%3AugcPost%3A6615843958780198912,Let’s connect on messaging
2019-12-26 09:46:19,https://www.linkedin.com/feed/update/urn%3Ali%3AugcPost%3A6615843958780198912,Minal Gupta  thanks much !!
2019-12-26 09:45:41,https://www.linkedin.com/feed/update/urn%3Ali%3AugcPost%3A6615843958780198912,Thank you Kavitha Rao
2019-12-26 09:45:03,https://www.linkedin.com/feed/update/urn%3Ali%3AugcPost%3A6615843958780198912,Vivek Abdulla  thanks vivek. Glad you found it helpful
2019-12-26 09:44:32,https://www.linkedin.com/feed/update/urn%3Ali%3AugcPost%3A6615843958780198912,Dr. Nisha Arora  sure. Thanks a lot
2019-12-26 09:43:55,https://www.linkedin.com/feed/update/urn%3Ali%3AugcPost%3A6615843958780198912,Sasmita Patra  this means a lot. More power to you to acheive your dreams as well
2019-12-26 09:42:31,https://www.linkedin.com/feed/update/urn%3Ali%3AugcPost%3A6615843958780198912,Preksha Kaparwan  the first inspiration was you. A long way to go !
2019-12-26 08:02:29,https://www.linkedin.com/feed/update/urn%3Ali%3AugcPost%3A6615843958780198912,We gotta meet soon !
2019-12-26 07:07:27,https://www.linkedin.com/feed/update/urn%3Ali%3AugcPost%3A6615843958780198912,Anamika Dewangan Thanks a lot. Soon  will talk about DS for personal finance as well !! May be we should talk together :)
2019-12-26 07:06:12,https://www.linkedin.com/feed/update/urn%3Ali%3AugcPost%3A6615843958780198912,True !!
2019-12-26 06:42:47,https://www.linkedin.com/feed/update/urn%3Ali%3AugcPost%3A6615843958780198912,Thanks Jitender. 
2019-12-26 06:40:16,https://www.linkedin.com/feed/update/urn%3Ali%3AugcPost%3A6615843958780198912,Pratibha Sahoo Thank you :)
2019-12-26 06:39:11,https://www.linkedin.com/feed/update/urn%3Ali%3AugcPost%3A6615843958780198912,Vatsal Y.Thank you Vatsal
2019-12-26 06:38:57,https://www.linkedin.com/feed/update/urn%3Ali%3AugcPost%3A6615843958780198912,Ashish Hirendra ShuklaThank you. Will share more. 
2019-12-26 06:38:30,https://www.linkedin.com/feed/update/urn%3Ali%3AugcPost%3A6615843958780198912,"Rohit Swami That's the point right !! Mastery is about implementation. Not about fit, predict. "
2019-12-26 06:37:50,https://www.linkedin.com/feed/update/urn%3Ali%3AugcPost%3A6615843958780198912,Sarthak Gupta Thanks a lot. 
2019-12-26 06:37:29,https://www.linkedin.com/feed/update/urn%3Ali%3AugcPost%3A6615843958780198912,Waiting to see you in real since long :P . Ek appointment dee dhoo Saneesh jii !!
2019-12-26 06:21:22,https://www.linkedin.com/feed/update/urn%3Ali%3AugcPost%3A6615843958780198912,Thanks a lot partha
2019-12-26 06:08:56,https://www.linkedin.com/feed/update/urn%3Ali%3AugcPost%3A6615843958780198912,Thank you
2019-12-26 03:06:27,https://www.linkedin.com/feed/update/urn%3Ali%3Aactivity%3A6610760874711977984,End to End Data Science Live classes taught by me
2019-12-24 17:58:27,https://www.linkedin.com/feed/update/urn%3Ali%3Aactivity%3A6615088985750499328,Vidhya Chandrasekaran  it’s a privilege when seniors of industry spend time for classes at Supervisedlearning.com Nothing motivates us more. Thanks a lot for mention. Hope a great mutual learning going forwardSiddartha Rayapudi
2019-12-24 14:34:20,https://www.linkedin.com/feed/update/urn%3Ali%3Aactivity%3A6615192781214310400,Siva Nandhalahari Nistala source code will not be shared. We used tableau as well as python. Data can be found on Ministry of Statistics website
2019-12-24 14:32:58,https://www.linkedin.com/feed/update/urn%3Ali%3Aactivity%3A6615192781214310400,"I think I didn’t tag BJP. I just tagged our Prime Minister who is brain child behind the project. I didn’t ask anyone to vote as well to Modi. Kindly don’t make such loose comments which undermines both of our work 

I am a person who appreciates good ! Am not endorsing the person. I am endorsing his vision behind it and achievement. This isn’t a small achievement. For 60 years, no one ever dared to dream of doing this."
2019-12-24 13:54:48,https://www.linkedin.com/feed/update/urn%3Ali%3Aactivity%3A6615192781214310400,"Abhijit Deka Is there any problem in searching for Ministry of statistics website ? Its all there. I am on mobile and travelling , hence I named the ministry. 

Give me time, when I come on website, will share the link to it. Bdw if you don’t trust government, can you really trust Government data ?"
2019-12-24 12:13:51,https://www.linkedin.com/feed/update/urn%3Ali%3Aactivity%3A6615192781214310400,All data taken from Ministry if Statistics website
2019-12-24 11:04:10,https://www.linkedin.com/feed/update/urn%3Ali%3Aactivity%3A6614864275611713536,Their mimicked versions exist on computer circuits
2019-12-24 04:18:24,https://www.linkedin.com/feed/update/urn%3Ali%3Aactivity%3A6615075061294600192,"On lighter note, Am studying my 8th standard then when you entered Li. Thats reason I call you guru. 
But I can recall only the growth of Chinese Bamboo spreading roots for 4 years only to grow 1 feet a day in 5 th year. 
For 15 years, you built a rock solid experience. I never saw a person on a Li with your level of quality posts."
2019-12-23 13:01:05,https://www.linkedin.com/feed/update/urn%3Ali%3Aactivity%3A6614360691799359488,Its deep work rather than deep learning
2019-12-23 12:41:42,https://www.linkedin.com/feed/update/urn%3Ali%3Aactivity%3A6614734395901349888,"Neither do I approve. If given chance, I have harsher words. But the entire episode is a life lesson for everyone who can think of faking to make money !"
2019-12-23 09:47:38,https://www.linkedin.com/feed/update/urn%3Ali%3Aactivity%3A6614749710248960000,Siddartha Rayapudi
2019-12-22 13:41:10,https://www.linkedin.com/feed/update/urn%3Ali%3Aactivity%3A6614360691799359488,Well said ! So true.
2019-12-22 08:18:06,https://www.linkedin.com/feed/update/urn%3Ali%3Aactivity%3A6614426092713410560,Thanks for reshare
2019-12-22 06:55:31,https://www.linkedin.com/feed/update/urn%3Ali%3Aactivity%3A6614360691799359488,First 6 months - testing the ingredients only . !! Okay ? :P
2019-12-22 06:34:05,https://www.linkedin.com/feed/update/urn%3Ali%3Aactivity%3A6614360691799359488,Yeah. The minima is always deep.
2019-12-22 04:17:46,https://www.linkedin.com/feed/update/urn%3Ali%3Aactivity%3A6614360691799359488,I cook for my employees as well. Feel free to email me your resume 😜
2019-12-21 15:57:25,https://www.linkedin.com/feed/update/urn%3Ali%3Aactivity%3A6614089986226606080,We have said NO to more than 5 people to join our End to End DS course in last batch. I won't say I am super proud about saying NO. I would say I am proud because Money couldn't deter me from compromising on quality by scaling beyond capacity. 
2019-12-21 15:46:41,https://www.linkedin.com/feed/update/urn%3Ali%3Aactivity%3A6613993676953751552,Hands on ML with SciKit Learn by Orielly
2019-12-21 11:54:06,https://www.linkedin.com/feed/update/urn%3Ali%3Aactivity%3A6614050154054025216,"Absolutely true. For all aspirants, I always recommend teaching to learn better. 
The super most form of learning is through teaching and hence I prefer to be a super learner"
2019-12-21 10:13:32,https://www.linkedin.com/feed/update/urn%3Ali%3Aactivity%3A6614032004000428032,Kuldeep Singh PM. Will talk :)
2019-12-21 10:13:01,https://www.linkedin.com/feed/update/urn%3Ali%3Aactivity%3A6614032004000428032,Wacom One is my fav. Using since 2.5 years. Made me a better teacher !
2019-12-21 06:24:34,https://www.linkedin.com/feed/update/urn%3Ali%3Aactivity%3A6613993676953751552,Thanks Balaji
2019-12-21 06:24:25,https://www.linkedin.com/feed/update/urn%3Ali%3Aactivity%3A6613993676953751552,Glad you liked it !!
2019-12-21 06:22:23,https://www.linkedin.com/feed/update/urn%3Ali%3Aactivity%3A6614032004000428032,Lovely. An investment towards quality content is always worth. I too cherish such investments. My students always love it. As I am into live classes - my setup is different slightly
2019-12-21 05:35:40,https://www.linkedin.com/feed/update/urn%3Ali%3Aactivity%3A6613993676953751552,"Okay. Take the essence in 9-5,5-9 analogy ! Not exact sense. I really wish and pray that those who work 9-9 get rid out of non sense soon !!"
2019-12-21 05:19:19,https://www.linkedin.com/feed/update/urn%3Ali%3Aactivity%3A6613993676953751552,And when it works !! Its tons of love !!
2019-12-21 04:28:05,https://www.linkedin.com/feed/update/urn%3Ali%3Aactivity%3A6613993676953751552,Jawad Shaik true. 9-5 makes you tired to work for 5-9. Never independent !!
2019-12-21 04:10:44,https://www.linkedin.com/feed/update/urn%3Ali%3Aactivity%3A6613993676953751552,Am not talking about growth !! I was talking about what makes you !! 9-5 definitely isn't done solely for you. It's done for some one. 
2019-12-20 16:47:47,https://www.linkedin.com/feed/update/urn%3Ali%3Aactivity%3A6613827451158130688,Thank you Rohit !!
2019-12-20 15:26:49,https://www.linkedin.com/feed/update/urn%3Ali%3Aactivity%3A6613780821507739648,Wow. This means every company is deploying models. ? Really ? Isn’t the sample or population of companies interviewed skewed ? And what jf the software engineers are give role of Data Scientists ? I agree with Data Scientist should have decent idea of pipelining and code should adhere to practises of industry. This particular viz is surprisingly doubtful
2019-12-20 07:40:19,https://www.linkedin.com/feed/update/urn%3Ali%3Aactivity%3A6613641100404101120,"Hey .. 
   What are you talking ?? :P As far as I know, when you have a lot of money, people - you create a problem and then solve it right ?
   They have created the problem just now !! They will solve it na. Wait for it :P

With loads of Sarcasm
Prudhvi "
2019-12-19 04:38:49,https://www.linkedin.com/feed/update/urn%3Ali%3Aactivity%3A6613280382211190784,"Earn, save, invest and create !! 
Put your time in two of them and 
Money in two others ! 
Review, Optimise, iterate !!"
2019-12-19 04:04:28,https://www.linkedin.com/feed/update/urn%3Ali%3Aactivity%3A6613260913506119681,Very well said !!
2019-12-18 12:03:17,https://www.linkedin.com/feed/update/urn%3Ali%3Aactivity%3A6608607257485733888,"You didn’t read the status with attention. After 7 hours into the process they told me. Had it been in first few minutes they told , then I would agree its a mistake and common operational issue
Now they do this after 7 hours of wasting some one time - And all I can say is its a blunder and ruthless to do so."
2019-12-18 06:01:52,https://www.linkedin.com/feed/update/urn%3Ali%3Aactivity%3A6610878655512047617,Your third point is awesome
2019-12-18 05:30:00,https://www.linkedin.com/feed/update/urn%3Ali%3Aactivity%3A6612930702348517376,Search Linkedin SSI
2019-12-18 01:46:53,https://www.linkedin.com/feed/update/urn%3Ali%3Aactivity%3A6609816255643906048,"Oh yea. I am right alive during those 10 lakh crore scams - 2g , cwg, coal gate names go on"
2019-12-17 14:32:34,https://www.linkedin.com/feed/update/urn%3Ali%3Aactivity%3A6610878655512047617,I want to do a 1000 likes for this post. Its on cards.
2019-12-17 04:42:50,https://www.linkedin.com/feed/update/urn%3Ali%3Aactivity%3A6612360073270386688,"Sam Alsroré when your wife gives attention when you grab, then ‘husband and god’ 🤣😂"
2019-12-17 03:38:14,https://www.linkedin.com/feed/update/urn%3Ali%3Aactivity%3A6612360073270386688,"If you keep away target variable, everything is unsupervised. From the EDA, I understood yhat particular data forms into 4 distinct cluster which was not a feature at all. When I was doing bivariate analysis, I understood the above insight. 

So, I removed my target, used all features to cluster and made labels as one more feature and now proceeded towards regression.

Prefixes doesn’t make learning ‘great’ or worse. Unsupervised isn’t bad at all when combined with ‘supervised’ 😜"
2019-12-16 17:39:17,https://www.linkedin.com/feed/update/urn%3Ali%3Aactivity%3A6612360073270386688,I would be glad if you can review our course and write about it !
2019-12-16 17:38:33,https://www.linkedin.com/feed/update/urn%3Ali%3Aactivity%3A6612360073270386688,Your title ‘husband’ makes a lot of sense now. You know how to grab attention 😂😂
2019-12-16 17:34:21,https://www.linkedin.com/feed/update/urn%3Ali%3Aactivity%3A6612308439379083264,Harsh Vardhan Lahiri mm.. ‘are you up’ is a popular multi word expression which can be easily detectable by algorithms due to lesser probability of internal inflections !! Deeply engrossed in updating myself everyday ! Hope you understood that this is my proposal. Send your proposal to my colleague Siddartha Rayapudi
2019-12-16 16:16:51,https://www.linkedin.com/feed/update/urn%3Ali%3Aactivity%3A6612346201138429952,Srivatsan Srinivasan so its ensemble of grandmasters !! 😜
2019-12-16 15:59:42,https://www.linkedin.com/feed/update/urn%3Ali%3Aactivity%3A6612346201138429952,Srivatsan Srinivasan  let me autocomplete ur last line Trying to get into leaderboard and prove and see. One famous AutoML company hires a lot kaggle grandmasters. Whats your say ?Correlation- random or causative ?
2019-12-16 15:29:42,https://www.linkedin.com/feed/update/urn%3Ali%3Aactivity%3A6611874075243573248,"In no way, am discouraging them. Its just a check point - not be very very happy about ‘achievement’ when its not a big one"
2019-12-16 15:28:20,https://www.linkedin.com/feed/update/urn%3Ali%3Aactivity%3A6612346201138429952,"Yes. Kaggle is a great source to learn. Here are ways. 
1. People often think its just a competition and look for scores. But I noticed many dont spend time on looking at other kernels. There is a lot to learn from others codes and approaches
2. Even discussing on kernels is mostly ignored. I personally learnt a lot through those kernel discussion posts.
3. Its not always highest score or higest voted - I myself changed target variables and used data for purposes other than the competion asked for - this helped me make business sense out of data. For example some of the conspiracy theories of titanic can be tested on titanic data rather than just survival predictions. 
4 People sharing datasets is a great resource. 
5 kaggle beginner tutorials and educative content is very good. 

Learning on Kaggle saturates at a point. So pipelines, writing scratch level algorithms, other domains like - nlp,cv etc are missing. 
In fact, if you posses only ‘kaggle’ skills, auto Ml will overtake you soon !!"
2019-12-16 12:20:44,https://www.linkedin.com/feed/update/urn%3Ali%3Aactivity%3A6610760874711977984,Thats a litmus test. If the institute doesn't give you contact of previous students easily - then they are hiding something. 
2019-12-16 07:06:35,https://www.linkedin.com/feed/update/urn%3Ali%3Aactivity%3A6612166006624387072,"If compute is small, do we really need edge TPU or simpler models ? 
How viable is the costs in producing edge TPU when compared to simple models"
2019-12-15 10:23:39,https://www.linkedin.com/feed/update/urn%3Ali%3Aactivity%3A6610878655512047617,And they end up getting a Ravana.. donno about heads
2019-12-15 10:23:12,https://www.linkedin.com/feed/update/urn%3Ali%3Aactivity%3A6610878655512047617,Wishlist 😂
2019-12-13 04:24:31,https://www.linkedin.com/feed/update/urn%3Ali%3Aactivity%3A6610878655512047617,I didnt move your finish line though 🤣
2019-12-12 12:32:14,https://www.linkedin.com/feed/update/urn%3Ali%3Aactivity%3A6609816255643906048,Exactly my point. But people are more interested on arguing about my assumptions
2019-12-12 05:29:15,https://www.linkedin.com/feed/update/urn%3Ali%3Aactivity%3A6610760874711977984,Ankit Rathi Srivatsan Srinivasan you can use the template... suggest any changes....
2019-12-12 03:44:56,https://www.linkedin.com/feed/update/urn%3Ali%3Aactivity%3A6610363486914609152,Very true ! Nothing beats the pleasure of savouring slowly !
2019-12-12 01:40:29,https://www.linkedin.com/feed/update/urn%3Ali%3Aactivity%3A6610363486914609152,Sure Achyuth Pydimarri Thanks for referring
2019-12-11 05:21:51,https://www.linkedin.com/feed/update/urn%3Ali%3Aactivity%3A6610363486914609152,The wisdom through highlights are embedded into concepts and delivered in my classes. Feel free to join one !!
2019-12-11 04:50:34,https://www.linkedin.com/feed/update/urn%3Ali%3Aactivity%3A6610363486914609152,Yea. Am done with first edition for over five times. Second edition print copy is waiting !!
2019-12-11 03:34:21,https://www.linkedin.com/feed/update/urn%3Ali%3Aactivity%3A6610363486914609152,Thats how humble you are ! You’ve done a lot !
2019-12-11 03:20:15,https://www.linkedin.com/feed/update/urn%3Ali%3Aactivity%3A6610363486914609152,There are such lines in every page. From moore law to flynn’s effect. From gutenburg printing press to internet revolution... its awesome to indulge. And last chapter discussion on ELIZA will be too relevant to your business as well !!
2019-12-11 03:09:42,https://www.linkedin.com/feed/update/urn%3Ali%3Aactivity%3A6610363486914609152,Keen to know the list
2019-12-11 02:11:51,https://www.linkedin.com/feed/update/urn%3Ali%3Aactivity%3A6609816255643906048,Agree with you calculations though its a guessestimate. Still the point remains the same. Wasting time discussing of thing which doesnt change
2019-12-10 16:43:17,https://www.linkedin.com/feed/update/urn%3Ali%3Aactivity%3A6609816255643906048,Spending time on Social media on Onion prices is not the way to hold someone accountable
2019-12-10 11:22:54,https://www.linkedin.com/feed/update/urn%3Ali%3Aactivity%3A6610068428566953984,Do you think - they really erase ?
2019-12-10 11:21:54,https://www.linkedin.com/feed/update/urn%3Ali%3Aactivity%3A6610097372364148736,Thanks for pointing out. Stuck 
2019-12-10 11:03:51,https://www.linkedin.com/feed/update/urn%3Ali%3Aactivity%3A6610105466288738304,Thanks Sunil
2019-12-10 11:03:45,https://www.linkedin.com/feed/update/urn%3Ali%3Aactivity%3A6610105466288738304,Thanks Rishabh
2019-12-10 09:37:14,https://www.linkedin.com/feed/update/urn%3Ali%3Aactivity%3A6609768695512293376,Ipsa Arora
2019-12-10 09:32:42,https://www.linkedin.com/feed/update/urn%3Ali%3Aactivity%3A6610097372364148736,Am still stuck with classics.
2019-12-10 07:52:29,https://www.linkedin.com/feed/update/urn%3Ali%3Aactivity%3A6609816255643906048,Lets say you are making 100 an hour. You will be wasting 4 times more time. Still the point is same right ?
2019-12-10 07:01:50,https://www.linkedin.com/feed/update/urn%3Ali%3Aactivity%3A6609816255643906048,Preksha Kaparwan am still lost 😂 .. that means i have arrived...#scatteredthoughts
2019-12-10 05:29:57,https://www.linkedin.com/feed/update/urn%3Ali%3Aactivity%3A6609816255643906048,Ha ha. More subtle ways have become too subtle.
2019-12-09 17:25:37,https://www.linkedin.com/feed/update/urn%3Ali%3Aactivity%3A6609816255643906048,Whatever the point is - we discussing on social media doesnt change the price
2019-12-09 17:22:06,https://www.linkedin.com/feed/update/urn%3Ali%3Aactivity%3A6609816255643906048,Ha ha. Let it be the last time !
2019-12-09 16:16:33,https://www.linkedin.com/feed/update/urn%3Ali%3Aactivity%3A6609816255643906048,Calculation and content creation is my job !! 
2019-12-09 15:36:30,https://www.linkedin.com/feed/update/urn%3Ali%3Aactivity%3A6609816255643906048,"Srivatsan Srinivasan I knew this will come. At the end if the day, everything is a scatter plot for me. Thoughts or data 😂"
2019-12-09 15:35:20,https://www.linkedin.com/feed/update/urn%3Ali%3Aactivity%3A6609816255643906048,Well.. come other data may be ??
2019-12-09 15:35:07,https://www.linkedin.com/feed/update/urn%3Ali%3Aactivity%3A6609816255643906048,Lol
2019-12-09 15:34:43,https://www.linkedin.com/feed/update/urn%3Ali%3Aactivity%3A6609816255643906048,Okay.. Average number of applications per hour ?
2019-12-09 15:34:17,https://www.linkedin.com/feed/update/urn%3Ali%3Aactivity%3A6609816255643906048,Still the price is same 😂😂
2019-12-09 15:33:40,https://www.linkedin.com/feed/update/urn%3Ali%3Aactivity%3A6609816255643906048,Finally some one understood deeper insight... sorry deep inside
2019-12-09 12:31:33,https://www.linkedin.com/feed/update/urn%3Ali%3AugcPost%3A6609651296389689344,Srivatsan Srinivasan but the world appreciates high variance stuff more than low bias stuff :P
2019-12-09 07:07:37,https://www.linkedin.com/feed/update/urn%3Ali%3AugcPost%3A6609663530545352704,Privacy is a myth. Gotta teach them from school.
2019-12-09 07:04:49,https://www.linkedin.com/feed/update/urn%3Ali%3Aactivity%3A6609662132873191424,Agree with it. Data Science can be a primary skill with Data Engineering can be less prominent secondary skill. 
2019-12-09 05:36:43,https://www.linkedin.com/feed/update/urn%3Ali%3Aactivity%3A6608991343584874496,"I have heard about Julia. One thing people expect in Python is speed on par with C. When you deploy at scale, latency is a major concern. 
I feel there is long way to go for Julia for industry, academia to adapt"
2019-12-09 05:34:28,https://www.linkedin.com/feed/update/urn%3Ali%3AugcPost%3A6609651296389689344,Time to follow you Srivatsan Srinivasan and Ankit Rathi in diversifying the content !! Am still struck with scatter plot 😂
2019-12-09 04:52:40,https://www.linkedin.com/feed/update/urn%3Ali%3Aactivity%3A6604959656647454720,Thank you
2019-12-08 15:55:24,https://www.linkedin.com/feed/update/urn%3Ali%3Aactivity%3A6608607257485733888,Thats why this status
2019-12-08 15:36:44,https://www.linkedin.com/feed/update/urn%3Ali%3Aactivity%3A6608574488999194624,"If they figure out both anatomy and physiology, then they are a godly !!"
2019-12-06 18:05:14,https://www.linkedin.com/feed/update/urn%3Ali%3Aactivity%3A6608607257485733888,Well said !!
2019-12-06 08:16:42,https://www.linkedin.com/feed/update/urn%3Ali%3Aactivity%3A6608607257485733888,I will write on this some day.
2019-12-06 07:51:03,https://www.linkedin.com/feed/update/urn%3Ali%3Aactivity%3A6608609009903689728,I follow this. I read the books I have read. Deep work - done reading 4 times
2019-12-06 07:49:49,https://www.linkedin.com/feed/update/urn%3Ali%3Aactivity%3A6608609009903689728,Preksha Kaparwan Daniel Kahneman
2019-12-06 07:36:55,https://www.linkedin.com/feed/update/urn%3Ali%3Aactivity%3A6608607257485733888,I would have asked them linear optimisation or simplex method.
2019-12-06 07:35:52,https://www.linkedin.com/feed/update/urn%3Ali%3Aactivity%3A6608609009903689728,Thinking Fast and slow - it's Nobel winning book on behavioral Economics. Suits you well. Not very straight forward. But lifetime wisdom
2019-12-06 07:13:25,https://www.linkedin.com/feed/update/urn%3Ali%3Aactivity%3A6608607257485733888,What if he is Co founder as well ??And my point is companies grow when their hiring process is robust. I hope ‘staying humble’ isnt a phrase targeting me
2019-12-06 07:06:40,https://www.linkedin.com/feed/update/urn%3Ali%3Aactivity%3A6608607257485733888,And believe me it was first and Mongo Db wasnt in job description
2019-12-05 03:36:28,https://www.linkedin.com/feed/update/urn%3Ali%3Aactivity%3A6607881389394223104,Very true !! When are you visiting ?
2019-12-05 03:36:06,https://www.linkedin.com/feed/update/urn%3Ali%3Aactivity%3A6607881389394223104,Very true :)
2019-12-04 11:54:15,https://www.linkedin.com/feed/update/urn%3Ali%3Aactivity%3A6607881389394223104,Thank you so much Preksha Kaparwan
2019-12-04 10:00:04,https://www.linkedin.com/feed/update/urn%3Ali%3Aactivity%3A6607881389394223104,Thank you Rajan :)
2019-12-04 09:59:54,https://www.linkedin.com/feed/update/urn%3Ali%3Aactivity%3A6607881389394223104,Thank you
2019-12-04 09:04:41,https://www.linkedin.com/feed/update/urn%3Ali%3Aactivity%3A6607881389394223104,Ha ha.. I will train you for computer vision engineer role :)
2019-12-04 07:19:59,https://www.linkedin.com/feed/update/urn%3Ali%3Aactivity%3A6607723543042056192,"Bro
  Can you write cost of cup coffee, one hour parking fee at the place he will work and flat 45% off (taxes) offer as well 
  Then 1.4 crore makes sense"
2019-12-03 12:02:05,https://www.linkedin.com/feed/update/urn%3Ali%3Aactivity%3A6607488726006366208,Pls don't regret. Am not retiring neither you
2019-12-03 10:13:56,https://www.linkedin.com/feed/update/urn%3Ali%3Aactivity%3A6607488726006366208,Why not ! Yes. I feel same.
2019-12-03 09:27:27,https://www.linkedin.com/feed/update/urn%3Ali%3Aactivity%3A6607548084643827712,Saraswathi M
2019-12-03 04:41:53,https://www.linkedin.com/feed/update/urn%3Ali%3Aactivity%3A6607481928251727872,Vidya Kurada  I meant we had a 1-1 discussion on your resume right ?
2019-12-03 04:34:51,https://www.linkedin.com/feed/update/urn%3Ali%3Aactivity%3A6607481928251727872,I shared already right ?
2019-12-03 00:36:53,https://www.linkedin.com/feed/update/urn%3Ali%3Aactivity%3A6607114990975574016,Very true
2019-12-02 15:36:56,https://www.linkedin.com/feed/update/urn%3Ali%3Aactivity%3A6607114990975574016,This is what JIO did in 2016. Everyone started consuming and got addicted to data. Now they increased price by 40%
2019-12-02 15:34:58,https://www.linkedin.com/feed/update/urn%3Ali%3Aactivity%3A6607275774162636800,I teach statsmodels OLS even before sklearnSklearn doesnt return p values and a lot of analysis.
2019-12-02 11:32:36,https://www.linkedin.com/feed/update/urn%3Ali%3Aactivity%3A6606488950188146688,Its a bit confusing. Boosting is a sequential process. I am quite sure parallelisation can be implemented with some innovative approaches but am not sure how they implemented. Give me source so I can help
2019-12-01 06:53:07,https://www.linkedin.com/feed/update/urn%3Ali%3Aactivity%3A6606726940969787392,Do you think google will still not 'use' the data even after we pay ?
2019-11-30 09:45:10,https://www.linkedin.com/feed/update/urn%3Ali%3Aactivity%3A6605502230613282816,Yes. Definitely nothing offensive against you as well. Views can be different. May be you could have kept in more subtle way
2019-11-29 03:36:28,https://www.linkedin.com/feed/update/urn%3Ali%3Aactivity%3A6605502230613282816,"You should be lucky. The team must be very detail oriented and transparent. I don't find anything offensive or against law. 
1. Small teams process payments manually so they might have mentioned 5th of month
2. When they say hike is based on performance.  I see they are transparent. 
3. Keeping contact details updated is very important to company who cares. In emergency, they need to intimate. 

4. If they have included a para on conflict engagement, they are really new age. I would recommend read arbitration clause in MNC Offer letter. If your previous companies haven't shared with you, please understand there exists one such clause. 
5. A para full of termination, so I safely assume other paras are about retention. MNCs  don't write longer paras for termination and but they get stronger bouncers to office when they really have to do so. Research on how Verizon fired 2k employees in hyd and bribed law agencies
6. Mentioning the work hours is mandatory as per existing Labor laws."
2019-11-28 17:08:36,https://www.linkedin.com/feed/update/urn%3Ali%3Aactivity%3A6605672483574112256,"Parvathy Varma ha ha. The next analysis will be done when I reach 1,00,000 likes :). I know hot extract insight and how to hide them as well :p"
2019-11-28 16:10:50,https://www.linkedin.com/feed/update/urn%3Ali%3Aactivity%3A6605672483574112256,Hey Q4 is not yet done na. There is one more month and this data is from Nov 15. So 45 days more.
2019-11-28 11:07:39,https://www.linkedin.com/feed/update/urn%3Ali%3Aactivity%3A6605675741055148032,Congrats
2019-11-28 09:40:22,https://www.linkedin.com/feed/update/urn%3Ali%3Aactivity%3A6605672483574112256,Yes. Definitely can be done.
2019-11-28 07:04:38,https://www.linkedin.com/feed/update/urn%3Ali%3Aactivity%3A6605672483574112256,Thanks so much Preksha Kaparwan . Means a lot :)
2019-11-28 06:14:44,https://www.linkedin.com/feed/update/urn%3Ali%3Aactivity%3A6605672483574112256,My student and future students should understand right ? Am not into teaching alone !!We implement and then teach :)
2019-11-28 05:57:17,https://www.linkedin.com/feed/update/urn%3Ali%3Aactivity%3A6605672483574112256,Visualisation was done from tableau. Data is obtained from Linkedin and further processing with some magic sauce :P
2019-11-28 05:55:06,https://www.linkedin.com/feed/update/urn%3Ali%3Aactivity%3A6605672483574112256,Thank you Ruchi. Your inputs were valuable in providing more value
2019-11-28 02:51:20,https://www.linkedin.com/feed/update/urn%3Ali%3Aactivity%3A6604959656647454720,PM me
2019-11-28 00:48:41,https://www.linkedin.com/feed/update/urn%3Ali%3Aactivity%3A6605324283189223424,PM me
2019-11-27 16:09:29,https://www.linkedin.com/feed/update/urn%3Ali%3Aactivity%3A6605324283189223424,Okay. Lets not talk about stuff we don't understand. Okay ?? :P
2019-11-27 16:08:53,https://www.linkedin.com/feed/update/urn%3Ali%3Aactivity%3A6605324283189223424,Hi amit  Message me
2019-11-27 15:02:43,https://www.linkedin.com/feed/update/urn%3Ali%3Aactivity%3A6605248461916958720,"Sateesh Jonnalagadda I can show premium restaurants who make it from scratch use oil till it evaporates. ! Wanna see ? You pasted one video, I will show in live !"
2019-11-27 01:20:42,https://www.linkedin.com/feed/update/urn%3Ali%3Aactivity%3A6605248461916958720,"I suppose he is talking about hygiene in preparing, quality of materials used etc. 
When we say , Chetan Bhagat, we remember his novels on one genre. But he wrote a book by name  - 'Making India Great' in which he focused only on 4 things. But the chapter I loved was about 'Food'

I haven't explored many countries but I can say,in India, we have safely ignored standards - at least majority."
2019-11-26 17:51:31,https://www.linkedin.com/feed/update/urn%3Ali%3Aactivity%3A6604987398441009152,Thanks Rohan for reshare
2019-11-26 15:03:45,https://www.linkedin.com/feed/update/urn%3Ali%3Aactivity%3A6604959656647454720,PM me
2019-11-26 10:34:14,https://www.linkedin.com/feed/update/urn%3Ali%3Aactivity%3A6605037596227801088,Min of Class 6 is the new prerequisite. 
2019-11-26 10:02:57,https://www.linkedin.com/feed/update/urn%3Ali%3Aactivity%3A6604969298366652417,Ashwini Naidu Amanjeet Sahu Guru Manikanta Innamuri
2019-11-26 05:51:10,https://www.linkedin.com/feed/update/urn%3Ali%3Aactivity%3A6604959656647454720,You too can !!
2019-11-26 05:01:10,https://www.linkedin.com/feed/update/urn%3Ali%3Aactivity%3A6604948009174306816,"See, I am in job of selling python and you tag me to sell excel.. I hate you for this :P

Nevertheless, pivot tables, lookups and basic charts are what I love."
2019-11-25 07:49:18,https://www.linkedin.com/feed/update/urn%3Ali%3Aactivity%3A6604614059285417985,Deep Work by Cal Newport
2019-11-24 10:50:05,https://www.linkedin.com/feed/update/urn%3Ali%3Aactivity%3A6604315264823717888,That's why I came into DS education . So that I get to hear all of them !! 
2019-11-24 02:36:45,https://www.linkedin.com/feed/update/urn%3Ali%3Aactivity%3A6603926707831394304,This is hilarious. 
2019-11-23 10:14:35,https://www.linkedin.com/feed/update/urn%3Ali%3Aactivity%3A6603894794907414528,"I understand your point buddy but Industry is not just about huge data. 80% industry works on 'NO' or little data as well. There are a lot of practical challenges which are spoken by many. 
Srivatsan Srinivasan talked about a lot on deployment and pipelines. 
Ankit Rathi Talks about real basics and he has given a lot of free resources compiled 
Amit Choudhary talks about importance of Data Understanding, fundamentals and problem solving 
Imaad Mohamed Khan gives a lot of insights on how to crack interviews and beautiful analogies. 

May be you haven't put enough efforts in finding 'right' people to follow and not following 'hyped' influencers. My learning from above and many more influences has always been tremendous. 

And bdw, I myself talk about a lot of practical issues as well. 

Huge data is not so huge problem. "
2019-11-23 07:26:51,https://www.linkedin.com/feed/update/urn%3Ali%3Aactivity%3A6603876096834408448,We should talk more often. I feel the same bdw. Li is my only social life. But am glad I have a constant inflow of students - who talk beyond teaching topics. !!
2019-11-23 06:08:48,https://www.linkedin.com/feed/update/urn%3Ali%3Aactivity%3A6603876096834408448,"Aree.no... I see your videos , the kind of back grounds you use makes me feel that you visit a lot of places
And of course a lot of conferences,  sales booths and many sales pitches.. so I expected that your social life is overwhelming !! 
Never expected it's only Li. "
2019-11-23 05:57:50,https://www.linkedin.com/feed/update/urn%3Ali%3Aactivity%3A6603876096834408448,Ha ha !! Really ? 
2019-11-23 00:57:44,https://www.linkedin.com/feed/update/urn%3Ali%3Aactivity%3A6603644501376495616,"I understand that, But I don't get the point why are you not sharing the book name which you read in last 4 weeks. !!
I see every comment curious about the book. And not about the beautiful insight you shared. 
And this is the very problem with social media. Attention diverted to something else !! "
2019-11-23 00:15:25,https://www.linkedin.com/feed/update/urn%3Ali%3Aactivity%3A6603676165255327744,I think you are talking about Maharashtra government. But anyways the above statement is true in winston's own country as well
2019-11-23 00:13:43,https://www.linkedin.com/feed/update/urn%3Ali%3Aactivity%3A6603253188235714560,I can help if its in hyd. Blore am not very sure.
2019-11-22 15:19:18,https://www.linkedin.com/feed/update/urn%3Ali%3Aactivity%3A6603166281430552576,Thank you for commenting ! 
2019-11-22 15:16:57,https://www.linkedin.com/feed/update/urn%3Ali%3Aactivity%3A6603644501376495616,Deep work - is what you are talking about ? 
2019-11-22 01:19:24,https://www.linkedin.com/feed/update/urn%3Ali%3Aactivity%3A6603166281430552576,And what about behavioral Economics. The same goes true there. These people who interview think that Data Science is only done on servers in IT industry. Little they know what happens outside. 
2019-11-21 17:16:25,https://www.linkedin.com/feed/update/urn%3Ali%3Aactivity%3A6603166281430552576,Well said
2019-11-21 15:53:59,https://www.linkedin.com/feed/update/urn%3Ali%3Aactivity%3A6603166281430552576,Broader points are not applicable with narrow mindset. Broader questions should be asked and broader answers should be accepted. 
2019-11-21 15:27:28,https://www.linkedin.com/feed/update/urn%3Ali%3Aactivity%3A6603166281430552576,Completely agree with cost complexity and memory management. But I come back and say - cost complexity of decision tree and binary search tree are differentMemory management of a pandas df or spark df is completely different from memory management of linked list or queue
2019-11-21 15:24:11,https://www.linkedin.com/feed/update/urn%3Ali%3Aactivity%3A6603221574332047360,This makes me a lot happy !!Analogies to teach is not everyone's cup of tea !!Am glad that I chose to work with you :)
2019-11-21 12:49:56,https://www.linkedin.com/feed/update/urn%3Ali%3Aactivity%3A6603166281430552576,"Yes. Agree with productionise part of DS models. But my question is how many companies are pushing to production and of them how many have separate teams which constitute a data engineer, full stack/ Devops  engineer and data scientist. ?

All major companies which push code to production don't rely solely on Data Scientist. 

And finally agree with you spirit of the post that the role is not well defined. My only point is that when you expect Data structures in your Data Scientist role why don't you specify them in Job descriptions. "
2019-11-21 11:52:27,https://www.linkedin.com/feed/update/urn%3Ali%3Aactivity%3A6603166281430552576,lol. Blind chicken !!
2019-11-21 11:51:50,https://www.linkedin.com/feed/update/urn%3Ali%3Aactivity%3A6603166281430552576,"Even if you mention 'other things', I would agree with you on 'filtering' part. 
But I can say one thing - a company which cannot filter out right candidates shouldn't be doing AI. They cannot use the same strategy for full stack developers and data scientists. "
2019-11-21 11:49:03,https://www.linkedin.com/feed/update/urn%3Ali%3Aactivity%3A6603166281430552576,I believe CS grads are also at disadvantage especially business and analysis aspect. They can write a pd.crosstab from scratch but the problem is that it becomes too difficult for them  - where to use it !!
2019-11-21 09:44:06,https://www.linkedin.com/feed/update/urn%3Ali%3Aactivity%3A6603166281430552576,"Yes agreed with you. Conceptual understanding of algorithms is what I stand for. When I say it - it's the cost complexity, resource complexity. memory management etc. If these are asked, I would be at least fine. 
What is the point of asking what is difference between binary search tree and decision tree. ?"
2019-11-21 09:42:23,https://www.linkedin.com/feed/update/urn%3Ali%3Aactivity%3A6603166281430552576,And very insightful comment Amith K A . Loved it. You have put it better than me. 
2019-11-21 09:39:29,https://www.linkedin.com/feed/update/urn%3Ali%3Aactivity%3A6603166281430552576,Surbhi Ad That's the spirit. 9 years of QA will not hamper your aspirations of 9 hours of Data Science work a day I have seen people with 15 years change the domain ! And become good at DS domain so much so that people want you on board without looking at CV. 
2019-11-21 08:21:22,https://www.linkedin.com/feed/update/urn%3Ali%3Aactivity%3A6603166281430552576,Lovely Riya Das . Thanks for putting your opinion.
2019-11-21 08:20:50,https://www.linkedin.com/feed/update/urn%3Ali%3Aactivity%3A6603166281430552576,Thanks Sandeep Pattanayak
2019-11-21 08:20:30,https://www.linkedin.com/feed/update/urn%3Ali%3Aactivity%3A6603166281430552576,Too much generalization. Time to regularize
2019-11-21 08:19:58,https://www.linkedin.com/feed/update/urn%3Ali%3Aactivity%3A6603166281430552576,Thanks for sharing !!
2019-11-21 08:19:28,https://www.linkedin.com/feed/update/urn%3Ali%3AugcPost%3A6603184326748270592,"I would say - people look at BI as less interesting stuff compared to AI. Heavy investments flowed into Deep Learning teams and infra. The problem is people want fancy stuff rather than stuff which works for them. 
Having extensively worked in ML, DL, AI, to this day, I would say BI + human brain would have given better results than AI. "
2019-11-21 08:12:23,https://www.linkedin.com/feed/update/urn%3Ali%3Aactivity%3A6603117412541837312,Agree with you that it's web scraping. But it gets the food for NLP projects. So kept it :P
2019-11-21 07:23:07,https://www.linkedin.com/feed/update/urn%3Ali%3Aactivity%3A6603117412541837312,"Wordnet, beautiful soup, sentiwordnet "
2019-11-21 07:02:02,https://www.linkedin.com/feed/update/urn%3Ali%3Aactivity%3A6603166281430552576,Thanks. Edited and corrected. That actually proves my point - my next word predictor on keyboard knows very well that I donno linked list :P
2019-11-20 13:26:01,https://www.linkedin.com/feed/update/urn%3Ali%3Aactivity%3A6602866952576827392,"That's what I wrote - 'Everyone goes there for a career in foreign land'. You just elaborated it. For that very advantages of having career, they pay more for education"
2019-11-20 13:23:38,https://www.linkedin.com/feed/update/urn%3Ali%3Aactivity%3A6602746605168881664,Ramamohan Reddy Bommireddi Agreed. That is the very reason I say - Investor and Founders should be on the same page about 'realistic' targets. 
2019-11-20 12:05:52,https://www.linkedin.com/feed/update/urn%3Ali%3Aactivity%3A6602866952576827392,Take away 'OPT' three years work permit given to US students and keep a rule that they have to come back after study - just imagine what can happen. Everyone goes there for a career in foreign land. Definitely the standards of education at some universities are really good. But its the gateway to work which makes people spend so much
2019-11-20 11:13:58,https://www.linkedin.com/feed/update/urn%3Ali%3Aactivity%3A6602746605168881664,Transparency on risks not only builds trust but also helps to setup realistic goals and targets !
2019-11-20 07:44:18,https://www.linkedin.com/feed/update/urn%3Ali%3Aactivity%3A6602804165502652416,Live upto is too difficult for me. I chose  to live on it  :P
2019-11-19 10:51:38,https://www.linkedin.com/feed/update/urn%3Ali%3Aactivity%3A6602474238907600896,"As I have worked with you , I can see the kind of values you work with ! This post is another epitome for it ! Really appreciate the spirit of the post. "
2019-11-18 08:22:41,https://www.linkedin.com/feed/update/urn%3Ali%3Aactivity%3A6602088571572711424,Reply from HR :  Well ! Even I am !!
2019-11-16 10:36:12,https://www.linkedin.com/feed/update/urn%3Ali%3Aactivity%3A6601205491362304000,Congrats
2019-11-15 11:56:25,https://www.linkedin.com/feed/update/urn%3Ali%3Aactivity%3A6601004999495507969,Thanks for blessings !! and elders like you who encourage me here are my strength 
2019-11-15 11:55:57,https://www.linkedin.com/feed/update/urn%3Ali%3Aactivity%3A6601041817582571520,Giving feedback for everyone who applies is incredibly difficult given that half of the applicants to reply to emails sent due various acceptable and unacceptable reasons. But whoever comes to interview level - should be given proper feedback at least 2-3 lines would be great. 
2019-11-15 07:09:31,https://www.linkedin.com/feed/update/urn%3Ali%3Aactivity%3A6600938364277481472,"Dr Aniruddha Malpani All I can say is - ""imitation is best form of flattery"" 
Talking about my first comment !! "
2019-11-15 03:36:42,https://www.linkedin.com/feed/update/urn%3Ali%3Aactivity%3A6600938364277481472,One advantage of having a bad investor is that at least you know what not to do when you become a investor yourself!
2019-11-14 08:20:01,https://www.linkedin.com/feed/update/urn%3Ali%3Aactivity%3A6600615209306558464,Ha ha....That today never comes :p
2019-11-13 14:18:16,https://www.linkedin.com/feed/update/urn%3Ali%3Aactivity%3A6600360460917268480,"And some companies run the entire show by putting up one conference in a year. And it's too shallow knowledge and a lot faking happening in most conferences !! I stopped attending for the same reason. Instead, I spend reading a good book or wait for email from nulldata :)
 "
2019-11-13 13:47:02,https://www.linkedin.com/feed/update/urn%3Ali%3Aactivity%3A6600260530676568064,Ha ha. Making sense with data. !!
2019-11-13 11:01:03,https://www.linkedin.com/feed/update/urn%3Ali%3Aactivity%3A6600260530676568064,Thanks Ubaid Butt. This means a lot !!
2019-11-13 08:13:23,https://www.linkedin.com/feed/update/urn%3Ali%3Aactivity%3A6600260530676568064,Mohammed Rizwan and Preksha Kaparwan: Linkedin allows you to download a copy of your data from settings tabI have done some data munging and got this insight !
2019-11-11 12:39:06,https://www.linkedin.com/feed/update/urn%3Ali%3Aactivity%3A6599136459154907136,www.supervisedlearning.com/nlp100hours
2019-11-11 08:43:17,https://www.linkedin.com/feed/update/urn%3Ali%3Aactivity%3A6599565139329015808,I suggest reading deep work book by Cal Newport
2019-11-10 13:16:31,https://www.linkedin.com/feed/update/urn%3Ali%3Aactivity%3A6599136459154907136,Thank you. Mutual learning !
2019-11-10 11:28:04,https://www.linkedin.com/feed/update/urn%3Ali%3Aactivity%3A6599206711851085824,Thank you Ankit Rathi for the post
2019-11-10 11:27:27,https://www.linkedin.com/feed/update/urn%3Ali%3AugcPost%3A6599222147711889408,Lovely share sir. I keep a keen note of your posts traction. Am sad that this post received only 2 comments in 2 hours. !!But very valuable one/
2019-11-10 07:48:10,https://www.linkedin.com/feed/update/urn%3Ali%3Aactivity%3A6598794052555116544,Dr Aniruddha Malpani Any investor who is not ready to accept his mistakes when pointed out by Entrepreneur should better invest in FDs or Mutual Funds !!I didn't question diligence. I questioned lies !! So are lies part of diligence ? From when ?
2019-11-10 06:26:45,https://www.linkedin.com/feed/update/urn%3Ali%3Aactivity%3A6599136459154907136,What a sentence !! Loved it to the core. !!
2019-11-10 03:32:51,https://www.linkedin.com/feed/update/urn%3Ali%3Aactivity%3A6598839405845274625,https://www.linkedin.com/posts/prudhvip_giving-back-has-always-been-my-personal-habit-activity-6599136459154907136-vz1y
2019-11-09 18:39:05,https://www.linkedin.com/feed/update/urn%3Ali%3Aactivity%3A6598794052555116544,"Dr Aniruddha MalpaniIf it all its me, I will get double delighted !!

One - glad that my investor cares for my enough !!

Second - I will put him in an ethical dilemma. If he is gonna reveal he is not actual customer - I will ask him how many such lies are disguised in papers signed ?
 If he not gonna reveal, then I will keep on prodding the details and pointing he is not an actual customer. 

Such a beautiful fantasy !! :P Wish every entrepreneur has such opportunity., "
2019-11-09 16:05:00,https://www.linkedin.com/feed/update/urn%3Ali%3Aactivity%3A6598794052555116544,If the entrepreneur is handling the helpline and if he can detect you are not an actual customer and the entrepreneur is seeking some fun after a long day - then tables will reverse. Be careful when you role play with entrepreneurs. Especially the real ones. 
2019-11-09 14:50:36,https://www.linkedin.com/feed/update/urn%3Ali%3Aactivity%3A6598943827631923200,"I have observed one thing -most people who hire genuinely do following
1. Share crisp and clear detail, no 'speculations' 
2. Most share emails as well in their posts itself. 
3. Rest of them immediately respond to comments , respond to PM's etc. 
4. The best part is - the genuine posts will have genuine people commenting - in a unique way rather than 'just interested' "
2019-11-09 12:07:32,https://www.linkedin.com/feed/update/urn%3Ali%3Aactivity%3A6598839405845274625,Lovely. This means a lot !! Because of people like you - I could still keep my courses affordable. I have always believed in providing quality at affordable price. Even today - we don't pay for a single ad. What's the point in paying for ads from student pocket !
2019-11-09 03:06:21,https://www.linkedin.com/feed/update/urn%3Ali%3Aactivity%3A6598439125525852161,"Yes. ""Time"" !!
"
2019-11-08 05:23:01,https://www.linkedin.com/feed/update/urn%3Ali%3Aactivity%3A6597704518404796416,This is online instructor led live class
2019-11-08 05:14:52,https://www.linkedin.com/feed/update/urn%3Ali%3Aactivity%3A6598409563395981312,Failures make you strong to tackle adversities well !! So failure should be a part of life. 
2019-11-07 15:11:04,https://www.linkedin.com/feed/update/urn%3Ali%3Aactivity%3A6598062029557325824,"When you work hard for them, they will , without asking , promote you. I help them learn in every possible way ! And let them decide !! bdw, 50% of our current batch students are from referrals."
2019-11-07 08:15:52,https://www.linkedin.com/feed/update/urn%3Ali%3Aactivity%3A6597704518404796416,Awesome. Let's e-meet in classroom
2019-11-07 08:15:21,https://www.linkedin.com/feed/update/urn%3Ali%3Aactivity%3A6597704518404796416,Sent you invite
2019-11-07 07:00:22,https://www.linkedin.com/feed/update/urn%3Ali%3Aactivity%3A6598062029557325824,Amit Dubey Well said ! 
2019-11-07 06:59:44,https://www.linkedin.com/feed/update/urn%3Ali%3Aactivity%3A6598062029557325824,Well said !! Deeds build trust. Not words 
2019-11-07 05:28:12,https://www.linkedin.com/feed/update/urn%3Ali%3Aactivity%3A6598037661573832704,"Sir  
  I experienced same issue. The problem is Ikea should give the tool kit info as requirement at check out itself. I didn't have special screw at my home and I have to take urban clap help just because I didn't knew that screw was requirement. 
  No doubt, DIY culture is a good idea but it has to be hassle free ! Looking at global level, India is a country where cheap labor is easy. By not forcing DIY and allowing carpenters to do it, I believe, Ikea can do better in India. 
  'Cultures' should evolve. Cannot be forced !!"
2019-11-07 05:22:40,https://www.linkedin.com/feed/update/urn%3Ali%3Aactivity%3A6598062029557325824,Very true !
2019-11-07 05:22:32,https://www.linkedin.com/feed/update/urn%3Ali%3Aactivity%3A6598062029557325824,Very well said. Difficult to follow. But best results lie there !
2019-11-06 14:15:47,https://www.linkedin.com/feed/update/urn%3Ali%3AugcPost%3A6597413405609549824,Mithil Potuganti
2019-11-06 12:40:30,https://www.linkedin.com/feed/update/urn%3Ali%3Aactivity%3A6597480478020861952,Dr. Satyanarayana RentalaThank you much. Means a lot 
2019-11-06 12:39:51,https://www.linkedin.com/feed/update/urn%3Ali%3Aactivity%3A6597480478020861952,Thank you :)
2019-11-06 09:10:56,https://www.linkedin.com/feed/update/urn%3Ali%3Aactivity%3A6597704518404796416,"Thanks Dr. Nisha Arora. Same reason, I love it too !! I teach 8-9 hours on weekend and still sleep with joy !! 
"
2019-11-06 09:05:10,https://www.linkedin.com/feed/update/urn%3Ali%3Aactivity%3A6597708592852369408,Have a look here you can look this https://www.linkedin.com/posts/yogeshwarvhatkar_upgrad-iiit-machinelearning-activity-6593557089883385856-Vl_B
2019-11-06 09:02:06,https://www.linkedin.com/feed/update/urn%3Ali%3Aactivity%3A6597708592852369408,Then learn from an inspiration ! It will help me inspire more
2019-11-06 08:53:35,https://www.linkedin.com/feed/update/urn%3Ali%3Aactivity%3A6597708592852369408,"Manish Todi Appreciate your question. But its better you reach out to the some students of previous batch, ask them for sample content and review it yourself !! And also have detailed discussion with sales representative

Some key parameters to look for in any course are :1. How much live , how much recorded content. If recorded - can you really sit and listen to recordings ?2. How much % is hands on, does it suit your current level of expertise and who , how doubts are answered 
3. How many capstone/projects are there ? Ask for previous capstone projects done - not just names, reports as well. 
4. How much personalized the course is ? Like do you get to talk with any tech mentor who will design path and give feedback for you ?
5. How accessible is the tech people who teach you?
6. If any policy like placement assistance is mentioned - what exactly is it - only resume review or your resume will be forwarded to other companies ? If you get recruiters access - how much approx ?
7. If you are getting certificate with any institute name - how much is it appreciated in the industry ?
8. More importantly, refund policy and feedback handling 

Decide for yourself. Don't regret later
"
2019-11-06 04:19:29,https://www.linkedin.com/feed/update/urn%3Ali%3Aactivity%3A6597480478020861952,Thank you
2019-11-05 17:17:06,https://www.linkedin.com/feed/update/urn%3Ali%3Aactivity%3A6597321572225298432,Srivatsan Srinivasan 50% of them have PhD in a different domain. For example - Sridhar from Insofe has PhD in Materials Engineering
2019-11-05 13:36:26,https://www.linkedin.com/feed/update/urn%3Ali%3Aactivity%3A6597321572225298432,"Srivatsan Srinivasan: This post by the same magazine sums it up all - https://analyticsindiamag.com/10-most-prominent-data-science-academicians-in-india-2019/

While a lot of professors including my professors at IIIT are doing cutting edge research - these people decided to rate the professors who started institutes to mint money as top 10 academicians. 

I personally know 3-4 of them. While they are excellent teachers, I don't like the way , the transparency of evaluation process is lacking. !!

I can name 20 professors who do some badass work and don't teach at institutes. They really add value to community with research papers, beautiful free courses on NPTEL etc. "
2019-11-05 05:33:58,https://www.linkedin.com/feed/update/urn%3Ali%3Aactivity%3A6597321572225298432,Srivatsan Srinivasan the very magazine is built with this people. I seriously doubt the metrics of magazine.
2019-11-05 00:08:11,https://www.linkedin.com/feed/update/urn%3Ali%3Aactivity%3A6596993963654254592,Aditi Prabhakar thank you
2019-11-04 17:46:57,https://www.linkedin.com/feed/update/urn%3Ali%3Aactivity%3A6596993963654254592,Newness is not new to him !! So trying to give something new to him - before hand is the 'new' to him !!
2019-11-04 16:17:56,https://www.linkedin.com/feed/update/urn%3Ali%3Aactivity%3A6596993963654254592,Apoorva CR You always find a comment relevant to your view !
2019-11-04 06:30:12,https://www.linkedin.com/feed/update/urn%3Ali%3AugcPost%3A6596755665262342144,Article On the way !! . Ipsa Arora is working on it
2019-11-04 06:19:11,https://www.linkedin.com/feed/update/urn%3Ali%3Aactivity%3A6596993963654254592,Ha ha. Then will plan something different for you to make it memorable.I want my 'time' stamp on the gift :p
2019-11-04 06:00:19,https://www.linkedin.com/feed/update/urn%3Ali%3Aactivity%3A6596993963654254592,The 4 hour work week
2019-11-04 05:01:49,https://www.linkedin.com/feed/update/urn%3Ali%3Aactivity%3A6596928836875747328,"At the end of the day, people pay for solving their problems and pain points. 
No matter what you are, you find a pain point, solve it ! 
Done. ! Get paid ! 
Simple rule."
2019-11-03 17:46:32,https://www.linkedin.com/feed/update/urn%3Ali%3AugcPost%3A6596755665262342144,Ipsa Arora
