Comments_Profile_name,Comments_Profile_headline,Comments_Profile_Link,comments_content,Comments_likes,Comments_replies
Mukesh Thakur,Marketing Professional in Permanent Beta | Forever Innovating | Delighting Customers |,https://www.linkedin.com/in/mukesh-thakur-cmo/,"<span id=""ember1007"" class=""ember-view""><span>There is an app called Gratitude! It is basically a </span><a data-control-name=""hashtag"" target=""_self"" href=""/feed/hashtag/?keywords=%23Gratitude"" id=""ember1010"" class=""hashtag-link ember-view""><span dir=""ltr"" id=""ember1011"" class=""hashtag-a11y ember-view""><span class=""visually-hidden"">hashtag</span><span aria-hidden=""true"">#</span><span class=""hashtag-a11y__name"">Gratitude</span></span></a><span>&nbsp;Journal! Helps build the attitude of gratitude! And I know the folks who built it, down to earth and humane!&nbsp;</span></span>  <span class=""feed-shared-main-content--edited t-12 t-black--light t-normal"">(edited)</span>
",No Likes,No Replies
Gurdass Rai 🇮🇳,Service Delivery Manager (Airtel Business) at Bharti Airtel Limited,https://www.linkedin.com/in/gurdass-rai/,"<span id=""ember1043"" class=""ember-view""><span>Pinterest,  Shazam, Udemy, Cred, Indiamart</span></span><!---->",No Likes,No Replies
Nishtha Sharma,Exploring fresh perspectives to solve business challenges | University of Sydney | Strategy Consultant | Ex-Honda Cars,https://www.linkedin.com/in/nishtha-sharma-433b19b9/,"<span id=""ember1076"" class=""ember-view""><span>Peak - for brain workouts &amp; LinkedIn of course!</span></span><!---->",2 Likes,1 Reply
Kesava Kirupa Dinakaran,Co-Founder and CEO at Digital Brain,https://www.linkedin.com/in/kesavakirupa/,"<span id=""ember1143"" class=""ember-view""><span>Check out digital-brain.co</span></span><!---->",No Likes,No Replies
Utkarsh Gupta,Business man,https://www.linkedin.com/in/utkarsh-gupta-664453163/,"<span id=""ember1175"" class=""ember-view""><span>Skin vision
Edge
Bing
Qreduce lite</span></span><!---->",1 Like,No Replies
Sai Ganesh Yadav,Enterprise operations at Uber,https://www.linkedin.com/in/sai-ganesh-yadav-542b799b/,"<span id=""ember1208"" class=""ember-view""><span>viber</span></span><!---->",No Likes,No Replies
Bharghavi Kirubasankar,Product Designer. Strategist. Mentor. Speaker. I help businesses solve their toughest user problems through design.,https://www.linkedin.com/in/heybharghavi/,"<span id=""ember1243"" class=""ember-view""><span>Curiosity stream, Headspace, Daily Yoga</span></span><!---->",No Likes,No Replies
Shahrukh Ahmad,Seeking Wisdom | Learning Investments | Creating Value,https://www.linkedin.com/in/ceoshahrukh/,"<span id=""ember1275"" class=""ember-view""><span>AnyBooks</span></span><!---->",No Likes,No Replies
Sunayana Reddy,SWE India | Content & Outreach,https://www.linkedin.com/in/dsunayanareddy/,"<span id=""ember1307"" class=""ember-view""><span>Impact - Recently discovered this app, it donates money to charity based on our walking data.&nbsp;</span></span><a tabindex=""0"" rel=""noopener noreferrer"" target=""_blank"" href=""https://impactapp.in/"" id=""ember1310"" class=""feed-link ember-view"">https://impactapp.in/</a><!---->",No Likes,No Replies
Siddhant Singh,Brand Management | Digital | ATL | BTL | Content,https://www.linkedin.com/in/siddhant-singh-5a346516b/,"<span id=""ember1341"" class=""ember-view""><span>google primer- the best way to upskill yourself</span></span><!---->",No Likes,No Replies
Arpit Tyagi,Product development. Health Tech.,https://www.linkedin.com/in/arpit-tyagi-496836126/,"<span id=""ember1373"" class=""ember-view""><span>Simpl</span></span><!---->",No Likes,No Replies
Vaishali Shukla,Hiring Talent at Kronos Incorporated,https://www.linkedin.com/in/vaishali-shukla-a34005120/,"<span id=""ember1405"" class=""ember-view""><span>Duolingo</span></span><!---->",1 Like,No Replies
Subash karthikeyan,Project Intern at Defence Research and Development Laboratory (DRDL) - DRDO,https://www.linkedin.com/in/subash-karthikeyan-ba9180191/,"<span id=""ember1440"" class=""ember-view""><span>Neighborly - very good for connections with people around ur area.</span></span><!---->",No Likes,No Replies
Jayanta Chakraborty,Business Partner Development Manager at RIVIGO,https://www.linkedin.com/in/jayanta-chakraborty-2aa5672a/,"<span id=""ember1472"" class=""ember-view""><span>Wordweb dictionary..</span></span><!---->",No Likes,No Replies
Mayank K.,"Privacy, Security & Information | GDPR | ISO 27701| ISO 27001LA | COSO | SSAE18 SOC-2 | ITGC | Certified Researcher|",https://www.linkedin.com/in/mayank-k-08938867/,"<span id=""ember1504"" class=""ember-view""><span>Orbot - Onion TOR &amp; InShorts - News&nbsp;</span></span><!---->",No Likes,No Replies
Navanee Viswa,"World Class ""Power Portraits"" for CXOs, CEOs, Leaders, Speakers and Authors | Video solutions for Organisations.",https://www.linkedin.com/in/navaneeviswa/,"<span id=""ember1536"" class=""ember-view""><span>""Noisli"" - an interesting one. Try it out on the web </span></span><a tabindex=""0"" rel=""noopener noreferrer"" target=""_blank"" href=""http://www.noisli.com"" id=""ember1539"" class=""feed-link ember-view"">www.noisli.com</a><span id=""ember1541"" class=""ember-view""><span> - you will understand what the app is all about quickly.&nbsp;</span></span><!---->",No Likes,No Replies
Parv Bansal,"Accountant in Essar Overseas Projects Limited at Al-Zour New Refinery Project in Mina Al-Zour, Kuwait.",https://www.linkedin.com/in/parv-bansal-128559117/,"<span id=""ember1573"" class=""ember-view""><span>How could I know the app that I use, people are not familiar with?</span></span><!---->",No Likes,No Replies
Ashok Surendran,Member Technical Staff | Zoho Creator | Zoho Corporation | Ex-Cognizant,https://www.linkedin.com/in/ashoksurendran6593/,"<span id=""ember1605"" class=""ember-view""><span>BHIM instead of Paytm, GPay, PhonePe, etc.,</span></span><!---->",No Likes,No Replies
Najma Naaz,Digital Media and Marketing Analytics | Target India Corp,https://www.linkedin.com/in/najmanaaz/,"<span id=""ember1637"" class=""ember-view""><span>Quickride. Very popular among bangaloreans only !</span></span><!---->",1 Like,No Replies
Venkata Sai Suman Bhusarapu,Research Assistant at Wichita State University,https://www.linkedin.com/in/sai-suman-bhusarapu-3404b7102/,"<span id=""ember1670"" class=""ember-view""><span>Quora. I'm not sure if anyone mentioned or that qualifies as a proper answer. But yeah. Quora.</span></span><!---->",1 Like,No Replies
karthikeyan MG,Actively looking for new opportunities in ML/DL.,https://www.linkedin.com/in/karthikeyan-mg/,"<span id=""ember1703"" class=""ember-view""><span>StepSetGo - the app that pays you for being fit
Precise Volume - Let's you micro control your headphone volume</span></span>  <span class=""feed-shared-main-content--edited t-12 t-black--light t-normal"">(edited)</span>
",No Likes,No Replies
Abhishek Jain,"Digital Marketing at ZEE5 | Ex-Hotstar, Publicis",https://www.linkedin.com/in/abhipj/,"<a data-control-name=""mention"" tabindex=""0"" href=""/company/12896913/"" id=""ember1735"" class=""feed-link feed-shared-main-content__mention ember-view"" role=""link""><span data-entity-hovercard-id=""urn:li:fs_miniCompany:12896913"">Spark Lab, Inc.</span></a><span id=""ember1737"" class=""ember-view""><span> For creating smooth &amp; seamless stories/videos</span></span><!---->",No Likes,No Replies
Daanish Daanish,Business Analyst at Tata Consultancy Services,https://www.linkedin.com/in/daanish-00000/,"<span id=""ember1771"" class=""ember-view""><span>Shout out to Pocket and McKinsey Insights app</span></span><!---->",No Likes,No Replies
Daanish Daanish,Business Analyst at Tata Consultancy Services,https://www.linkedin.com/in/daanish-00000/,"<span id=""ember1803"" class=""ember-view""><span>Smarter time - gives analysis on cell phone usage</span></span><!---->",No Likes,No Replies
Ajit Tiwari,Director & Business Head,https://www.linkedin.com/in/ajittiwari/,"<span id=""ember1835"" class=""ember-view""><span>FITPASS, POCKET, XPLOREE KEYPAD, SUPR DAILY, ...TRY THEM.</span></span>  <span class=""feed-shared-main-content--edited t-12 t-black--light t-normal"">(edited)</span>
",No Likes,No Replies
Abhishek Singh,IT Geek || HR || Startup Enthusiast ||,https://www.linkedin.com/in/abhi-sheksingh/,"<span id=""ember1867"" class=""ember-view""><span>Wealth Dragon</span></span><!---->",No Likes,No Replies
Madhusudhan Akundi,"Director, Business Operations at Fungible, Inc.",https://www.linkedin.com/in/akundi/,"<span id=""ember1899"" class=""ember-view""><span>Blinkist</span></span><!---->",No Likes,No Replies
Ahmed Mukadam,Director Client On-boarding and Technology Solution at IKS Health,https://www.linkedin.com/in/ahmed-mukadam-b9281131/,"<span id=""ember1931"" class=""ember-view""><span>Cred</span></span><!---->",No Likes,No Replies
Rajarshi Kalraiya,Senior Sales Manager at Southeast Asia Impex,https://www.linkedin.com/in/rajarshikalraiya/,"<span id=""ember1963"" class=""ember-view""><span>Bouncer on Android.

It's an app that gives you the ability to grant permissions temporarily.&nbsp;
Quoting them directly from their play store description :

""Want to tag a location or take a photo, but don't want that app to be able to use the camera or get your location whenever it wants? Bouncer gives you exactly that. As soon as you exit the app, Bouncer will automatically remove the permission for you in an instant so you can get back to doing what you do best, without having to worry about apps invading your privacy and wasting your battery. ""&nbsp;&nbsp;</span></span><!---->",3 Likes,No Replies
Medhaa Bangalore,"MS in Business Analytics, Purdue | Consulting | Ex-PwC",https://www.linkedin.com/in/medhaashankar/,"<span id=""ember1996"" class=""ember-view""><span>Used to use Habit Now on Android and productivity on iOS. Great way to track habits and routines</span></span><!---->",No Likes,No Replies
Vikram Shandilya,MBA | Product Management,https://www.linkedin.com/in/vikramshandilya/,"<span id=""ember2028"" class=""ember-view""><span>Groupon? People here have asked me if it still exists. I am not sure if the new gen is aware of it.

Ibotta, Fittr and Poshmark would be some I can think of. There are more apps that are popular in US but people in India might not have heard of.

Another concept that I liked is Too Good To Go. Do you think this concept in a different form be applied in India, or please educate me if it already exists? Thanks!</span></span>  <span class=""feed-shared-main-content--edited t-12 t-black--light t-normal"">(edited)</span>
",No Likes,No Replies
Ash Raina,"Software Development, Websites, eCom Portals, Mobile Apps, Web Apps, Digital Marketing",https://www.linkedin.com/in/ashraina/,"<span id=""ember2060"" class=""ember-view""><a data-control-name=""hashtag"" target=""_self"" href=""/feed/hashtag/?keywords=%23SafeTag"" id=""ember2062"" class=""hashtag-link ember-view""><span dir=""ltr"" id=""ember2063"" class=""hashtag-a11y ember-view""><span class=""visually-hidden"">hashtag</span><span aria-hidden=""true"">#</span><span class=""hashtag-a11y__name"">SafeTag</span></span></a></span><!---->",No Likes,No Replies
Vivek Singh,Senior Software Engineer at ValueLabs LLP,https://www.linkedin.com/in/vsvivek/,"<span id=""ember2098"" class=""ember-view""><span>Hi Ankur, most of the people have fulfilled one or the other criteria. I know few apps which I use very often and most people are are not aware of viz Mitto an online video streaming app,  assistant an app with full of data and analytics and cred which is popular but not that much.</span></span><!---->",No Likes,No Replies
Vipin Tyagi,Strategic Partnerships| Brand Alliances| Marketing Planning at Worldwide Media Pvt. Ltd. (Bennett Coleman & Co. Ltd.),https://www.linkedin.com/in/vipin-tyagi/,"<span id=""ember2130"" class=""ember-view""><span>Cashbag</span></span><!---->",No Likes,No Replies
Suhail Ayub,salesforce.com developer,https://www.linkedin.com/in/suhail-ayub-86884591/,"<span id=""ember2162"" class=""ember-view""><span>ProtonMail</span></span><!---->",No Likes,No Replies
Mohit Anand,Senior Program Manager at Microsoft,https://www.linkedin.com/in/anandmohit6/,"<span id=""ember2194"" class=""ember-view""><span>The Ken</span></span><!---->",No Likes,No Replies
Anas Ahmad Khan [Lee4z],Explore | Research | Innovate | Execute,https://www.linkedin.com/in/lee4z/,"<span id=""ember2226"" class=""ember-view""><span>Well, I am just here to download a few apps. :p</span></span><!---->",1 Like,No Replies
Deepti C.,Sr. Associate Manager - Reporting Business Intelligence Group at Eli Lilly Services India Pvt. Ltd.(LCCI),https://www.linkedin.com/in/deepti-c-3365543/,"<span id=""ember2259"" class=""ember-view""><span>Cred, Youcam perfect, future pay, Savaari lite, Bharatgas, Duolingo, Google news, Microsoft lens, Quora, LinkedIn learning, Eazydiner, SmartQ, Google opinion rewards, fittr, sadguru, Speed test, splitwise, zeta, Practo, 1mg, towness</span></span><!---->",No Likes,No Replies
Phalgun Polepalli,Mad Scientist at DICE Toy Labs.,https://www.linkedin.com/in/phalgun/,"<span id=""ember2291"" class=""ember-view""><span>Seek. It's an AI app that can recognise any plant species by analysing the photograph. One of the apps I recommend to a lot of people.</span></span><!---->",No Likes,No Replies
Shweta omble,--,https://www.linkedin.com/in/shweta-omble-8b9b3816b/,"<span id=""ember2324"" class=""ember-view""><span>""Talklife app"" this app is for depressed people...I use this app to help them who are facing anxiety...Now a days I'm using  LinkedIn app coz I'm searching job</span></span><!---->",1 Like,1 Reply
Shashi Raj,Product Management | Customer Experience | IIT Kharagpur,https://www.linkedin.com/in/shashirajiitkgp/,"<span id=""ember2391"" class=""ember-view""><span>Headspace</span></span><!---->",No Likes,No Replies
Ayush Goel,Lead Engineer at Directi,https://www.linkedin.com/in/ayushgoel/,"<span id=""ember2423"" class=""ember-view""><span>Google Scan</span></span><!---->",No Likes,No Replies
Naveen Puttanna,"Pre-Owned Cars, Automobile E-commerce, Business Development, strategy & planning, Team building, Relationship management",https://www.linkedin.com/in/naveen-puttanna-9a75a5a/,"<span id=""ember2457"" class=""ember-view""><span>Boomerang - For fun.

Splitwise - When you go out with friends on a trip &amp; have to split expenses.

Cred - To organise and track your credit cards.

Gpstrip - Most accurate GPS Time Speed &amp; Distance calculator which works with GPS.</span></span><!---->",No Likes,No Replies
Harmeet Singh Whan,Product Manager at OnePlus,https://www.linkedin.com/in/harmeetsinghwhan/,"<span id=""ember2489"" class=""ember-view""><span>	
Pocket - To save links of articles/content which you can read it later.&nbsp;

</span></span><a tabindex=""0"" rel=""noopener noreferrer"" target=""_blank"" href=""https://play.google.com/store/apps/details?id=com.ideashower.readitlater.pro&amp;hl=en_IN"" id=""ember2492"" class=""feed-link ember-view"">https://play.google.com/store/apps/details?id=com.ideashower.readitlater.pro&amp;hl=en_IN</a><!---->",No Likes,No Replies
Monika Yadav,tax and audit associate at Sudhir Karambelkar & Co,https://www.linkedin.com/in/monika-yadav-0903ba62/,"<span id=""ember2523"" class=""ember-view""><span>Meet-up</span></span><!---->",No Likes,No Replies
Amit Gaur,"16+ Five star Hotels F&B handling Experience,3 Years IT and Google Learning, Looking for Project to help Peoples",https://www.linkedin.com/in/manager-hotel/,"<a tabindex=""0"" rel=""noopener noreferrer"" target=""_blank"" href=""http://xn--c2b2bt6e.net/"" id=""ember2555"" class=""feed-link ember-view"">http://xn--c2b2bt6e.net/</a><span id=""ember2557"" class=""ember-view""><span>&nbsp; &nbsp; &nbsp; &nbsp; &nbsp; &nbsp; &nbsp; &nbsp; coming soon</span></span><!---->",No Likes,No Replies
Kanchana Salunkhe,working @ State Street Mumbai || CFA L1 Candidate || MBA Finance Student || MA (econ) || NISM(SEBI) Certified || NCFM,https://www.linkedin.com/in/kanchana1997/,"<span id=""ember2589"" class=""ember-view""><span>Where is my train</span></span><!---->",1 Like,No Replies
Vaibhav Mehrotra,Among India's Top 100 digital marketing professionals (Digi100) & Top 50 influential digital marketers (CMO Asia),https://www.linkedin.com/in/vaibhavmehrotra/,"<a data-control-name=""mention"" tabindex=""0"" href=""/in/warikoo/"" id=""ember2622"" class=""feed-link feed-shared-main-content__mention ember-view"" role=""link""><span data-entity-hovercard-id=""urn:li:fs_miniProfile:ACoAAABOlvUB-6uQpj5VtIz3pACOBVaAzOdTRBA"">Ankur Warikoo</span></a><span id=""ember2624"" class=""ember-view""><span> - surprised to not see </span></span><a data-control-name=""mention"" tabindex=""0"" href=""/company/1361916/"" id=""ember2627"" class=""feed-link feed-shared-main-content__mention ember-view"" role=""link""><span data-entity-hovercard-id=""urn:li:fs_miniCompany:1361916"">Feedly</span></a><span id=""ember2629"" class=""ember-view""><span> here. 

Thank you for this lovely super useful list.</span></span><!---->",No Likes,No Replies
Saurabh Singh,CAT'16: 99.12 || XAT'17: 98.50 || SNAP'16: 99.60 || MBA in Marketing,https://www.linkedin.com/in/saurabh-singh3994/,"<span id=""ember2661"" class=""ember-view""><span>'Score Match': A two minute race to two goals PVP football match.</span></span><!---->",No Likes,No Replies
Ramanuj Bhattacharjee,A Product & Strategy professional aimed at adding max possible value to Customers,https://www.linkedin.com/in/ramanuj/,"<span id=""ember2693"" class=""ember-view""><span>The only thing I can think of to fulfil the various criteria of the above question is:

The app ""City Navigator""

...an app....we at organization level are developing to make life of smart city CEOs much easier....</span></span>  <span class=""feed-shared-main-content--edited t-12 t-black--light t-normal"">(edited)</span>
",No Likes,No Replies
Raviraj Subramanian,Developer Advocate at Freshworks,https://www.linkedin.com/in/ravirajsubramanian/,"<a data-control-name=""mention"" tabindex=""0"" href=""/company/2973736/"" id=""ember2725"" class=""feed-link feed-shared-main-content__mention ember-view"" role=""link""><span data-entity-hovercard-id=""urn:li:fs_miniCompany:2973736"">Duolingo</span></a><span id=""ember2727"" class=""ember-view""><span> app for learning languages.

I am learning a couple of languages right now. I suggest everyone to download this app and just get started with any language and the app's great gamification will take the remaining work of you continue learning it.</span></span><!---->",1 Like,No Replies
Prince Aaditya,"Lixil Corporation | Tata Trusts | MoDWS, Govt. of India | Mother Dairy | MBA | International Business | FMS BHU",https://www.linkedin.com/in/princaaditya/,"<span id=""ember2760"" class=""ember-view""><span>Quora.</span></span><!---->",No Likes,No Replies
Shubham Upadhyay,Product Marketing Manager,https://www.linkedin.com/in/supadhyay7/,"<span id=""ember2797"" class=""ember-view""><span>Storytel.
</span></span><!---->",No Likes,No Replies
Umesh Kanti Mukherjee,Strategic marketing and business development,https://www.linkedin.com/in/umesh-kanti-mukherjee-28630b32/,"<span id=""ember2829"" class=""ember-view""><span>We transfer</span></span><!---->",No Likes,No Replies
Prudhvi Potuganti,Data Scientist | Craves to Learn | Loves to Solve | Lives to teach,https://www.linkedin.com/in/prudhvip/,"<span id=""ember2860"" class=""ember-view""><span>Quality time  : To track your phone usage
SMS organizer by Microsoft</span></span><!---->",2 Likes,No Replies
Anuroop Pareek,T24 Project Manager / T24 Consultant / Release and Change Manager at Cognizant,https://www.linkedin.com/in/anuroop-pareek-94a1395/,"<span id=""ember2893"" class=""ember-view""><span>cab service provider like ola, uber</span></span><!---->",No Likes,No Replies
Husain Saify,100+ Happy clients | Mobile & Web Developer | Product built for startups got into YCombinator and got funding by VC,https://www.linkedin.com/in/husain-saify/,"<span id=""ember2925"" class=""ember-view""><span>I use ticktick to keep record of my habits</span></span><!---->",No Likes,No Replies
Divya Kant Singh,Associate Product Designer,https://www.linkedin.com/in/divyakant360/,"<span id=""ember2957"" class=""ember-view""><span>Notion. I can't express how easy this app has made it for me. My notes, blogs, todos, documentation and files are held in there. If you use it creatively, its pretty much word, notes, excel, trello, evernote, drive, hubspot in one app.</span></span>  <span class=""feed-shared-main-content--edited t-12 t-black--light t-normal"">(edited)</span>
",No Likes,No Replies
Shubham Deshmukh,QlikSense DA & BA Certified | QlikView | TCS | Analytics,https://www.linkedin.com/in/shubham-deshmukh-89612ba2/,"<span id=""ember2989"" class=""ember-view""><span>Dream League Soccer...very good soccer game....
CRED - for credit card bills, a useful one</span></span><!---->",No Likes,No Replies
Pratiksha J.,Software Engineer at HSBC | Java developer,https://www.linkedin.com/in/pratiksha-j/,"<span id=""ember3021"" class=""ember-view""><span>The Cred app is really cool these days. Also, Dunzo is great, though it's not available in many cities. I absolutely admire Flo app for tracking menstruation which I'm not sure how many women are aware of.</span></span>  <span class=""feed-shared-main-content--edited t-12 t-black--light t-normal"">(edited)</span>
",1 Like,No Replies
Manish Kaul,"Design And Development, Narnix Technolabs Pvt Ltd",https://www.linkedin.com/in/manish-kaul-343228b3/,"<span id=""ember3054"" class=""ember-view""><span>Medium.</span></span><!---->",No Likes,No Replies
Asmita kumari,MBA student at New Delhi Institute of Management,https://www.linkedin.com/in/asmita-kumari-8a432a156/,"<span id=""ember3086"" class=""ember-view""><span>Duolingo&nbsp;</span></span><!---->",1 Like,No Replies
Ajay Yadav,Software Developer at Travel Boutique Online,https://www.linkedin.com/in/ajay-yadav-b20067109/,"<span id=""ember3122"" class=""ember-view""><span>Turbo VPN.to view all the blocked sites.</span></span><!---->",No Likes,1 Reply
Ajay Yadav,Software Developer at Travel Boutique Online,https://www.linkedin.com/in/ajay-yadav-b20067109/,"<span id=""ember3189"" class=""ember-view""><span>Autodial.specially to bug the person who is not picking up my call by calling them multiple times without me actually dialling.</span></span><!---->",No Likes,1 Reply
Rishi Vandhan,"Ex - EY | Goldman Sachs | KPMG | US-CPA | Audit, Accounting, BDM & Consulting",https://www.linkedin.com/in/rishi-vandhan/,"<span id=""ember3220"" class=""ember-view""><span>@</span></span><a data-control-name=""mention"" tabindex=""0"" href=""/in/warikoo/"" id=""ember3223"" class=""feed-link feed-shared-main-content__mention ember-view"" role=""link""><span data-entity-hovercard-id=""urn:li:fs_miniProfile:ACoAAABOlvUB-6uQpj5VtIz3pACOBVaAzOdTRBA"">Ankur Warikoo</span></a><span id=""ember3225"" class=""ember-view""><span>&nbsp;: NOTHING.&nbsp; There's this app called Nothing, and ofc the app has nothing, but a blank screen with the words 'nothing'.&nbsp; Now ppl would say the app really is nothing, but trust me its something. It helped me reduce anxiety and also helped me curb my habit of jst unlocking phone and to open an app, mostly social media or news. also it makes me hella conscious. I've even told my friends with unsolvable problems, that there's an app for that. Its Nothing.&nbsp;
ofcourse there is no economics behind the app. i remember one person saying : this is like an app for meditation.&nbsp;</span></span><!---->",7 Likes,3 Replies
Zulfikar Dhanse,"An entrepreneur who loves life, is always grateful, always learning & loves creating awesome products and services.",https://www.linkedin.com/in/zdhanse/,"<span id=""ember3325"" class=""ember-view""><a data-control-name=""hashtag"" target=""_self"" href=""/feed/hashtag/?keywords=%23prioritymatrix"" id=""ember3327"" class=""hashtag-link ember-view""><span dir=""ltr"" id=""ember3328"" class=""hashtag-a11y ember-view""><span class=""visually-hidden"">hashtag</span><span aria-hidden=""true"">#</span><span class=""hashtag-a11y__name"">prioritymatrix</span></span></a></span><!---->",No Likes,No Replies
Puja Wadhawan,Digital Tranformation Consultant at Comviva (Mahindra),https://www.linkedin.com/in/puja-wadhawan-696773ba/,"<span id=""ember3359"" class=""ember-view""><span>It's a secret app... Why anyone would share here</span></span><!---->",No Likes,No Replies
Akash Ranjan Patra,Internet Operations Executive at vivo India,https://www.linkedin.com/in/akashpatra/,"<span id=""ember3391"" class=""ember-view""><span>Bass Booster, WhatsApp Status Downloader, TempMail, ADM, &amp; Universal Copy.</span></span><!---->",1 Like,No Replies
Srijan R Shetty,FinTech Enterpreneur | Full Stack Dev | Ex Goldman | IIT Kanpur,https://www.linkedin.com/in/srijanshetty/,"<span id=""ember3424"" class=""ember-view""><span>Tasker for phone automation, Anki for Spaced Repetition.</span></span><!---->",No Likes,No Replies
Avro Mukerji,Investment Counselor,https://www.linkedin.com/in/avro-mukerji-48557421/,"<span id=""ember3456"" class=""ember-view""><span>Stock star</span></span><!---->",1 Like,No Replies
Virendra Maloo,"Founder, RAROME",https://www.linkedin.com/in/virendramaloo/,"<span id=""ember3489"" class=""ember-view""><span>Zoho mail, zoho desk

Both are better than most I've used.</span></span><!---->",No Likes,No Replies
Aman Singh,Senior Manager at UrbanClap UAE | Ex-Zomato,https://www.linkedin.com/in/4man5ingh/,"<span id=""ember3521"" class=""ember-view""><span>Todoist, Evernote, MyCams</span></span><!---->",No Likes,No Replies
Yashas K,Udaan |ex- Jumbotail | NIT-K,https://www.linkedin.com/in/yashas-k-64036085/,"<span id=""ember3557"" class=""ember-view""><span>Cred</span></span><!---->",No Likes,No Replies
Sakshi Kaul,Senior Consultant - SAP ABAP/Workflow/ODATA | TCS | Ex - Accenture | ITIL Certified,https://www.linkedin.com/in/sakshi-kaul-874725111/,"<span id=""ember3589"" class=""ember-view""><span>Pocket and CamScanner! You can save any kind of content in Pocket and read it later. Very useful.</span></span>  <span class=""feed-shared-main-content--edited t-12 t-black--light t-normal"">(edited)</span>
",No Likes,No Replies
Ankit Saraswat,Building India's regional content podcasting and storytelling platform at KukuFM,https://www.linkedin.com/in/ankitsaraswat/,"<span id=""ember3621"" class=""ember-view""><span>Kuku FM for Hindi Audio Books, summaries and Stories</span></span><!---->",1 Like,No Replies
Parikshit Khanna,Senior Executive - Social Media at Bhartiya City Developers,https://www.linkedin.com/in/parikshitkhanna/,"<span id=""ember3654"" class=""ember-view""><span>Storytel to read good books while traveling</span></span><!---->",No Likes,No Replies
Saurabh Kumar,"A FinTech Enthusiast, Assistant Manager at HDFC Virtual Banking.",https://www.linkedin.com/in/saurabh-kumar-513616140/,"<span id=""ember3686"" class=""ember-view""><span>To Do List</span></span><!---->",No Likes,No Replies
Prashant Mandowara,Sr Environment Artist at Sumo video games,https://www.linkedin.com/in/prashantman87/,"<span id=""ember3718"" class=""ember-view""><span>Well, I prefer airplane mode while I am at home :)</span></span><!---->",1 Like,No Replies
Shantanu Das,MBA - Master of Business Administration at Calcutta Institute Of Engineering And Management,https://www.linkedin.com/in/shantanu-das-a40095ba/,"<span id=""ember3751"" class=""ember-view""><span>Nearbuy app. Great and helpful but most people does not know about it.</span></span><!---->",No Likes,No Replies
Vishal Shrishrimal,--,https://www.linkedin.com/in/vishal-shrishrimal-1a614b49/,"<span id=""ember3783"" class=""ember-view""><span>Sorted</span></span><!---->",No Likes,No Replies
Swadeep Pillarisetti,Founder and CEO,https://www.linkedin.com/in/swadeep/,"<span id=""ember3815"" class=""ember-view""><span>WannaThankYou</span></span><!---->",No Likes,No Replies
Shantanu Das,A NOBODY- Do not view my profile. I am here just to share DUMB thoughts. That is all.,https://www.linkedin.com/in/shantanudasindia/,"<span id=""ember3847"" class=""ember-view""><span>How would ONE know whether the APP I use most others do not use?

I use canon camera connect
Then lightmeter

Please pay me royalty if my answer gives yiu business idea.</span></span><!---->",No Likes,No Replies
Ashutosh Chopde,Application Support | NPS,https://www.linkedin.com/in/ashutoshchopde/,"<span id=""ember3882"" class=""ember-view""><span>Quick Event Logger for my daily logging needs...</span></span><!---->",No Likes,No Replies
Amanjeet Singh Malhotra,Program Manager at Popshot | Global Young Leader FellowShip Awardee,https://www.linkedin.com/in/amanjeet-singh-malhotra-b3023b154/,"<span id=""ember3914"" class=""ember-view""><span>Popshot The smart Browser, because it’s just too 😎</span></span><!---->",No Likes,No Replies
Ashwaghosh Wankhade,Operations manager and plant head @ AEC,https://www.linkedin.com/in/ashwaghoshwankhade/,"<span id=""ember3946"" class=""ember-view""><span>Xmind</span></span><!---->",No Likes,No Replies
Deepanraj Maraimani,UX Research | Architect,https://www.linkedin.com/in/designerdeepan/,"<span id=""ember3978"" class=""ember-view""><span>There is a app called “nothing” install and try it .</span></span><!---->",No Likes,No Replies
Abhishek Kumar,Quintessential Marketer | Speaker | Guest Faculty,https://www.linkedin.com/in/abhishek-kumar-53b54616/,"<span id=""ember4010"" class=""ember-view""><span>Lettrs</span></span><!---->",No Likes,No Replies
Saahil Dhaka,Student,https://www.linkedin.com/in/saahildhaka/,"<span id=""ember4042"" class=""ember-view""><span>Todoist!</span></span><!---->",1 Like,No Replies
Anirudh Z.,CTO | CEO | Managing Director | Online Classifieds Solutions,https://www.linkedin.com/in/arzala/,"<span id=""ember4075"" class=""ember-view""><span>Samsung Notes 🙂</span></span><!---->",No Likes,No Replies
Vishesh Soni,"Event Coordinator, E-Summit 2020 at E-Cell, IIT BHU",https://www.linkedin.com/in/vishesh-soni-2766b8171/,"<span id=""ember4107"" class=""ember-view""><span>Pocket for having all of my bookmarks at one place either from PC, tablet or phone, Castbox for Listening to Podcasts , Bain insights for good insights related to business</span></span><!---->",No Likes,No Replies
Arpit Rastogi,Ex-PayU | Analysis | Growth | Strategy,https://www.linkedin.com/in/arpit-rastogi-48a8b662/,"<span id=""ember4139"" class=""ember-view""><span>Unsplash, Pexels, 500px, </span></span><a tabindex=""0"" rel=""noopener noreferrer"" target=""_blank"" href=""http://Cricket.com"" id=""ember4142"" class=""feed-link ember-view"">Cricket.com</a><!---->",1 Like,No Replies
Eisen Picardo,Talent Management | Assessments | Activations | Branding,https://www.linkedin.com/in/eisenpicardo/,"<span id=""ember4174"" class=""ember-view""><span>Fitapp</span></span><!---->",No Likes,No Replies
Mansi Babbar,Associate Product Manager | Paytm,https://www.linkedin.com/in/mansibabbar19/,"<span id=""ember4208"" class=""ember-view""><span>An app called </span><a data-control-name=""hashtag"" target=""_self"" href=""/feed/hashtag/?keywords=%23Textcutie"" id=""ember4211"" class=""hashtag-link ember-view""><span dir=""ltr"" id=""ember4212"" class=""hashtag-a11y ember-view""><span class=""visually-hidden"">hashtag</span><span aria-hidden=""true"">#</span><span class=""hashtag-a11y__name"">Textcutie</span></span></a><span> !</span></span><!---->",No Likes,No Replies
Rohan Deshmukh,Business Development and Sales | Marketing Communication | International Trade |,https://www.linkedin.com/in/rohanrdeshmukh/,"<span id=""ember4244"" class=""ember-view""><span>Pocket: For saving web links of pages I'd like to go back to again later

Microsoft Office Lens: As good as Camscanner</span></span><!---->",No Likes,No Replies
Nitin Bhatia,"Trusted advisor | Delivering tomorrow's CX, today | India 40under40 in Digital Marketing | Global Top 100 SalesExpert on Twitter | Mr. Bean of Digital Marketing | India Top10 Sales Leaders | PASSIONPreneur",https://www.linkedin.com/in/nitinspeaks/,"<span id=""ember4276"" class=""ember-view""><span>Overlay : Photo over a Photo 

Typorama : for Adding Text on a Pic 

Splice : For Video Editing</span></span><!---->",1 Like,No Replies
Suresh Kumar Puthen,An MBA with 25+ years of experience who likes to work in organizations which appreciates your smart work and loyalty.,https://www.linkedin.com/in/suresh-kumar-puthen-a332645/,"<span id=""ember4309"" class=""ember-view""><span>1mg. Online medical store and health care app. Very useful.</span></span><!---->",No Likes,No Replies
Shruti Shukla,Seeking opportunity in the field of marketing,https://www.linkedin.com/in/shruti-shukla-78840654/,"<span id=""ember4341"" class=""ember-view""><span>Vaasara :-)</span></span><!---->",No Likes,No Replies
Gopal Krishan Sharma,Designer|Management|Ux/Ui|Hundredplus|HR|Social Media,https://www.linkedin.com/in/gopal-krishan-sharma-ba93b2144/,"<span id=""ember4373"" class=""ember-view""><span>Foxit pdf</span></span><!---->",No Likes,No Replies
Deepak Tiwari,"Science Journalist, Freelance",https://www.linkedin.com/in/dpktiwari/,"<span id=""ember4405"" class=""ember-view""><span>Paperity, great app for reading research journals.</span></span><!---->",No Likes,No Replies
Gaurav Prakash,Consultative Sales|Sales Strategy|Products & Platforms| Key Accounts|Digital|Acquisition&Growth| Startups|Emerging Tech|,https://www.linkedin.com/in/prakashgauravm/,"<span id=""ember4437"" class=""ember-view""><span>Goodreads.</span></span><!---->",1 Like,No Replies
Manmeet Kaur,Founder | Always Trust a Women Entrepreneur with Marketing as she always know how to get the Attention!,https://www.linkedin.com/in/manmeet-kaur-digizap/,"<span id=""ember4470"" class=""ember-view""><span>Vision board</span></span><!---->",1 Like,No Replies
Sunita Patel,Principal Quality Assurance Engineer at Innominds,https://www.linkedin.com/in/sunita-patel-8705b668/,"<span id=""ember4503"" class=""ember-view""><span>Quora</span></span><!---->",No Likes,No Replies
Parimal Shah,"Market place - Stars -Brands- Fans - Video /Images for Ad , Video -Greetings-Invitation , QA,on occasion by Stars",https://www.linkedin.com/in/parimal-shah-3662648/,"<span id=""ember4537"" class=""ember-view""><span>Kamafio.io , earn  $ by just doing what you love yo do. Just shoot  video  or still while using any product @ home or out side  post it Brands will pay, if they like it. One must have good  following  on insta!</span></span><!---->",No Likes,No Replies
Ankur Agrawal,Young CFO at Minda Kosei,https://www.linkedin.com/in/youngcfoankur/,"<span id=""ember4569"" class=""ember-view""><span>Blinkist</span></span><!---->",No Likes,No Replies
Lalith Narayan,Welcome! :),https://www.linkedin.com/in/lalith-narayan-27a89a1b/,"<span id=""ember4601"" class=""ember-view""><span>MeisterTask&nbsp;for organization of time</span></span><!---->",No Likes,No Replies
Urvish Thakor,A Curious Learner,https://www.linkedin.com/in/urvish-thakor-346a94120/,"<span id=""ember4633"" class=""ember-view""><span>habit</span></span><!---->",No Likes,No Replies
Neelabhro Roy,"UG Researcher @ Laboratory for Cyber Physical Systems,IIIT-Delhi",https://www.linkedin.com/in/neelabhro-roy/,"<span id=""ember4665"" class=""ember-view""><span>Shazam!</span></span><!---->",No Likes,No Replies
Abhishek Barat,Senior Manager WFM at Concentrix,https://www.linkedin.com/in/abhishek-barat-34736aa/,"<span id=""ember4697"" class=""ember-view""><span>Cred</span></span><!---->",No Likes,No Replies
Jatin Sandilya,Software Engineer - Scootsy (a Swiggy company),https://www.linkedin.com/in/jatin-sandilya-87914893/,"<span id=""ember4729"" class=""ember-view""><span>Blind - anonymous community app for workplaces.
 
</span></span><a tabindex=""0"" rel=""noopener noreferrer"" target=""_blank"" href=""https://www.teamblind.com"" id=""ember4732"" class=""feed-link ember-view"">https://www.teamblind.com</a><span id=""ember4734"" class=""ember-view""><span>
Web result with site links
Blind</span></span><!---->",No Likes,No Replies
Farzan Patel,Social Media Marketing Intern at Truebil,https://www.linkedin.com/in/farzanpatel4/,"<span id=""ember4774"" class=""ember-view""><span>Knudge.me</span></span><!---->",No Likes,No Replies
Christina Mary,Service Engineer at e-Rational,https://www.linkedin.com/in/christina-mary-04aa7280/,"<span id=""ember4806"" class=""ember-view""><span>Quora</span></span><!---->",No Likes,No Replies
Anubhav Routray,Graduate Engineering Trainee at Bajaj Auto Ltd,https://www.linkedin.com/in/anubhavroutray/,"<span id=""ember4838"" class=""ember-view""><span>Kite and upstox pro :)</span></span><!---->",No Likes,No Replies
vaibhav shukla,Engineer at L&T Technology Services,https://www.linkedin.com/in/vaibhav-shukla-816505112/,"<span id=""ember4872"" class=""ember-view""><span>Broadcast lists</span></span><!---->",No Likes,No Replies
Gaurav Thakur,Commission Sales Associate at PolicyBazaar.com,https://www.linkedin.com/in/gaurav-thakur-099a6b133/,"<span id=""ember4905"" class=""ember-view""><span>Anybooks... a great app for book readers</span></span><!---->",3 Likes,1 Reply
Nishant Mittal,Management student at IIM SHILLONG,https://www.linkedin.com/in/nishant-mittal-a02a5312b/,"<span id=""ember4972"" class=""ember-view""><span>Magzter</span></span><!---->",No Likes,No Replies
Munishwar Gairola,Manager - Tech Support,https://www.linkedin.com/in/munishwar-gairola-54164953/,"<span id=""ember5005"" class=""ember-view""><span>What if I say Google's play store app;)</span></span><!---->",5 Likes,1 Reply
Vinayak Pai,Business Process Automation,https://www.linkedin.com/in/vinayakpai/,"<span id=""ember5073"" class=""ember-view""><span>Scribd</span></span><!---->",No Likes,No Replies
Sriharsha Nori,Business Analyst at Sonata Software Ltd.,https://www.linkedin.com/in/sriharshanori/,"<span id=""ember5105"" class=""ember-view""><span>DailyNinja - For your daily needs</span></span><!---->",No Likes,No Replies
"Aditya Mehta, CAIA",Digital Marketing | MBA from London Business School,https://www.linkedin.com/in/adityamehta/,"<span id=""ember5137"" class=""ember-view""><span>Elevate - brain training</span></span><!---->",No Likes,No Replies
Parth Sanghani,Transforming organizations with cloud strategies,https://www.linkedin.com/in/parth-sanghani-74b23799/,"<span id=""ember5169"" class=""ember-view""><span>Mparivahan</span></span><!---->",1 Like,No Replies
Shelton R.,Digital Transformation | Cloud | Machine Learning,https://www.linkedin.com/in/sheltonrego/,"<span id=""ember5201"" class=""ember-view""><span>Reddit</span></span><!---->",3 Likes,1 Reply
Vaibhav Vijay,Regional Manager - Key Accounts and Fleet Sales at Daimler Trucks Asia,https://www.linkedin.com/in/vaibhav-vijay-6ab16474/,"<span id=""ember5267"" class=""ember-view""><span>GoBumpr is one such app which needs more reach.</span></span><!---->",No Likes,No Replies
Ashwin Vedachalam,Product Management at Salesforce,https://www.linkedin.com/in/ashwin-vedachalam-98a3a177/,"<span id=""ember5301"" class=""ember-view""><span>Impact app. @Aparna Pande</span></span><!---->",No Likes,No Replies
Dr Aniruddha Malpani,Angel Investor. Malpani Ventures. Funding frugal innovation in India.,https://www.linkedin.com/in/aniruddhamalpani/,"<a data-control-name=""mention"" tabindex=""0"" href=""/in/warikoo/"" id=""ember5334"" class=""feed-link feed-shared-main-content__mention ember-view"" role=""link""><span data-entity-hovercard-id=""urn:li:fs_miniProfile:ACoAAABOlvUB-6uQpj5VtIz3pACOBVaAzOdTRBA"">Ankur Warikoo</span></a><span id=""ember5336"" class=""ember-view""><span> great question 😊</span></span><!---->",7 Likes,1 Reply
Aravind Gogineni,Business Development Manager at StraitsBridge,https://www.linkedin.com/in/aravindgogineni/,"<span id=""ember5406"" class=""ember-view""><span>Storytel
Canva
Habit bull</span></span><!---->",1 Like,No Replies
Varun Das,Manager | Smart Home Automation | IoT,https://www.linkedin.com/in/vadas/,"<span id=""ember5439"" class=""ember-view""><span>Pocket. Absolutely great when it comes to reading articles!</span></span><!---->",No Likes,No Replies
Yusuf Hassan,Building awesome products | PayTM | ex Tapzo (acq. by Amazon),https://www.linkedin.com/in/syedyhassan/,"<span id=""ember5471"" class=""ember-view""><span>Umang</span></span><!---->",No Likes,No Replies
Nihal Lunkad,Early Stage VC at Guild Capital | CA | CFA Level II Candidate | Ex-KPMG,https://www.linkedin.com/in/nihal-lunkad-19421b11a/,"<span id=""ember5503"" class=""ember-view""><span>Pocket - To save articles for future read</span></span><!---->",No Likes,No Replies
Swapnil Borkar,"Product Design, CleverTap | Mentor, Launchpad by Google",https://www.linkedin.com/in/swapnilborkar/,"<span id=""ember5535"" class=""ember-view""><span>Aawaz Podcasts by </span></span><a data-control-name=""mention"" tabindex=""0"" href=""/company/13408135/"" id=""ember5538"" class=""feed-link feed-shared-main-content__mention ember-view"" role=""link""><span data-entity-hovercard-id=""urn:li:fs_miniCompany:13408135"">Agrahyah Technologies</span></a><span id=""ember5540"" class=""ember-view""><span> by </span></span><a data-control-name=""mention"" tabindex=""0"" href=""/in/sreeraman/"" id=""ember5543"" class=""feed-link feed-shared-main-content__mention ember-view"" role=""link""><span data-entity-hovercard-id=""urn:li:fs_miniProfile:ACoAAAD-cH4BVitYCJHNofRHLRSgSmiNmxtDNs4"">Sreeraman</span></a><span id=""ember5545"" class=""ember-view""><span>. It has a good focus on the podcast industry for Bharat.

</span></span><a data-control-name=""mention"" tabindex=""0"" href=""/company/3832633/"" id=""ember5548"" class=""feed-link feed-shared-main-content__mention ember-view"" role=""link""><span data-entity-hovercard-id=""urn:li:fs_miniCompany:3832633"">Calm</span></a><span id=""ember5550"" class=""ember-view""><span> for meditation and listening to bedtime stories by famous personalities.

Rave to watch videos together with friends in sync.

MumTrafficApp to understand if I have any violations and pending e-challans and crowdsourcing traffic violations and illegal activities.

Kyte (YC Funded) to not notify me of spam and be a kick-ass SMS organizer.</span></span><!---->",1 Like,No Replies
Preeta Sanjith,Marketing | Business Development| Writer| Story teller| Life coach| Entrepreneur,https://www.linkedin.com/in/preeta-sanjith-97b4b86/,"<span id=""ember5583"" class=""ember-view""><span>Lumosity.. it's series if brain games... to keep brain active, mindvalley- they have lots of quests and master classes - spirituality related</span></span><!---->",No Likes,No Replies
Tauseef Malik,Software Engineer at Aqua Security,https://www.linkedin.com/in/tauseefmalik/,"<span id=""ember5615"" class=""ember-view""><span>Money manager to keep track of expenses and Tide for a good sound sleep :)</span></span><!---->",2 Likes,No Replies
Samir Datar,Senior Vice President at Hakuhodo Percept Pvt. Ltd.,https://www.linkedin.com/in/samirdatar/,"<span id=""ember5648"" class=""ember-view""><span>Forest</span></span><!---->",No Likes,No Replies
Shweta Dayal,Talent Business Advisor at Deloitte,https://www.linkedin.com/in/shwetadayal/,"<span id=""ember5683"" class=""ember-view""><span>Culture Trip</span></span><!---->",No Likes,No Replies
Smriddhi Khanna,Campaign Management | Client Servicing,https://www.linkedin.com/in/smriddhi-khanna-723a79134/,"<span id=""ember5715"" class=""ember-view""><span>I would have said Inshorts and nearbuy as I have used them lately. But from the comments, I feel that, many people already know about them both. The apps that I use and which not much people would be knowing of is Future Pay and Fenesta - Customize Your Windows and Doors. Fenesta launched it's mobile App couple of months back and it gives you an amazing user experience before even stepping into a showroom or before getting the windows and doors installed at your home.</span></span><!---->",No Likes,No Replies
Pragati Basu,Digital Communications Officer at Talkwalker,https://www.linkedin.com/in/pragati-basu-123b8725/,"<span id=""ember5747"" class=""ember-view""><span>Headspace - for meditation. It's really useful!
</span></span><!---->",No Likes,No Replies
Vineet Singh,Product Manager at Discus Business Solutions,https://www.linkedin.com/in/vineet-singh-pm/,"<span id=""ember5779"" class=""ember-view""><span>Greenbox</span></span><!---->",No Likes,No Replies
"Dheeraj Mohan MBA (UK),CeFA (UK)","Founder at Ta-Da, TopGear MC",https://www.linkedin.com/in/dheerajmohan/,"<a data-control-name=""mention"" tabindex=""0"" href=""/in/warikoo/"" id=""ember5811"" class=""feed-link feed-shared-main-content__mention ember-view"" role=""link""><span data-entity-hovercard-id=""urn:li:fs_miniProfile:ACoAAABOlvUB-6uQpj5VtIz3pACOBVaAzOdTRBA"">Ankur Warikoo</span></a><span id=""ember5813"" class=""ember-view""><span> Fabulous.</span></span><!---->",No Likes,No Replies
Ayush Gupta,Node.js & React Developer | Google Firebase | Undergrad at GLA University,https://www.linkedin.com/in/ayush-gupta-90bb43131/,"<span id=""ember5845"" class=""ember-view""><span>MeWe - a social media platform that doesn't track like facebook.</span></span><!---->",1 Like,No Replies
ABDUL RASHID,Ex-OYO II Ex-HONDA II Ex-MS,https://www.linkedin.com/in/abdul-rashid/,"<span id=""ember5878"" class=""ember-view""><span>V stays</span></span><!---->",No Likes,No Replies
RAJEEV SHANDILLYA,"General Manager at Hotel Kanha Shyam, Allahabad",https://www.linkedin.com/in/rajeev-shandillya-a089b34/,"<span id=""ember5910"" class=""ember-view""><span>Braham.in apps which Worlds First Medical Search Engine</span></span><!---->",1 Like,No Replies
Ankit Goswami,"Digital Growth Strategy |Product|Marketing| Digital Transformation|Airtel |ex- Aditya Birla Group, Ericsson | IIM B",https://www.linkedin.com/in/ankit-goswami/,"<span id=""ember5950"" class=""ember-view""><span>Groww - To track investments 
Walnut - To track daily expenses</span></span><!---->",2 Likes,1 Reply
Isha Garg,Marketing Manager - Tata Steel Ltd.,https://www.linkedin.com/in/isha-garg-pgp08089/,"<span id=""ember6018"" class=""ember-view""><span>Walnut</span></span><!---->",No Likes,No Replies
Aman Gaur,Deputy Manager - Growth | Sales Ops | Business Analytics at Paytm,https://www.linkedin.com/in/aman-gaur-1985b851/,"<span id=""ember6053"" class=""ember-view""><span>Suppr</span></span><!---->",No Likes,No Replies
Adeeba Fatima,Pursuing Master's in Computer Science and Engineering at IIT Bhubaneswar,https://www.linkedin.com/in/adeeba-fatima-070056a2/,"<span id=""ember6088"" class=""ember-view""><span>Medium</span></span><!---->",No Likes,No Replies
Debadideb Datta,Director - Finance & Ops ▣ Nonprofit Sector Generalist,https://www.linkedin.com/in/debadideb/,"<span id=""ember6120"" class=""ember-view""><span>GoodBudget by </span></span><a data-control-name=""mention"" tabindex=""0"" href=""/company/2354941/"" id=""ember6123"" class=""feed-link feed-shared-main-content__mention ember-view"" role=""link""><span data-entity-hovercard-id=""urn:li:fs_miniCompany:2354941"">Dayspring Technologies, Inc.</span></a><span id=""ember6125"" class=""ember-view""><span> Have been using this personal budget management app when it was still in beta since 2010 and have never felt the need to look for an alternative.</span></span>  <span class=""feed-shared-main-content--edited t-12 t-black--light t-normal"">(edited)</span>
",No Likes,No Replies
Manohar Singh Rajpurohit,"Digital Marketing Professional in Healthcare | Executing Digital Strategies for Doctors, Clinics & Hospitals | Blogger",https://www.linkedin.com/in/manohar-singh-rajpurohit/,"<span id=""ember6157"" class=""ember-view""><span>Todoist 🤗</span></span><!---->",No Likes,No Replies
Abhishek Saini,---,https://www.linkedin.com/in/abhishek-saini-0190/,"<span id=""ember6189"" class=""ember-view""><span>F</span></span><!---->",No Likes,No Replies
Zeel Mota,BE MECHANICAL ENGINEER,https://www.linkedin.com/in/zeel-mota-2983b2b0/,"<span id=""ember6221"" class=""ember-view""><span>One hour to count my usage on mobile with different analysis</span></span><!---->",No Likes,No Replies
Bijay Gautam,Podcast Expert 🎤| Host- #1 Self-Help Podcast | Professional Speaker,https://www.linkedin.com/in/bijaygautam/,"<span id=""ember6253"" class=""ember-view""><span>Castbox- Podcast listening app!</span></span><!---->",4 Likes,No Replies
Sparsh Oberoi,Leadership| Project Management| SQL| LEAN| Risk Management| Investment & Financial Operations| Research| Capital Markets,https://www.linkedin.com/in/sparshoberoi/,"<span id=""ember6286"" class=""ember-view""><span>Pulse by Zerodha</span></span><!---->",No Likes,No Replies
Manish Gadekar,CloudOps | DevOps | ContainerOps,https://www.linkedin.com/in/manishgadekar/,"<a data-control-name=""mention"" tabindex=""0"" href=""/company/13181463/"" id=""ember6318"" class=""feed-link feed-shared-main-content__mention ember-view"" role=""link""><span data-entity-hovercard-id=""urn:li:fs_miniCompany:13181463"">MyGate</span></a><!---->",1 Like,No Replies
Aditya Gaurav,Open To New Opportunities,https://www.linkedin.com/in/iamadityagaurav/,"<a data-control-name=""mention"" tabindex=""0"" href=""/company/10369067/"" id=""ember6350"" class=""feed-link feed-shared-main-content__mention ember-view"" role=""link""><span data-entity-hovercard-id=""urn:li:fs_miniCompany:10369067"">Unacademy</span></a><span id=""ember6352"" class=""ember-view""><span> and </span></span><a data-control-name=""mention"" tabindex=""0"" href=""/company/9147723/"" id=""ember6355"" class=""feed-link feed-shared-main-content__mention ember-view"" role=""link""><span data-entity-hovercard-id=""urn:li:fs_miniCompany:9147723"">Podbean</span></a><!---->",No Likes,No Replies
Shravan Punna,Digital Transformation Consultant | Project/ Product Management | IIM Udaipur - BITS Pilani,https://www.linkedin.com/in/shravan-punna/,"<span id=""ember6387"" class=""ember-view""><span>Pedometer app - to count my steps and for health report
Expense manager - to track my expenses on weekly/monthly basis along with categories I spend on
Podcasts app by Google - to listen to podcasts
Wordweb - to quickly check the meanings of words and their antonyms</span></span><!---->",1 Like,No Replies
prabhhav sharma,XR developer,https://www.linkedin.com/in/prabhhav-sharma/,"<span id=""ember6420"" class=""ember-view""><span>App block to block certain apps like Instagram during my working period. Google lens for identifying birds and plants around me. Satva for meditation. Samsung health for my running</span></span><!---->",No Likes,No Replies
Suraj Pratap Singh,I help people to grow mentally and financially!,https://www.linkedin.com/in/suraj-pratap-singh-33b36479/,"<span id=""ember6452"" class=""ember-view""><span>LinkedIn 😄🧐</span></span><!---->",No Likes,No Replies
Shubham Saini,"Software Engineer, Qt, C++, Raspberry Pi, Product development, GUI desktop applications",https://www.linkedin.com/in/shubhamjan12/,"<span id=""ember6484"" class=""ember-view""><span>Walnut for expense management</span></span><!---->",No Likes,No Replies
Anand Mooley,"National Product Manager - Cash, Network and Currency Chest Mgt | Cluster Head - Banking | Branch Head - Banking |",https://www.linkedin.com/in/anand-mooley-a80a0762/,"<span id=""ember6516"" class=""ember-view""><span>Thanks for the Q, Ankur. Helped me to know about lots of apps at a same place.</span></span><!---->",1 Like,No Replies
Indrajeet Singh,Co-Founder & CPO at TresMoto ll Mechanical Engineer || Shell E4,https://www.linkedin.com/in/indrajeetsingh16/,"<span id=""ember6549"" class=""ember-view""><span>Researcher, it displays the latest abstracts from your chosen journals.</span></span><!---->",No Likes,No Replies
Aditya R.,#thegrowthguy | 21 Under 21 | Execution = my forte | Leveraging psychology & technology to drive growth,https://www.linkedin.com/in/aditya-raja/,"<span id=""ember6581"" class=""ember-view""><span>My Business :)</span></span><!---->",2 Likes,No Replies
Harshit Pandey,Marketo | Adobe Audience Manager Business Practitioner | Salesforce Audience Studio (Krux),https://www.linkedin.com/in/harshit132/,"<span id=""ember6614"" class=""ember-view""><span>Plex</span></span><!---->",1 Like,No Replies
Sanchit Kulkarni,Software Development Engineer at MoveInSync,https://www.linkedin.com/in/sanchit-kulkarni/,"<span id=""ember6647"" class=""ember-view""><span>Stepsetgo to track steps</span></span><!---->",No Likes,No Replies
Himanshu Gupta,"Operations & Planning, Box8 | Industrial Engg. & Management, PEC | Mechanical Engg. Jamia",https://www.linkedin.com/in/himg93/,"<span id=""ember6679"" class=""ember-view""><span>digilocker</span></span><!---->",2 Likes,No Replies
Jatinder Modi,Deputy Manager - HR || Century Cement || IIM RANCHI,https://www.linkedin.com/in/jatinder-modi/,"<span id=""ember6714"" class=""ember-view""><span>Money Manager... Great for tracking your expenses and incomes</span></span><!---->",No Likes,No Replies
Deepak Pai,Full Stack Developer | Javascript | Node Js | React Js | C# | HTML | CSS | SQL,https://www.linkedin.com/in/paidpk07/,"<span id=""ember6747"" class=""ember-view""><span>The app is called Artos, used for tracking all your investments in one place.</span></span><!---->",5 Likes,1 Reply
Mitul Agrawal,Co-Founder at HireACamp | Programmer since 10 years,https://www.linkedin.com/in/mitulagrawal/,"<span id=""ember6815"" class=""ember-view""><span>Moon+ Reader pro</span></span><!---->",No Likes,No Replies
Rohan Kapoor,Senior Manager Talent Acquisition at SuprDaily (Swiggy),https://www.linkedin.com/in/rohan-kapoor-226a4145/,"<span id=""ember6847"" class=""ember-view""><span>Investica</span></span><!---->",No Likes,No Replies
Ali Abbas,Founder at MrRoom | Entrepreneur | MERN Stack Developer | Quorian | React Native Developer | Open Source Contributor |,https://www.linkedin.com/in/ali-abbas-19b630161/,"<span id=""ember6879"" class=""ember-view""><span>Dev.to A Developers Community</span></span><!---->",No Likes,No Replies
Saurabh Saha,Chief Operating Officer at Jagriti Enterprise Centre-Purvanchal,https://www.linkedin.com/in/saurabhsaha/,"<span id=""ember6911"" class=""ember-view""><span>Headspace</span></span><!---->",No Likes,No Replies
Kirti Gupta,Product Analyst at Grofers| Ex- Cardekho.com,https://www.linkedin.com/in/kirti-gupta-2837b183/,"<span id=""ember6943"" class=""ember-view""><span>Castbox- for podcasts</span></span><!---->",1 Like,No Replies
Rachit Chowdhary,Founder at RCPL | Growth & Business Strategy Advisor | Helping businesses Raise Funds & Build Valuations,https://www.linkedin.com/in/rachit-chowdhary-08357236/,"<span id=""ember6976"" class=""ember-view""><span>Medium is a lovely app for good articles.</span></span><!---->",No Likes,No Replies
Sumit Behal,Data Analytics || Machine Learning,https://www.linkedin.com/in/sumit-behal-2800a2151/,"<span id=""ember7009"" class=""ember-view""><span>Zerodha
</span></span><!---->",2 Likes,4 Replies
Prasidh Bhajiawala,Paytm | ex-JPMC | IIFT Delhi,https://www.linkedin.com/in/prasidhbhajiawala/,"<span id=""ember7110"" class=""ember-view""><span>Peak, The Ken, Google Podcasts, Headspace</span></span><!---->",No Likes,No Replies
Ashish Philip,Tata iQ|Analytics Quotient|NIT Bhopal,https://www.linkedin.com/in/ashishphilip1992/,"<span id=""ember7144"" class=""ember-view""><span>The Ken</span></span><!---->",No Likes,No Replies
Rohit Juneja,Sales Executive at Ethos Watch Boutiques,https://www.linkedin.com/in/rohit-juneja-3779b761/,"<span id=""ember7176"" class=""ember-view""><span>Amway</span></span><!---->",No Likes,No Replies
Shubham Chhajed,CA Finalist (Cleared Group 2) | Worked with M.P. Chitale & Co. as an Article Assistant!,https://www.linkedin.com/in/shubham-chhajed-003159ba/,"<span id=""ember7208"" class=""ember-view""><span>Just by going through the comments, came to know some incredible apps which hardly some would have heard!</span></span><!---->",No Likes,No Replies
Kishlai Kumar,Product Manager at ICICI Bank | IIM-Indore | NIFT-Chennai,https://www.linkedin.com/in/kishlai-kumar-7a92815a/,"<span id=""ember7240"" class=""ember-view""><span>Curiosity</span></span><!---->",1 Like,No Replies
Ranjeet SSingh Uppal,"Business Catalyst/B2B, Fund raising & M&A Expert/Influencer/Eat Sleep Drink Energy Saving and Innovative Solutions",https://www.linkedin.com/in/ranjeetuppal/,"<span id=""ember7273"" class=""ember-view""><span>Any.do for task management and slack for communication between teams..</span></span><!---->",1 Like,No Replies
Neeta Bhat,Learning & Development Professional,https://www.linkedin.com/in/neeta-bhat/,"<span id=""ember7306"" class=""ember-view""><span>Notion and Gratitude</span></span><!---->",No Likes,No Replies
Nishtha Gehija,Author | Blogger | Speaker | Helping build emotionally resilient humans and organisations in a competitive and stressed out world,https://www.linkedin.com/in/nishthagehija26/,"<span id=""ember7338"" class=""ember-view""><span>ThinkRight.me by Sister Shivani of BrahmaKumaris... The app has two meditations of 5 minutes each, in the morning and evening, and makes the most basic things of life very  clear </span></span><!---->",5 Likes,No Replies
Col Amit Verma,#ono I LSSBB I SAFe® 4 Agilist I Director Strategic Planning & Logistics Ops(West) I Data Analytics I OD I L&D I SCM I SLP I,https://www.linkedin.com/in/amit-verma-naga/,"<span id=""ember7371"" class=""ember-view""><span>Jango</span></span><!---->",No Likes,1 Reply
Neha Chowdhary,Director at RCPL | Investor | Helping businesses grow & build valuations | Business Strategy Advisor,https://www.linkedin.com/in/nehachowdharyr19/,"<span id=""ember7403"" class=""ember-view""><span>inbox for emails.</span></span><!---->",No Likes,No Replies
Chaithra Nagaraj,"Demystifying Personal Branding for Students, Researchers & Early Stage Startups| MBA Graduate'19 | Entrepreneur | Orator",https://www.linkedin.com/in/chaithra-nagaraj/,"<span id=""ember7435"" class=""ember-view""><span>Notion and Canva</span></span><!---->",No Likes,No Replies
Marie jewlsandmore,owner and founder of Jewlznmore,https://www.linkedin.com/in/marie-jewlsandmore-5466645a/,"<span id=""ember7469"" class=""ember-view""><span>Telegram. Talking to connections on here and updates from  ""Tech That Matters""</span></span><!---->",No Likes,No Replies
Santosh Venkatraman,"Software engineer (backend, web & mobile (lead)) at Likewyss",https://www.linkedin.com/in/santosh-venkatraman/,"<span id=""ember7501"" class=""ember-view""><span>Crisp (formerly Tenreads) - a news app to consume news in 3 different ways - crisp summaries, in-depth coverage from 150+ publishers, and historical context timeline of how a news event unfolded.

</span></span><a tabindex=""0"" rel=""noopener noreferrer"" target=""_blank"" href=""https://getcrisp.news/news"" id=""ember7504"" class=""feed-link ember-view"">https://getcrisp.news/news</a><!---->",No Likes,No Replies
Anandu S,Digital Marketing Specialist @ HiPOINT CONNECT,https://www.linkedin.com/in/anandus/,"<span id=""ember7535"" class=""ember-view""><span>Snipback for video recording and editing 📽️
</span></span><a tabindex=""0"" rel=""noopener noreferrer"" target=""_blank"" href=""http://snipback.com"" id=""ember7538"" class=""feed-link ember-view"">snipback.com</a><!---->",No Likes,No Replies
Akshay Sahai,Android Application Developer,https://www.linkedin.com/in/akshay-sahai-2a61b7b9/,"<span id=""ember7569"" class=""ember-view""><span>HealthyMe for natural health remedies</span></span><!---->",3 Likes,No Replies
Vinayak Rajanahally,Founder and CEO of eventValue,https://www.linkedin.com/in/vinayakrb/,"<span id=""ember7602"" class=""ember-view""><span>Any.do for task list management</span></span><!---->",2 Likes,No Replies
Mohit Bansal,Managing Partner at Veeved Media,https://www.linkedin.com/in/bansalway/,"<span id=""ember7635"" class=""ember-view""><span>SMS organizer
Cure.fit</span></span><!---->",No Likes,No Replies
"Ahmed Abdel Latif,CPA",Financial Analyst,https://www.linkedin.com/in/ahmed-abdel-latif-cpa-32b44152/,"<span id=""ember7668"" class=""ember-view""><span>Lumosity .. Great for improving your overall focus and brain functions.</span></span><!---->",13 Likes,4 Replies
Pritam Pal,Student,https://www.linkedin.com/in/pritam-pal-6488a8155/,"<span id=""ember7773"" class=""ember-view""><span>I use aquapark.io</span></span><!---->",No Likes,No Replies
Maithreyi Venkatasubramani,Pursuing Master of Business Administration - MBA at Amity Education Group,https://www.linkedin.com/in/maithreyiv/,"<span id=""ember7805"" class=""ember-view""><span>Moovit. 
I discovered it only today and really like the suggestions which come up regarding navigation.</span></span><!---->",No Likes,No Replies
Vinoth Kumar Karuppuchamy,Cloud & DevOps Enthusiast | GCP Certified,https://www.linkedin.com/in/k-vinoth-kumar/,"<span id=""ember7837"" class=""ember-view""><span>Nike Run Club. One of the best 'running' apps available out there with many guided runs.</span></span><!---->",No Likes,No Replies
Richa Wahi,Business Development Lead - iOwn &TASC - Erickson Coaching International - India,https://www.linkedin.com/in/richa-wahi-22a8055/,"<span id=""ember7872"" class=""ember-view""><span>Sleepbot... to manage your sleep cucle</span></span><!---->",1 Like,1 Reply
Bhavya Bansal,Financial Planning Analyst at Udaan.com | Axtria | NSIT'17 | AI/ML Enthusiast,https://www.linkedin.com/in/bhavya-bansal-42639a100/,"<span id=""ember7939"" class=""ember-view""><span>Stepsetgo : Coins for completing steps
Licious : Ordering meat online
Water Drink Reminder 
Goal Tracker (Habits is a better app for the same though)
Pocket</span></span><!---->",No Likes,No Replies
Abhishek Chaudhary,Deputy Vice President at IndusInd Bank,https://www.linkedin.com/in/abhishek-chaudhary-3b848754/,"<span id=""ember7971"" class=""ember-view""><span>Bro4u</span></span><!---->",No Likes,No Replies
Anirudh Batra,| Battery Management System | Battery Intelligence | Electric Vehicles | ESS |,https://www.linkedin.com/in/anirudh-batra-bd/,"<span id=""ember8003"" class=""ember-view""><span>Reddit is Fun for browsing Reddit.</span></span><!---->",No Likes,No Replies
Col Amit Verma,#ono I LSSBB I SAFe® 4 Agilist I Director Strategic Planning & Logistics Ops(West) I Data Analytics I OD I L&D I SCM I SLP I,https://www.linkedin.com/in/amit-verma-naga/,"<span id=""ember8036"" class=""ember-view""><span>Flipboard</span></span><!---->",No Likes,1 Reply
Deepak Verma,iOS / React-Native Developer at Learnix Edutech,https://www.linkedin.com/in/dverma4u/,"<span id=""ember8103"" class=""ember-view""><span>Brave browser for fast ad free browsing</span></span><!---->",No Likes,No Replies
Shubham Ritam,Digital Marketer | Listener | Strong Believer of Destiny,https://www.linkedin.com/in/shubhamritam/,"<a data-control-name=""mention"" tabindex=""0"" href=""/company/2645106/"" id=""ember8135"" class=""feed-link feed-shared-main-content__mention ember-view"" role=""link""><span data-entity-hovercard-id=""urn:li:fs_miniCompany:2645106"">Whizsky</span></a><!---->",No Likes,No Replies
Mohd Rashid,Customer Engagement Executive at Max Life Insurance Company Limited,https://www.linkedin.com/in/mohd-rashid-a5b23a16a/,"<span id=""ember8166"" class=""ember-view""><span>Pinterest</span></span><!---->",2 Likes,No Replies
Sandeep Kumar Jha,Growth and Strategy - Large Appliances at Flipkart,https://www.linkedin.com/in/sandeep-kumar-jha-67b52345/,"<a tabindex=""0"" rel=""noopener noreferrer"" target=""_blank"" href=""http://Chess.com"" id=""ember8199"" class=""feed-link ember-view"">Chess.com</a><span id=""ember8201"" class=""ember-view""><span> - Great engaging UI</span></span><!---->",1 Like,No Replies
Gourav Gupta,Product Manager at ekincare,https://www.linkedin.com/in/gourav-gupta-18104159/,"<span id=""ember8234"" class=""ember-view""><span>Ekincare wellness</span></span><!---->",No Likes,No Replies
Charu Jain,M.Phil and M.A.in English literature and phonetics and gold medalist.,https://www.linkedin.com/in/charu-jain-213650180/,"<a tabindex=""0"" rel=""noopener noreferrer"" target=""_blank"" href=""http://Boxzomp.com"" id=""ember8268"" class=""feed-link ember-view"">Boxzomp.com</a><span id=""ember8270"" class=""ember-view""><span>😢</span></span><!---->",No Likes,No Replies
Monika Rohini,Senior Business Manager at Bharti Airtel,https://www.linkedin.com/in/monika-rohini-643b6546/,"<span id=""ember8302"" class=""ember-view""><span>Cred</span></span><!---->",1 Like,No Replies
Diksha Rangnani,Product Lead - Financial Services- Payments & Innovation at JetPrivilege - Etihad Aviation Group,https://www.linkedin.com/in/diksha-rangnani/,"<span id=""ember8335"" class=""ember-view""><span>I love hue - offline game app of colours.</span></span><!---->",No Likes,No Replies
Nandlal Gupta,Project Technical Assistant at DST - IIT Bombay Energy Storage Platform on Hydrogen,https://www.linkedin.com/in/nandlal-gupta-031210110/,"<span id=""ember8367"" class=""ember-view""><span>LinkedIn</span></span><!---->",1 Like,No Replies
Shivam Goel,Assistant at Especia Associates LLP,https://www.linkedin.com/in/shivam-goel-471089114/,"<span id=""ember8400"" class=""ember-view""><span>Audible</span></span><!---->",1 Like,No Replies
Rajnikant shukla,Born to Build the Future,https://www.linkedin.com/in/rajnikant-shukla-67657475/,"<span id=""ember8433"" class=""ember-view""><span>Anybooks</span></span><!---->",No Likes,No Replies
Gaurav Agrawal,"Early Stage Investor, Serial Entrepreneur , Industrialist",https://www.linkedin.com/in/gauravgtv/,"<a data-control-name=""mention"" tabindex=""0"" href=""/in/warikoo/"" id=""ember8465"" class=""feed-link feed-shared-main-content__mention ember-view"" role=""link""><span data-entity-hovercard-id=""urn:li:fs_miniProfile:ACoAAABOlvUB-6uQpj5VtIz3pACOBVaAzOdTRBA"">Ankur Warikoo</span></a><span id=""ember8467"" class=""ember-view""><span> One of the simplest yet highly effective  app I use by paying it's Rs.60 subscription is "" Simplest Reminder"" 

</span></span><a tabindex=""0"" rel=""noopener noreferrer"" target=""_blank"" href=""https://play.google.com/store/apps/details?id=com.gadgetjudge.simplestreminder"" id=""ember8470"" class=""feed-link ember-view"">https://play.google.com/store/apps/details?id=com.gadgetjudge.simplestreminder</a><!---->",1 Like,No Replies
Priti More,"Always acting as a ""Trusted Advisor""",https://www.linkedin.com/in/pritianilmore/,"<span id=""ember8510"" class=""ember-view""><span>Practo for any medical emergencies</span></span><!---->",No Likes,No Replies
Varun Bhutada,Mobile Project Manager at Wego.com,https://www.linkedin.com/in/varun-bhutada-376a1530/,"<span id=""ember8542"" class=""ember-view""><span>Foodvisor</span></span><!---->",No Likes,No Replies
Manish Singh,Consultant - Supply Chain | Software Engineer | IIM Alum | Purdue Alum,https://www.linkedin.com/in/manish-singh-8126b177/,"<span id=""ember8575"" class=""ember-view""><span>simplyconfess to vent out against political issues :-)</span></span><!---->",No Likes,2 Replies
Chandrashekhar Bhide🔵,Co-founder @LithionPower,https://www.linkedin.com/in/cbhide/,"<span id=""ember8678"" class=""ember-view""><span>Finlok by </span></span><a data-control-name=""mention"" tabindex=""0"" href=""/company/13339523/"" id=""ember8681"" class=""feed-link feed-shared-main-content__mention ember-view"" role=""link""><span data-entity-hovercard-id=""urn:li:fs_miniCompany:13339523"">Janmitr Solutions Private Limited</span></a><!---->",1 Like,No Replies
Najmul Islam,"Director, Business Development at uber Diagnostics Private Limited",https://www.linkedin.com/in/najmulislam/,"<span id=""ember8713"" class=""ember-view""><span>SMS Organizer by Microsoft</span></span><!---->",2 Likes,No Replies
Rakesh Kumar,Blockchain ! Fintech ! Product Manager !IOTA !Crypto investor !STOAdvisor|Consulting,https://www.linkedin.com/in/rakesh-kumar-49234379/,"<span id=""ember8746"" class=""ember-view""><span>Brave, Binance ,</span></span><!---->",1 Like,No Replies
suyog bora,Founder at Brenin Inc.,https://www.linkedin.com/in/suyog-bora-000b9965/,"<span id=""ember8779"" class=""ember-view""><span>Shapr</span></span><!---->",No Likes,No Replies
Astha Rani,Hey there! I am using LinkedIn | Not your regular HR,https://www.linkedin.com/in/whoastha/,"<span id=""ember8811"" class=""ember-view""><span>Scroll, if you are finding an app in my answer. 

I am here to say thank you to all above who shared their apps name. Though some known, some amazingly new &amp; forced me to check out on playstore! Kudos!!</span></span><!---->",4 Likes,No Replies
Rahul Khachane,"Assistant Professor (Management, Finance)",https://www.linkedin.com/in/rahul-khachane-9b613011a/,"<span id=""ember8844"" class=""ember-view""><span>Colornote</span></span>  <span class=""feed-shared-main-content--edited t-12 t-black--light t-normal"">(edited)</span>
",No Likes,No Replies
Gaurav Sharma,Software Engineer at FabHotels | Ex-TCS,https://www.linkedin.com/in/gauravat16/,"<span id=""ember8876"" class=""ember-view""><span>Lookup&nbsp; -&nbsp;&nbsp;
Allows you to quickly look words (in a popup) while reading anything.&nbsp;
</span></span><a tabindex=""0"" rel=""noopener noreferrer"" target=""_blank"" href=""https://play.google.com/store/apps/details?id=gaurav.lookup&amp;hl=en_IN"" id=""ember8879"" class=""feed-link ember-view"">https://play.google.com/store/apps/details?id=gaurav.lookup&amp;hl=en_IN</a><span id=""ember8881"" class=""ember-view""><span>

(I am the creator of the app)</span></span><!---->",1 Like,No Replies
Pushkar M.,Research Assistant at UK Biobank,https://www.linkedin.com/in/pushkar-m-b0648a99/,"<span id=""ember8914"" class=""ember-view""><span>Circle.News for Local unbiased news </span><a data-control-name=""hashtag"" target=""_self"" href=""/feed/hashtag/?keywords=%23Circle"" id=""ember8917"" class=""hashtag-link ember-view""><span dir=""ltr"" id=""ember8918"" class=""hashtag-a11y ember-view""><span class=""visually-hidden"">hashtag</span><span aria-hidden=""true"">#</span><span class=""hashtag-a11y__name"">Circle</span></span></a><span>.news</span></span><!---->",1 Like,No Replies
Dipti Srivastava Varma,Talent Partner,https://www.linkedin.com/in/dipti-srivastava-varma-a244ba10/,"<span id=""ember8951"" class=""ember-view""><span>Shazam</span></span><!---->",No Likes,No Replies
Karuna Kasory,African at Heart,https://www.linkedin.com/in/karunakasory/,"<span id=""ember8983"" class=""ember-view""><span>Quora</span></span><!---->",No Likes,No Replies
Aatif Junaid,Helping Businesses connect with the Right Talent | Digital Marketing | B2B sales | Client relationship Management.,https://www.linkedin.com/in/aatif-junaid/,"<span id=""ember9018"" class=""ember-view""><span>IVM Podcasts. This app is a hidden gem! If you are looking to get into podcasts but are not comfortable with ones on Spotify this is the app for you. They have great Podcasts across all Genres and all languages (Mostly English).</span></span><!---->",6 Likes,No Replies
Padmini Janaki,Product Management Professional - Payments,https://www.linkedin.com/in/padmini-janaki-8a284b5b/,"<span id=""ember9051"" class=""ember-view""><span>Cure.fit is my recent favourite, when I spoke about it in a recent talk to a bunch of Product Managers, hardly few knew!</span></span>  <span class=""feed-shared-main-content--edited t-12 t-black--light t-normal"">(edited)</span>
",11 Likes,No Replies
Jayanth K G,On the way to be an Engineer Exploration in process...,https://www.linkedin.com/in/kg-jayanth/,"<span id=""ember9084"" class=""ember-view""><span>Duolingo
App to learn language</span></span>  <span class=""feed-shared-main-content--edited t-12 t-black--light t-normal"">(edited)</span>
",5 Likes,No Replies
Vyshak Iyengar,Accenture Consulting | BluFin Foundation,https://www.linkedin.com/in/vyshakiyengar/,"<span id=""ember9117"" class=""ember-view""><span>'Neuro Nation' for cognitive training.</span></span><!---->",No Likes,No Replies
Godhuli Pandey,SAP BW | BW on HANA | Data Warehousing |13+ Years| Open for new Opportunities in the field of Business Intelligence #ONO,https://www.linkedin.com/in/godhulipandey/,"<span id=""ember9149"" class=""ember-view""><span>Calm,breethe (not a spelling mistake)</span></span>  <span class=""feed-shared-main-content--edited t-12 t-black--light t-normal"">(edited)</span>
",3 Likes,No Replies
Sumant Singh,"Senior Manager-Quicksell(C2B Business) droom.in l Ex-Grofers l Ex Shopclues.Sales,BD ,Ecommerce,Category Management.",https://www.linkedin.com/in/sumant-singh-2a21379/,"<span id=""ember9182"" class=""ember-view""><span>Droom</span></span><!---->",No Likes,No Replies
Neelakantha Bhanu,4 times TEDx speaker | Helping people become smarter and happier | World Records Holder | Fastest Human Calculator,https://www.linkedin.com/in/bhanuofficial/,"<a data-control-name=""mention"" tabindex=""0"" href=""/in/warikoo/"" id=""ember9218"" class=""feed-link feed-shared-main-content__mention ember-view"" role=""link""><span data-entity-hovercard-id=""urn:li:fs_miniProfile:ACoAAABOlvUB-6uQpj5VtIz3pACOBVaAzOdTRBA"">Ankur Warikoo</span></a><span id=""ember9220"" class=""ember-view""><span>&nbsp;Splitwise to split bills.</span></span><!---->",8 Likes,1 Reply
Bineet Khurana,Senior Manager - Business Delivery | Enterprise Solutions | at IndiaMART InterMESH Limited,https://www.linkedin.com/in/bineet-khurana-4963a048/,"<span id=""ember9287"" class=""ember-view""><span>ColorNote</span></span><!---->",No Likes,No Replies
Amol Dhir,"Member, Partner Advisory Council, OYO • Founder TheWiseHotel • 13+ Years in Hotel Operations",https://www.linkedin.com/in/amoldhir/,"<span id=""ember9319"" class=""ember-view""><span>OVER</span></span><!---->",No Likes,No Replies
Yogesh Chordia,"Proprietor at Financial Services Firm, Certified Accredited Mentor, Mentor Start-ups, Professionals & B-School students",https://www.linkedin.com/in/rycyogesh/,"<span id=""ember9351"" class=""ember-view""><span>BlueTie</span></span><!---->",No Likes,No Replies
Rahul S.,Business Manager at Cleartax,https://www.linkedin.com/in/rahul-sharma-300791/,"<span id=""ember9384"" class=""ember-view""><span>I think I'm the most wela here, or I'm the most honest one

I use my cam, Cricinfo and LinkedIn.</span></span><!---->",4 Likes,6 Replies
Avisek Rath,SaaS | FinTech | Automation | Inside Sales,https://www.linkedin.com/in/avisekrath/,"<span id=""ember9485"" class=""ember-view""><span>Streak - Intuitive pipeline stage-view CRM. Great for 1 user.</span></span><!---->",No Likes,No Replies
Rajat Taneja,"Startup Enthusiatic, Helper, LinkedIn Enthusiastic, Strategist, New Product Development, Innovator",https://www.linkedin.com/in/rajat-taneja-482930112/,"<span id=""ember9517"" class=""ember-view""><span>9stacks for poker lover
Cure.fit for healthy and tasty food</span></span><!---->",1 Like,No Replies
Kshitij Gupta,"Founder, ERIC | TEDx | Freelance Writer | Finance | Business Economics #CuriousOwl",https://www.linkedin.com/in/kshitij3701/,"<span id=""ember9550"" class=""ember-view""><span>Trello</span></span><!---->",3 Likes,No Replies
Priyanka Manchanda,Associate Consultant at Inner Dynamics,https://www.linkedin.com/in/priyanka-manchanda-74a263117/,"<span id=""ember9583"" class=""ember-view""><span>Headspace! 
Great app for mindful meditation and relaxation!</span></span><!---->",4 Likes,No Replies
Mihir Gupta,Over-thinker | Bookworm | Poet | Lust for learning | Music | Curious,https://www.linkedin.com/in/mihir-gupta-b1688a155/,"<span id=""ember9616"" class=""ember-view""><span>Curiosity.
Happy Shappy.</span></span><!---->",2 Likes,No Replies
Arti Aggarwal,Director-HR,https://www.linkedin.com/in/arti-aggarwal-29370246/,"<span id=""ember9648"" class=""ember-view""><span>Blinkist</span></span><!---->",9 Likes,4 Replies
Ayush Somani,Management Trainee @ Safari | MBA (Marketing) | NMIMS Mumbai | OnePlus Student Ambassador | Byjus,https://www.linkedin.com/in/ayush-somani-080328a0/,"<span id=""ember9746"" class=""ember-view""><span>stepsetgo. 
It is a fitness app which gives you coins for the number of steps you walk and the coins can be redeemed to get exciting offers. 
The best part is  the app doesn't take any unecessary permissions.
 </span></span><a data-control-name=""mention"" tabindex=""0"" href=""/in/warikoo/"" id=""ember9749"" class=""feed-link feed-shared-main-content__mention ember-view"" role=""link""><span data-entity-hovercard-id=""urn:li:fs_miniProfile:ACoAAABOlvUB-6uQpj5VtIz3pACOBVaAzOdTRBA"">Ankur Warikoo</span></a>  <span class=""feed-shared-main-content--edited t-12 t-black--light t-normal"">(edited)</span>
",4 Likes,No Replies
Harnoor Singh,IT Consultant and Project Lead at C Simplify IT Services Private Limited,https://www.linkedin.com/in/harnoor-singh-3b11b01b/,"<span id=""ember9781"" class=""ember-view""><span>Simple Mass Mail merge, a google add on to send out personalized emails and dynamic documents.</span></span><!---->",No Likes,No Replies
Sushmita Chavan,Founder @ Hexa | Redefining Placements | Preparation | gohexa.in,https://www.linkedin.com/in/sushmita-chavan/,"<span id=""ember9813"" class=""ember-view""><span>Popcorn time</span></span><!---->",1 Like,No Replies
Rakesh Lata,Value Added Tax Professional | Six Sigma Black Belt Certified,https://www.linkedin.com/in/rakesh-lata-858279a1/,"<span id=""ember9848"" class=""ember-view""><span>Canva</span></span><!---->",No Likes,No Replies
Harsha Mishra,Enterprise Account Management at World's #1 Customer Success Platform | Account Manager | Trailblazer,https://www.linkedin.com/in/harsha-mishra-62283183/,"<span id=""ember9884"" class=""ember-view""><span>Goodreads, CamScanner, Snapseed, Google Fit and the best one, Shazam to decode background music.</span></span><!---->",4 Likes,5 Replies
Shivam Srivastava,Marketing Manager at Appinventiv,https://www.linkedin.com/in/shivamchitransh/,"<span id=""ember10002"" class=""ember-view""><span>Notion - Amazing desktop and mobile app for product management.</span></span><!---->",4 Likes,No Replies
Anupam Singh 🇮🇳,Sr. Software Developer at RSK Business Solutions,https://www.linkedin.com/in/anupamsinghbisht/,"<span id=""ember10035"" class=""ember-view""><span>Pocket</span></span><!---->",3 Likes,No Replies
Aakriti Goel,"Title-less | Building Outlier Teams @ Healofy, India's Largest Women Social Network | ex-Tracxn | BITS",https://www.linkedin.com/in/aakriti-goel-5828a62a/,"<span id=""ember10068"" class=""ember-view""><span>Niki.ai by </span></span><a data-control-name=""mention"" tabindex=""0"" href=""/in/modishishir/"" id=""ember10071"" class=""feed-link feed-shared-main-content__mention ember-view"" role=""link""><span data-entity-hovercard-id=""urn:li:fs_miniProfile:ACoAAAUERrsB1i_ZnXqZcdJAg1KixsI7WI6ERpA"">Shishir Modi</span></a><!---->",1 Like,No Replies
Sarthak Gulati,Data Analyst at Mech Mocha,https://www.linkedin.com/in/sarthakgulati1998/,"<span id=""ember10104"" class=""ember-view""><span>Knappily, much better than Inshorts for news. Made for people who love reading.</span></span><!---->",24 Likes,4 Replies
Rahul Mishra,"City Head, VAS Business at OYO",https://www.linkedin.com/in/rahul-mishra-14750350/,"<span id=""ember10207"" class=""ember-view""><span>Keep</span></span><!---->",1 Like,No Replies
Rajdeep Paul,Flipkart | HP Inc | Coal India,https://www.linkedin.com/in/rajdeep-paul/,"<span id=""ember10241"" class=""ember-view""><span>The ken</span></span><!---->",5 Likes,1 Reply
Vaibhav Sharma,"MSc Innovation, IT Engineer | Business Intelligence Analysis | Customer Data Strategy | Digital Consulting",https://www.linkedin.com/in/vaibhav-sharma-india/,"<span id=""ember10308"" class=""ember-view""><span>Knappily. The best app for learning almost all worldly affairs in great detail.</span></span><!---->",2 Likes,No Replies
Priyank Chandariya,Software Developer at PaySense (Django),https://www.linkedin.com/in/priyank-chandariya-52899b65/,"<span id=""ember10341"" class=""ember-view""><span>Supr</span></span><!---->",No Likes,No Replies
Manmeet Singh Duggal,Actively looking for Job in the area of Marketing & Sales.,https://www.linkedin.com/in/manmeet-singh-duggal-b8097612b/,"<span id=""ember10377"" class=""ember-view""><span>Nearbuy</span></span><!---->",6 Likes,1 Reply
David Coutinho,Building Brands and Relationships | PGDM - Marketing | BMM - Advertising,https://www.linkedin.com/in/coutinhodavid/,"<span id=""ember10445"" class=""ember-view""><span>Headspace - on the way of learning how to meditate</span></span><!---->",4 Likes,No Replies
Navin Kumar Agrawal,Principal Software Engineer at Extreme Networks,https://www.linkedin.com/in/navin-kumar-agrawal-3ba625/,"<span id=""ember10478"" class=""ember-view""><span>evernote</span></span><!---->",6 Likes,No Replies
ProfSandeep Mann,A PolyMath with Practices in Talent Search - Mentoring - StartUps - Academics - Law Firms.,https://www.linkedin.com/in/sandeepmann/,"<span id=""ember10512"" class=""ember-view""><span>Remember the Milk, Raddio Garden, Editorial</span></span><!---->",3 Likes,3 Replies
Mohamed Khalil Kallangodan,Upcoming Chemical Engineer | Organizer at graVITas VIT | Becoming I Foundation VIT,https://www.linkedin.com/in/mohamedkhalilkallangodan/,"<span id=""ember10614"" class=""ember-view""><span>Elevate, A brain training app with a beautiful UI experience. Highly recommend</span></span><!---->",11 Likes,1 Reply
Mohamed Ibrahim,short term GOAL >> Cyber security Expert,https://www.linkedin.com/in/mohamed-ibrahim-76279a148/,"<span id=""ember10682"" class=""ember-view""><span>Frapp - To promote brands and earn</span></span><!---->",No Likes,No Replies
Bhavesh Aggarwal,Digital Marketing | E-Commerce | Fb ads,https://www.linkedin.com/in/bhavesh-aggarwal-13530412a/,"<span id=""ember10714"" class=""ember-view""><span>Walnut to split bills and tracking spendings</span></span><!---->",4 Likes,No Replies
Saneesh Kachroo,"Adobe Analytics | DTM,Launch | Qualtrics | Decibel Insight | AAM |Multi-Channel",https://www.linkedin.com/in/saneesh-kachroo-a9846532/,"<span id=""ember10747"" class=""ember-view""><span>Dailey Fuel Price , Car expense App&nbsp;</span></span><!---->",No Likes,No Replies
Amudha Ramakrishnan,"Chartered Accountant with 7 years experience, actively looking for opportunities",https://www.linkedin.com/in/amudha-ramakrishnan-04a3a488/,"<span id=""ember10779"" class=""ember-view""><span>Podbean - a storehouse of awesome podcasts, to make efficient use of our downtime.</span></span><!---->",1 Like,No Replies
Abhishek Pushp,"CEO, Wit Circle",https://www.linkedin.com/in/abhishek-pushp-witcircle/,"<span id=""ember10812"" class=""ember-view""><span>simpl</span></span><!---->",4 Likes,No Replies
Vikas Kalwani,"Product Marketing, Growth Experiments, BITS Pilani, Innovator, Mentor, Musician, Poet, Aviation Geek",https://www.linkedin.com/in/vikaskalwani/,"<span id=""ember10847"" class=""ember-view""><span>Fastsave and Perfect Piano</span></span><!---->",No Likes,No Replies
Chirag Khandelwal,"SAP Basis Consultant, TCS",https://www.linkedin.com/in/chirag-khandelwal-b52785104/,"<span id=""ember10879"" class=""ember-view""><span>TTT</span></span><!---->",No Likes,No Replies
Madhushri Verma,Corporate Communications !! Brand Management !! Marketing,https://www.linkedin.com/in/madhushri-verma-9904a085/,"<span id=""ember10911"" class=""ember-view""><span>Coursera and Medium</span></span><!---->",No Likes,No Replies
Faisal Khan,Assistant Manager- Client Success at Talent Recruit Softwares Pvt. Ltd.,https://www.linkedin.com/in/faisal-khan-15429645/,"<span id=""ember10944"" class=""ember-view""><span>IFTTT. (IF This Then That) you can create triggers for your device using this.</span></span><!---->",9 Likes,3 Replies
Kush Bhagat,Senior Software Engineer at NAGRA,https://www.linkedin.com/in/kush-bhagat-aab15576/,"<span id=""ember11046"" class=""ember-view""><span>Walnut for tracking money spending</span></span><!---->",1 Like,No Replies
Vikas Pandey,Assistant Manager at Hilti Manufacturing India,https://www.linkedin.com/in/vikas-pandey-450762b2/,"<span id=""ember11079"" class=""ember-view""><span>StepSetGo</span></span><!---->",No Likes,No Replies
Shailza Burman,Engineer-Development at RBS,https://www.linkedin.com/in/shailza-burman-0a1622101/,"<span id=""ember11111"" class=""ember-view""><span>HungerBoxCafe and Curiosity</span></span><!---->",2 Likes,No Replies
Abhay Shukla,NYIF | IIMBx | Allenhouse | BBA | OBC India | Dr. Reddy's | StanC | KSBL | looking for better opportunity,https://www.linkedin.com/in/abhay-shukla-4935a3162/,"<span id=""ember11144"" class=""ember-view""><span>Planning for new startup</span></span><!---->",No Likes,No Replies
Aakriti Goel,"Title-less | Building Outlier Teams @ Healofy, India's Largest Women Social Network | ex-Tracxn | BITS",https://www.linkedin.com/in/aakriti-goel-5828a62a/,"<span id=""ember11176"" class=""ember-view""><span>Healthifyme</span></span><!---->",1 Like,No Replies
Navneet Potti,"Hands-on at Healofy, India's Largest Women's Social Network",https://www.linkedin.com/in/navneetpotti/,"<span id=""ember11209"" class=""ember-view""><span>Daywise, by </span></span><a data-control-name=""mention"" tabindex=""0"" href=""/in/devangpaliwal/"" id=""ember11212"" class=""feed-link feed-shared-main-content__mention ember-view"" role=""link""><span data-entity-hovercard-id=""urn:li:fs_miniProfile:ACoAAABak78BE0rD5eZkxAHung-ta5dwBUqMk9M"">Devang Paliwal</span></a><span id=""ember11214"" class=""ember-view""><span> and team.</span></span><!---->",2 Likes,No Replies
Rahul Khatri,Android Developer at Finitiatives Learning India Pvt Ltd. (FLIP),https://www.linkedin.com/in/rahulkhatri19/,"<span id=""ember11249"" class=""ember-view""><span>Grasshopper, decoder</span></span><!---->",1 Like,No Replies
Shubham Chauhan,Microsoft | IIM Ahmedabad | IIT Kharagpur,https://www.linkedin.com/in/shubham-chauhan/,"<span id=""ember11283"" class=""ember-view""><span>Loop, Habit Tracker on Android
Simple, yet very effective app to create good habits and track their progress over time.
True embodiment of Peter Drucker's words, ""What gets measured, gets managed.""</span></span>  <span class=""feed-shared-main-content--edited t-12 t-black--light t-normal"">(edited)</span>
",32 Likes,3 Replies
Abhishek Jha,Helping businesses grow sustainably by leveraging the power of Facebook,https://www.linkedin.com/in/abhishek-jha-a7445323/,"<span id=""ember11388"" class=""ember-view""><span>Calm - an app that helps you relax and sleep well.</span></span>  <span class=""feed-shared-main-content--edited t-12 t-black--light t-normal"">(edited)</span>
",5 Likes,No Replies
Naresh Deevi,Chief Growth Officer at Husys,https://www.linkedin.com/in/nareshdeevi/,"<span id=""ember11422"" class=""ember-view""><span>neighbourly by Google. Great local ap</span></span>  <span class=""feed-shared-main-content--edited t-12 t-black--light t-normal"">(edited)</span>
",6 Likes,3 Replies
Soumya Gupta,Visual Designer,https://www.linkedin.com/in/isoumyagupta/,"<span id=""ember11525"" class=""ember-view""><span>Medium, to catch up on some reading and post my own content as well. But this one might be quite popular.</span></span><!---->",20 Likes,4 Replies
Sanjeev kumar S,Lighting Application Specialist at Philips Lighting,https://www.linkedin.com/in/sanjeev-kumar-s-64ab9679/,"<span id=""ember11625"" class=""ember-view""><span>Pinterest - Food for ideas! Super organised app</span></span><!---->",No Likes,No Replies
Amrit Singh,Strategy Analyst at Accenture Strategy,https://www.linkedin.com/in/amritkaran/,"<span id=""ember11657"" class=""ember-view""><span>Youper</span></span><!---->",No Likes,No Replies
Pravesh S,Manager-Business Development(Telangana & A.P) @ Quess Corp Limited. 23000+ Followers. *A Yogi in the making*,https://www.linkedin.com/in/pravesh-s-896a036b/,"<span id=""ember11688"" class=""ember-view""><span>nearbuy :P</span></span><!---->",9 Likes,1 Reply
rohit verma,Not work this time,https://www.linkedin.com/in/rohit-verma-676a5511a/,"<span id=""ember11754"" class=""ember-view""><span>Social will damage your mind 
Meet is important for all people</span></span><!---->",No Likes,No Replies
Raghav Gupta,Sr UX UI Designer - Experience Strategist - Design Thinker,https://www.linkedin.com/in/raghavcgartist/,"<span id=""ember11787"" class=""ember-view""><span>Sms organiser by microsoft</span></span><!---->",28 Likes,4 Replies
Madhura Arun,DevOps Engineer at HashedIn,https://www.linkedin.com/in/madhura-arun/,"<span id=""ember11889"" class=""ember-view""><span>Twilight : Essential app for reading in the dark</span></span><!---->",3 Likes,No Replies
Murli Kanne,Entrepreneur | Global Influencer Manager | Marketer | Professional Anxiety Bearer,https://www.linkedin.com/in/murlikanne/,"<span id=""ember11923"" class=""ember-view""><span>9gag! Yes, there's an app for it.&nbsp;
</span></span><!---->",17 Likes,4 Replies
Tanmaay K.,18 l Co-founder Jhutpat l Send me an email if you're doing something really cool !,https://www.linkedin.com/in/tanmaaykhurana/,"<span id=""ember12028"" class=""ember-view""><span>Boosted productivity - Android only</span></span><!---->",No Likes,No Replies
Reena Liju,Business Development - Conferences & Expo at Franchise India Holdings Limited,https://www.linkedin.com/in/reena-liju-39b51132/,"<span id=""ember12060"" class=""ember-view""><span>LinkedIn</span></span><!---->",No Likes,No Replies
Nikhil Kamath,Author | Food Writer | Content Creator | Public Speaker,https://www.linkedin.com/in/nikhil-kamath-22723b12a/,"<span id=""ember12092"" class=""ember-view""><span>I use an app called Nojoto to post my micro-tales and micro-poetry</span></span><!---->",No Likes,No Replies
Sebin John Mathew,Product at Wandertrails,https://www.linkedin.com/in/sebinmaryjo/,"<span id=""ember12124"" class=""ember-view""><span>'Money Manager' by Realbyte to track my daily personal expenses. Don't think many people would know about it or using it.</span></span><!---->",2 Likes,No Replies
Deepak Choudhary,Category Manager at Udaan.com,https://www.linkedin.com/in/deepak-choudhary-b5508982/,"<span id=""ember12156"" class=""ember-view""><span>Udaan (B2B trading platform)</span></span><!---->",3 Likes,2 Replies
Siddharth Arora,Helping startups build the best technical solutions | Mobile Applications and web based platforms,https://www.linkedin.com/in/siddharth-arora/,"<a data-control-name=""mention"" tabindex=""0"" href=""/company/18558490/"" id=""ember12254"" class=""feed-link feed-shared-main-content__mention ember-view"" role=""link""><span data-entity-hovercard-id=""urn:li:fs_miniCompany:18558490"">StepSetGo</span></a><!---->",3 Likes,No Replies
Sumant Singh,"Senior Manager-Quicksell(C2B Business) droom.in l Ex-Grofers l Ex Shopclues.Sales,BD ,Ecommerce,Category Management.",https://www.linkedin.com/in/sumant-singh-2a21379/,"<span id=""ember12286"" class=""ember-view""><span>Quick ride</span></span><!---->",No Likes,No Replies
HARSH WANKHADE,Student at VBMV (department of cosmetic technology),https://www.linkedin.com/in/harshwankhade/,"<span id=""ember12318"" class=""ember-view""><span>LinkedIn and Twitter tbh!</span></span><!---->",No Likes,No Replies
Vidisha Gupta,ISB MBA Admit | CFA Candidate | CFA Young women in Investment Program 2k18' | Ex-Goldman Sachs,https://www.linkedin.com/in/vidishagupta/,"<span id=""ember12351"" class=""ember-view""><span>""Diary"" A simple app to journal on the go. I have a habit of doing this whenever I go through any negative emotion so I guess it's a very simple and easily substitute-able app which might not be known to many.</span></span><!---->",12 Likes,No Replies
Firoz Sadik Sait,Regional Head - Monster Gulf,https://www.linkedin.com/in/firozsait/,"<span id=""ember12385"" class=""ember-view""><span>CRED</span></span><!---->",9 Likes,5 Replies
