comments_content,PROPN
"There is an app called Gratitude! It is basically a hashtag#Gratitude  (edited)
",Gratitude
"Pinterest,  Shazam, Udemy, Cred, Indiamart","Pinterest, Shazam, Udemy, Cred, Indiamart"
Peak - for brain workouts  LinkedIn of course!,LinkedIn
Check out digital-brain.co,digital-brain.co
"Skin vision
Edge
Bing
Qreduce lite",Bing
viber,viber
"Curiosity stream, Headspace, Daily Yoga","Headspace, Daily, Yoga"
AnyBooks,AnyBooks
"Impact - Recently discovered this app, it donates money to charity based on our walking data.https://impactapp.in/",Impact
google primer- the best way to upskill yourself,google primer
Simpl,Simpl
Duolingo,Duolingo
Neighborly - very good for connections with people around ur area.,Neighborly
Wordweb dictionary..,Wordweb
Orbot - Onion TOR ,"Orbot, Onion, TOR"
"""Noisli"" - an interesting one. Try it out on the web www.noisli.com - you will understand what the app is all about quickly.",Noisli
"How could I know the app that I use, people are not familiar with?",NA
"BHIM instead of Paytm, GPay, PhonePe, etc.,",BHIM
Quickride. Very popular among bangaloreans only !,Quickride
Quora. I'm not sure if anyone mentioned or that qualifies as a proper answer. But yeah. Quora.,Quora
"StepSetGo - the app that pays you for being fit
Precise Volume - Let's you micro control your headphone volume  (edited)
",StepSetGo
"Spark Lab, Inc. For creating smooth  seamless stories/videos","Spark, Lab, Inc."
Shout out to Pocket and McKinsey Insights app,"Pocket, McKinsey Insights"
Smarter time - gives analysis on cell phone usage,Smarter time
"FITPASS, POCKET, XPLOREE KEYPAD, SUPR DAILY, ...TRY THEM.  (edited)
","FITPASS, POCKET, XPLOREE, KEYPAD, SUPR DAILY"
Wealth Dragon,Wealth Dragon
Blinkist,Blinkist
Cred,Cred
"Bouncer on Android.

It's an app that gives you the ability to grant permissions temporarily.
Quoting them directly from their play store description :

""Want to tag a location or take a photo, but don't want that app to be able to use the camera or get your location whenever it wants? Bouncer gives you exactly that. As soon as you exit the app, Bouncer will automatically remove the permission for you in an instant so you can get back to doing what you do best, without having to worry about apps invading your privacy and wasting your battery. """,Bouncer
Used to use Habit Now on Android and productivity on iOS. Great way to track habits and routines,Habit
"Groupon? People here have asked me if it still exists. I am not sure if the new gen is aware of it.

Ibotta, Fittr and Poshmark would be some I can think of. There are more apps that are popular in US but people in India might not have heard of.

Another concept that I liked is Too Good To Go. Do you think this concept in a different form be applied in India, or please educate me if it already exists? Thanks!  (edited)
","Groupon, Ibotta, Fittr, Poshmark"
hashtag#SafeTag,hashtag#SafeTag
"Hi Ankur, most of the people have fulfilled one or the other criteria. I know few apps which I use very often and most people are are not aware of viz Mitto an online video streaming app,  assistant an app with full of data and analytics and cred which is popular but not that much.",Mitto
Cashbag,Cashbag
ProtonMail,ProtonMail
The Ken,The Ken
"Well, I am just here to download a few apps. :p",NA
"Cred, Youcam perfect, future pay, Savaari lite, Bharatgas, Duolingo, Google news, Microsoft lens, Quora, LinkedIn learning, Eazydiner, SmartQ, Google opinion rewards, fittr, sadguru, Speed test, splitwise, zeta, Practo, 1mg, towness","Cred, Youcam perfect, future pay, Savaari lite, Bharatgas, Duolingo, Google news, Microsoft lens, Quora, LinkedIn learning, Eazydiner, SmartQ, Google opinion rewards, fittr, sadguru, Speed test, splitwise, zeta, Practo, 1mg, towness"
Seek. It's an AI app that can recognise any plant species by analysing the photograph. One of the apps I recommend to a lot of people.,Seek
"""Talklife app"" this app is for depressed people...I use this app to help them who are facing anxiety...Now a days I'm using  LinkedIn app coz I'm searching job",Talklife
Headspace,Headspace
Google Scan,Google Scan
"Boomerang - For fun.

Splitwise - When you go out with friends on a trip  have to split expenses.

Cred - To organise and track your credit cards.

Gpstrip - Most accurate GPS Time Speed  Distance calculator which works with GPS.","Boomerang, Splitwise, Cred, Gpstrip"
"	
Pocket - To save links of articles/content which you can read it later.

https://play.google.com/store/apps/details?id=com.ideashower.readitlater.prohl=en_IN",Pocket
Meet-up,Meet-up
http://xn--c2b2bt6e.net/ coming soon,
Where is my train,Where is my train
"Ankur Warikoo - surprised to not see Feedly here. 

Thank you for this lovely super useful list.",Feedly
Score Match': A two minute race to two goals PVP football match.,Score Match
"The only thing I can think of to fulfil the various criteria of the above question is:

The app ""City Navigator""

...an app....we at organization level are developing to make life of smart city CEOs much easier....  (edited)
",City Navigator
"Duolingo app for learning languages.

I am learning a couple of languages right now. I suggest everyone to download this app and just get started with any language and the app's great gamification will take the remaining work of you continue learning it.",Duolingo
Quora.,Quora
Storytel,"Storytel.
"
We transfer,We transfer
"Quality time  : To track your phone usage
SMS organizer by Microsoft","Quality time , SMS organizer by Microsoft"
"cab service provider like ola, uber","ola, uber"
I use ticktick to keep record of my habits,ticktick
"Notion. I can't express how easy this app has made it for me. My notes, blogs, todos, documentation and files are held in there. If you use it creatively, its pretty much word, notes, excel, trello, evernote, drive, hubspot in one app.  (edited)
",Notion
"Dream League Soccer...very good soccer game....
CRED - for credit card bills, a useful one","Dream, League, Soccer"
"The Cred app is really cool these days. Also, Dunzo is great, though it's not available in many cities. I absolutely admire Flo app for tracking menstruation which I'm not sure how many women are aware of.  (edited)
","Cred, Dunzo, Flo"
Medium.,Medium
Duolingo,Duolingo
Turbo VPN.to view all the blocked sites.,Turbo VPN
Autodial.specially to bug the person who is not picking up my call by calling them multiple times without me actually dialling.,Autodial
ofcourse there is no economics behind the app. i remember one person saying : this is like an app for meditation.,NOTHING
hashtag#prioritymatrix,prioritymatrix
It's a secret app... Why anyone would share here,
"Bass Booster, WhatsApp Status Downloader, TempMail, ADM,  Universal Copy.","Bass Booster, WhatsApp Status Downloader, TempMail, ADM, Universal Copy"
"Tasker for phone automation, Anki for Spaced Repetition.","Tasker, Anki"
Stock star,Stock star
"Zoho mail, zoho desk

Both are better than most I've used.","Zoho mail, zoho desk"
"Todoist, Evernote, MyCams","Todoist, Evernote, MyCams"
Cred,Cred
"Pocket and CamScanner! You can save any kind of content in Pocket and read it later. Very useful.  (edited)
","Pocket, CamScanner"
"Kuku FM for Hindi Audio Books, summaries and Stories",Kuku
Storytel to read good books while traveling,Storytel
To Do List,To Do List
"Well, I prefer airplane mode while I am at home :)",
Nearbuy app. Great and helpful but most people does not know about it.,Nearbuy
Sorted,Sorted
WannaThankYou,WannaThankYou
"How would ONE know whether the APP I use most others do not use?

I use canon camera connect
Then lightmeter

Please pay me royalty if my answer gives yiu business idea.","Canon connect, The lightmeter"
Quick Event Logger for my daily logging needs...,Quick Event Logger
"Popshot The smart Browser, because it’s just too 😎",Popshot
Xmind,Xmind
There is a app called “nothing” install and try it .,Nothing
Lettrs,Lettrs
Todoist!,Todoist
Samsung Notes,"Samsung, Notes, 🙂"
"Pocket for having all of my bookmarks at one place either from PC, tablet or phone, Castbox for Listening to Podcasts , Bain insights for good insights related to business","pocket, Podcasts, Bain Insights"
"Unsplash, Pexels, 500px, Cricket.com","Unsplash, Pexels, 500px, Cricket.com"
Fitapp,Fitapp
An app called hashtag#Textcutie !,Textcutie
"Pocket: For saving web links of pages I'd like to go back to again later

Microsoft Office Lens: As good as Camscanner","Microsoft, Office, Lens, Camscanner"
"Overlay : Photo over a Photo 

Typorama : for Adding Text on a Pic 

Splice : For Video Editing","Photo, Typorama, Text, Pic, Splice"
1mg. Online medical store and health care app. Very useful.,
Vaasara :-),Vaasara
Foxit pdf,Foxit
"Paperity, great app for reading research journals.",Paperity
Goodreads.,Goodreads
Vision board,
Quora,Quora
"Kamafio.io , earn  $ by just doing what you love yo do. Just shoot  video  or still while using any product @ home or out side  post it Brands will pay, if they like it. One must have good  following  on insta!",Brands
Blinkist,
MeisterTaskfor organization of time,MeisterTaskfor
habit,
Shazam!,Shazam
Cred,Cred
"Blind - anonymous community app for workplaces.
 
https://www.teamblind.com
Web result with site links
Blind",Blind
Knudge.me,Knudge.me
Quora,Quora
Kite and upstox pro :),Kite and upstox pro
Broadcast lists,Broadcast lists
Anybooks... a great app for book readers,Anybooks
Magzter,Magzter
What if I say Google's play store app;),NA
Scribd,Scribd
DailyNinja - For your daily needs,DailyNinja
Elevate - brain training,Elevate
Mparivahan,Mparivahan
Reddit,Reddit
GoBumpr is one such app which needs more reach.,GoBumpr
Impact app. @Aparna Pande,Impact
Ankur Warikoo great question 😊,NA
"Storytel
Canva
Habit bull","Storytel, Canva, Habit bull"
Pocket. Absolutely great when it comes to reading articles!,Pocket
Umang,Umang
Pocket - To save articles for future read,Pocket
"Aawaz Podcasts by Agrahyah Technologies by Sreeraman. It has a good focus on the podcast industry for Bharat.

Calm for meditation and listening to bedtime stories by famous personalities.

Rave to watch videos together with friends in sync.

MumTrafficApp to understand if I have any violations and pending e-challans and crowdsourcing traffic violations and illegal activities.

Kyte (YC Funded) to not notify me of spam and be a kick-ass SMS organizer.","Aawaz Podcasts, Calm, Rave MumTrafficApp , Kyte (YC Funded)"
"Lumosity.. it's series if brain games... to keep brain active, mindvalley- they have lots of quests and master classes - spirituality related","Lumosity,mindvalley"
Money manager to keep track of expenses and Tide for a good sound sleep :),"Money manager, Tide"
Forest,Forest
Culture Trip,Culture Trip
"I would have said Inshorts and nearbuy as I have used them lately. But from the comments, I feel that, many people already know about them both. The apps that I use and which not much people would be knowing of is Future Pay and Fenesta - Customize Your Windows and Doors. Fenesta launched it's mobile App couple of months back and it gives you an amazing user experience before even stepping into a showroom or before getting the windows and doors installed at your home."," Future Pay, Fenesta"
Headspace - for meditation. It's really useful!,Headspace
Greenbox,Greenbox
Ankur Warikoo Fabulous.,Fabulous
MeWe - a social media platform that doesn't track like facebook.,MeWe
V stays,V stays
Braham.in apps which Worlds First Medical Search Engine,Braham.in 
"Groww - To track investments 
Walnut - To track daily expenses","Groww, Walnut"
Walnut,Walnut
Suppr,Suppr
Medium,Medium
"GoodBudget by Dayspring Technologies, Inc. Have been using this personal budget management app when it was still in beta since 2010 and have never felt the need to look for an alternative.  (edited)
",GoodBudget
Todoist 🤗,Todoist
F,NA
One hour to count my usage on mobile with different analysis,One hour 
Castbox- Podcast listening app!,Castbox
Pulse by Zerodha,Pulse 
MyGate,MyGate
Unacademy and Podbean,"Unacademy, Podbean"
"Pedometer app - to count my steps and for health report
Expense manager - to track my expenses on weekly/monthly basis along with categories I spend on
Podcasts app by Google - to listen to podcasts
Wordweb - to quickly check the meanings of words and their antonyms","Pedometer,Expense Manager,Podcasts, Wordweb"
App block to block certain apps like Instagram during my working period. Google lens for identifying birds and plants around me. Satva for meditation. Samsung health for my running,App block
LinkedIn 😄🧐,LinkedIn
Walnut for expense management,Walnut
"Thanks for the Q, Ankur. Helped me to know about lots of apps at a same place.",NA
"Researcher, it displays the latest abstracts from your chosen journals.",Researcher
My Business :),My Business
Plex,Plex
Stepsetgo to track steps,Stepsetgo
digilocker,digilocker
Money Manager... Great for tracking your expenses and incomes,Money Manager
"The app is called Artos, used for tracking all your investments in one place.",Artos
Moon+ Reader pro,Moon+ Reader
Investica,Investica
Dev.to ,"Dev.to, A, Developers"
Headspace,Headspace
Castbox- for podcasts,Castbox
Medium is a lovely app for good articles.,Medium
"Zerodha
",Zerodha
"Peak, The Ken, Google Podcasts, Headspace","Peak, The Ken, Google Podcasts, Headspace"
The Ken,The Ken
Amway,Amway
"Just by going through the comments, came to know some incredible apps which hardly some would have heard!",
Curiosity,Curiosity
Any.do for task management and slack for communication between teams..,Any.do
Notion and Gratitude,"Notion, Gratitude"
"ThinkRight.me by Sister Shivani of BrahmaKumaris... The app has two meditations of 5 minutes each, in the morning and evening, and makes the most basic things of life very  clear ",ThinkRight.me
Jango,Jango
inbox for emails.,inbox
Notion and Canva,"Notion, Canva"
"Telegram. Talking to connections on here and updates from  ""Tech That Matters""",Telegram
"Crisp (formerly Tenreads) - a news app to consume news in 3 different ways - crisp summaries, in-depth coverage from 150+ publishers, and historical context timeline of how a news event unfolded.

https://getcrisp.news/news",Crisp
"Snipback for video recording and editing 📽️
snipback.com",Snipback 
HealthyMe for natural health remedies,HealthyMe
Any.do for task list management,Any.do
"SMS organizer
Cure.fit","SMS organizer, Cure.fit"
Lumosity .. Great for improving your overall focus and brain functions.,Lumosity
I use aquapark.io,aquapark.io
"Moovit. 
I discovered it only today and really like the suggestions which come up regarding navigation.",Moovit
Nike Run Club. One of the best 'running' apps available out there with many guided runs.,Nike Run Club
Sleepbot... to manage your sleep cucle,Sleepbot
"Stepsetgo : Coins for completing steps
Licious : Ordering meat online
Water Drink Reminder 
Goal Tracker (Habits is a better app for the same though)
Pocket","Stepsetgo, Licious ,Water Drink Reminder, Goal Tracker,Pocket"
Bro4u,Bro4u
Reddit is Fun for browsing Reddit.,Reddit
Flipboard,Flipboard
Brave browser for fast ad free browsing,Brave browser 
Whizsky,Whizsky
Pinterest,Pinterest
Chess.com - Great engaging UI,Chess.com
Ekincare wellness,Ekincare wellness
Boxzomp.com😢,Boxzomp.com
Cred,Cred
I love hue - offline game app of colours.,I love hue 
LinkedIn,LinkedIn
Audible,Audible
Anybooks,Anybooks
"Ankur Warikoo One of the simplest yet highly effective  app I use by paying it's Rs.60 subscription is "" Simplest Reminder"" 

https://play.google.com/store/apps/details?id=com.gadgetjudge.simplestreminder", Simplest Reminder
Practo for any medical emergencies,Practo
Foodvisor,Foodvisor
simplyconfess to vent out against political issues :-),simplyconfess 
Finlok ,"Finlok, Janmitr, Solutions, Private, Limited"
SMS Organizer by Microsoft,SMS Organizer
"Brave, Binance ,","Brave, Binance "
Shapr,Shapr
"Scroll, if you are finding an app in my answer. 

I am here to say thank you to all above who shared their apps name. Though some known, some amazingly new  forced me to check out on playstore! Kudos!!",Scroll
"Colornote  (edited)
",Colornote
"Lookup
Allows you to quickly look words (in a popup) while reading anything.
https://play.google.com/store/apps/details?id=gaurav.lookuphl=en_IN

(I am the creator of the app)","Lookup
"
Circle.News for Local unbiased news hashtag#Circle.news,Circle
Shazam,Shazam
Quora,Quora
IVM Podcasts. This app is a hidden gem! If you are looking to get into podcasts but are not comfortable with ones on Spotify this is the app for you. They have great Podcasts across all Genres and all languages (Mostly English).,"IVM, Podcasts, Spotify, Podcasts, Genres, English"
"Cure.fit is my recent favourite, when I spoke about it in a recent talk to a bunch of Product Managers, hardly few knew!  (edited)
",Cure.fit
"Duolingo
App to learn language  (edited)
",Duolingo
'Neuro Nation' for cognitive training.,Neuro Nation
"Calm,breethe (not a spelling mistake)  (edited)
","Calm, breethe 
"
Droom,Droom
Ankur WarikooSplitwise to split bills.,Splitwise
ColorNote,ColorNote
OVER,OVER
BlueTie,BlueTie
"I think I'm the most wela here, or I'm the most honest one

I use my cam, Cricinfo and LinkedIn.","Camera, Cricinfo, LinkedIn"
Streak - Intuitive pipeline stage-view CRM. Great for 1 user.,Streak
"9stacks for poker lover
Cure.fit for healthy and tasty food","9stacks ,Cure.fit"
Trello,Trello
"Headspace! 
Great app for mindful meditation and relaxation!",Headspace
"Curiosity.
Happy Shappy.",Curiosity.
Blinkist,Blinkist
"stepsetgo. 
It is a fitness app which gives you coins for the number of steps you walk and the coins can be redeemed to get exciting offers. 
The best part is  the app doesn't take any unecessary permissions.
 Ankur Warikoo  (edited)
",stepsetgo. 
"Simple Mass Mail merge, a google add on to send out personalized emails and dynamic documents.",Simple Mass Mail merge
Popcorn time,Popcorn time
Canva,Canva
"Goodreads, CamScanner, Snapseed, Google Fit and the best one, Shazam to decode background music.","Goodreads, CamScanner, Snapseed, Google Fit, Shazam "
Notion - Amazing desktop and mobile app for product management.,Notion 
Pocket,Pocket
Niki.ai by Shishir Modi,Niki.ai
"Knappily, much better than Inshorts for news. Made for people who love reading.",Knappily
Keep,Keep
The ken,The ken
Knappily. The best app for learning almost all worldly affairs in great detail.,Knappily
Supr,Supr
Nearbuy,Nearbuy
Headspace - on the way of learning how to meditate,Headspace 
evernote,evernote
"Remember the Milk, Raddio Garden, Editorial","Remember the Milk, Raddio Garden, Editorial"
"Elevate, A brain training app with a beautiful UI experience. Highly recommend",Elevate
Frapp - To promote brands and earn,Frapp
Walnut to split bills and tracking spendings,Walnut
"Dailey Fuel Price , Car expense App","Dailey Fuel Price , Car expense App"
"Podbean - a storehouse of awesome podcasts, to make efficient use of our downtime.",Podbean
simpl,simpl
Fastsave and Perfect Piano,"Fastsave, Perfect Piano"
TTT,TTT
Coursera and Medium,"Coursera, Medium"
IFTTT. (IF This Then That) you can create triggers for your device using this.,IFTTT
Walnut for tracking money spending,Walnut 
StepSetGo,StepSetGo
HungerBoxCafe and Curiosity,"HungerBoxCafe, Curiosity"
Planning for new startup,
Healthifyme,Healthifyme
"Daywise, by Devang Paliwal and team.",Daywise
"Grasshopper, decoder","Grasshopper, decoder"
"Loop, Habit Tracker on Android
Simple, yet very effective app to create good habits and track their progress over time.
True embodiment of Peter Drucker's words, ""What gets measured, gets managed.""  (edited)
","Loop, Habit Tracker, Simple
"
"Calm - an app that helps you relax and sleep well.  (edited)
",Calm
"neighbourly by Google. Great local ap  (edited)
","neighbourly
"
"Medium, to catch up on some reading and post my own content as well. But this one might be quite popular.",Medium
Pinterest - Food for ideas! Super organised app,Pinterest
Youper,Youper
nearbuy :P,nearbuy 
"Social will damage your mind 
Meet is important for all people","Social, Meet"
Sms organiser by microsoft,Sms organiser
Twilight : Essential app for reading in the dark,Twilight 
"9gag! Yes, there's an app for it.
","9gag
"
Boosted productivity - Android only,Boosted productivity
LinkedIn,LinkedIn
I use an app called Nojoto to post my micro-tales and micro-poetry,Nojoto
'Money Manager' by Realbyte to track my daily personal expenses. Don't think many people would know about it or using it.,Money Manager
Udaan (B2B trading platform),Udaan
StepSetGo,StepSetGo
Quick ride,Quick ride
LinkedIn and Twitter tbh!,"LinkedIn, Twitter"
"""Diary"" A simple app to journal on the go. I have a habit of doing this whenever I go through any negative emotion so I guess it's a very simple and easily substitute-able app which might not be known to many.",Diary
CRED,CRED
