names,headline,links,followers,date,num_posts,Average likes per post,Average comments per post,Avg likes per post per followe,Avg likes per post for 10k followers
Ritu Anand,Chief Leadership & Diversity Officer at TCS,https://www.linkedin.com/in/ritu-anand-9343065/,22041,"['1h', '1w', '1w', '2w', '3w', '1mo', '1mo', '1mo', '1mo', '1mo', '2mo', '2mo', '2mo', '2mo', '2mo', '3mo', '3mo', '3mo', '3mo', '3mo', '4mo', '4mo', '4mo', '4mo', '4mo', '5mo', '5mo', '5mo', '5mo', '5mo', '6mo', '6mo', '6mo', '6mo']",34,764.0294118,44.64705882,0.034664009,346.6400852
Harish Bhat,"Brand Custodian, Tata Sons. Passionate marketer, author and columnist. LinkedIn Top Voice 2019.",https://www.linkedin.com/in/harishbhattata/,22040,"['4d', '1w', '2w', '3w', '3w', '1mo', '1mo', '1mo', '1mo', '2mo', '2mo', '3mo', '3mo', '3mo', '4mo', '4mo', '4mo', '4mo', '5mo', '5mo', '5mo', '6mo', '6mo', '6mo', '6mo']",25,901.08,105.04,0.040883848,408.8384755
Rekha M Menon,Chairman and Senior Managing Director - Accenture in India,https://www.linkedin.com/in/rekha-m-menon-15325/,135476,"['1d', '2d', '3d', '3d', '6d', '1w', '1w', '2w', '2w', '2w', '2w', '3w', '3w', '1mo', '1mo', '1mo', '1mo', '1mo', '1mo', '1mo', '1mo', '1mo', '1mo', '1mo', '1mo', '2mo', '2mo', '2mo', '2mo', '2mo', '2mo', '2mo', '2mo', '2mo', '3mo', '3mo', '3mo', '3mo', '4mo', '4mo', '4mo', '4mo', '4mo', '4mo', '4mo', '5mo', '5mo', '5mo', '5mo', '5mo', '5mo', '5mo', '5mo', '5mo', '5mo', '5mo', '5mo', '5mo', '5mo', '6mo', '6mo', '6mo']",62,225.2903226,6.981818182,0.001662954,16.62953753
Satyarth Priyedarshi,"Head of Digital, TATA AIA || Ex-Google, Jio, Flipkart || Linkedin Top Voice || LinkedIn Power Profile 2018 || TEDx Speaker",https://www.linkedin.com/in/satyarth/,68365,"['1h', '23h', '1d', '2d', '4d', '5d', '5d', '1w', '1w', '1w', '1w', '2w', '2w', '2w', '2w', '2w', '2w', '2w', '2w', '2w', '2w', '2w', '3w', '3w', '3w', '3w', '3w', '1mo', '1mo', '1mo', '1mo', '1mo', '1mo', '2mo', '2mo', '2mo', '2mo', '2mo', '2mo', '2mo', '2mo', '2mo', '2mo', '2mo', '2mo', '2mo', '2mo', '3mo', '3mo', '3mo', '3mo', '3mo', '3mo', '3mo', '3mo', '3mo', '3mo', '3mo', '3mo', '3mo', '3mo', '3mo', '3mo', '3mo', '3mo', '3mo', '3mo', '4mo', '4mo', '4mo', '4mo', '4mo', '4mo', '4mo', '4mo', '4mo', '4mo', '4mo', '4mo', '4mo', '5mo', '5mo', '5mo', '5mo', '5mo', '5mo', '5mo', '5mo', '5mo', '5mo', '5mo', '5mo', '5mo', '5mo', '5mo', '5mo', '5mo', '5mo', '5mo', '5mo', '5mo', '5mo', '6mo', '6mo', '6mo', '6mo', '6mo', '6mo', '6mo', '6mo', '6mo', '6mo', '6mo', '6mo', '6mo', '6mo', '6mo', '6mo', '6mo', '6mo', '6mo']",121,405.0495868,28.79661017,0.005924809,59.24809285
Adhil Shetty,CEO at BankBazaar.com,https://www.linkedin.com/in/adhilshetty/,652793,"['3h', '1d', '4mo', '5mo', '6mo', '6mo', '6mo', '6mo']",8,344.75,9.125,0.000528115,5.281153444
Mubeena Azeez,Featured : LinkedIn Top Voices 2019: India || Creative Resume writer ||Global Talent Solutions - Boeing,https://www.linkedin.com/in/mubeena-azeez-79ab0765/,36799,"['3h', '1d', '1d', '1d', '6d', '2w', '3w', '1mo', '1mo', '1mo', '2mo', '2mo', '2mo', '2mo', '2mo', '2mo', '3mo', '3mo', '3mo', '3mo', '3mo', '3mo', '3mo', '3mo', '3mo', '3mo', '3mo', '3mo', '3mo', '3mo', '3mo', '4mo', '4mo', '4mo', '4mo', '4mo', '4mo', '4mo', '5mo', '5mo', '5mo', '5mo', '5mo', '5mo', '5mo', '5mo', '6mo', '6mo', '6mo', '6mo']",50,138.96,30.73529412,0.00377619,37.7618957
Tapan Singhel,Managing Director & CEO at Bajaj Allianz General Insurance Co. Ltd.,https://www.linkedin.com/in/tapansinghel/,680075,"['1h', '1d', '1d', '3d', '4d', '5d', '5d', '5d', '5d', '6d', '1w', '1w', '1w', '1w', '1w', '2w', '2w', '2w', '2w', '2w', '2w', '2w', '3w', '3w', '3w', '3w', '3w', '3w', '3w', '3w', '1mo', '1mo', '1mo', '1mo', '1mo', '1mo', '1mo', '1mo', '1mo', '1mo', '1mo', '1mo', '1mo', '1mo', '1mo', '1mo', '1mo', '1mo', '1mo', '1mo', '1mo', '1mo', '1mo', '1mo', '2mo', '2mo', '2mo', '2mo', '2mo', '2mo', '2mo', '2mo', '2mo', '2mo', '2mo', '2mo', '2mo', '2mo', '2mo', '2mo', '2mo', '2mo', '3mo', '3mo', '3mo', '3mo', '3mo', '3mo', '3mo', '3mo', '3mo', '3mo', '3mo', '3mo', '3mo', '3mo', '3mo', '3mo', '3mo', '3mo', '3mo', '3mo', '3mo', '3mo', '3mo', '3mo', '4mo', '4mo', '4mo', '4mo', '4mo', '4mo', '4mo', '4mo', '4mo', '4mo', '4mo', '5mo', '5mo', '5mo', '5mo', '5mo', '5mo', '5mo', '5mo', '5mo', '5mo', '5mo', '5mo', '5mo', '6mo', '6mo', '6mo', '6mo', '6mo', '6mo', '6mo', '6mo', '6mo', '6mo', '6mo', '6mo', '6mo', '6mo', '6mo', '6mo', '6mo']",137,548.5693431,29.79562044,0.000806631,8.066306555
Rahul Subramanian,Here to crack jokes and not to be taken seriously,https://www.linkedin.com/in/rahul-subramanian-74347510/,211250,"['1d', '2d', '3d', '5d', '6d', '1w', '1w', '1w', '2w', '2w', '2w', '2w', '2w', '3w', '3w', '3w', '3w', '3w', '3w', '1mo', '1mo', '1mo', '1mo', '1mo', '1mo', '1mo', '1mo', '1mo', '1mo', '1mo', '1mo', '1mo', '1mo', '1mo', '1mo', '1mo', '1mo', '1mo', '1mo', '1mo', '1mo', '1mo', '2mo', '2mo', '2mo', '2mo', '2mo', '2mo', '2mo', '2mo', '2mo', '2mo', '2mo', '2mo', '2mo', '2mo', '2mo', '2mo', '3mo', '3mo', '3mo', '3mo', '3mo', '3mo', '3mo', '3mo', '3mo', '3mo', '3mo', '3mo', '3mo', '3mo', '3mo', '3mo', '3mo', '3mo', '3mo', '4mo', '4mo', '4mo', '4mo', '4mo', '4mo', '4mo', '4mo', '4mo', '4mo', '4mo', '4mo', '4mo', '4mo', '4mo', '5mo', '5mo', '5mo', '5mo', '5mo', '5mo', '5mo', '5mo', '5mo', '5mo', '5mo', '5mo', '5mo', '5mo', '5mo', '5mo', '6mo', '6mo', '6mo', '6mo', '6mo', '6mo', '6mo', '6mo', '6mo', '6mo', '6mo', '6mo', '6mo', '6mo']",122,5454.54918,95.53278689,0.025820351,258.2035115
Kunal Shah,"Founder : CRED, FreeCharge",https://www.linkedin.com/in/kunalshah1/,132111,"['1d', '1d', '6d', '6d', '6d', '1w', '1w', '2w', '3w', '1mo', '1mo', '1mo', '1mo', '1mo', '1mo', '1mo', '1mo', '1mo', '2mo', '2mo', '2mo', '3mo', '3mo', '3mo', '3mo', '3mo', '3mo', '3mo', '3mo', '3mo', '3mo', '4mo', '4mo', '4mo', '5mo', '5mo', '6mo', '6mo']",38,1789.131579,131.0526316,0.013542639,135.4263899
Divya Gokulnath,Co- Founder - BYJU'S,https://www.linkedin.com/in/divya-gokulnath-6b5a7a108/,61780,"['5h', '3d', '5d', '3w', '3w', '1mo', '1mo', '1mo', '2mo', '2mo', '3mo', '3mo', '3mo', '3mo', '3mo', '4mo', '4mo', '4mo', '5mo', '5mo', '5mo']",21,1837.904762,103.952381,0.029749187,297.4918682
Amit Somani,"Managing Partner, Prime Venture Partners (Early Stage VC) | LinkedIn TopVoices 2019 & 2018 | Ex-Google, Makemytrip, IBM",https://www.linkedin.com/in/thesomani/,441377,"['1d', '2d', '5d', '6d', '1w', '1w', '1w', '1w', '2w', '3w', '3w', '1mo', '1mo', '1mo', '1mo', '1mo', '1mo', '1mo', '1mo', '1mo', '1mo', '1mo', '1mo', '1mo', '1mo', '2mo', '3mo', '3mo', '3mo', '3mo', '3mo', '3mo', '3mo', '3mo', '3mo', '4mo', '4mo', '4mo', '5mo', '5mo', '6mo', '6mo', '6mo', '6mo', '6mo', '6mo', '6mo']",47,223.0851064,10.34782609,0.00050543,5.054298398
Dr. Sangita Reddy,"Joint Managing Director, Apollo Hospitals Group",https://www.linkedin.com/in/drsangitareddy/,16636,"['1d', '1d', '3d', '4d', '6d', '1w', '1w', '1w', '2w', '2w', '2w', '2w', '2w', '2w', '2w', '3w', '3w', '3w', '3w', '3w', '1mo', '1mo', '1mo', '1mo', '1mo', '1mo', '1mo', '1mo', '1mo', '1mo', '1mo', '1mo', '1mo', '1mo', '1mo', '1mo', '1mo', '1mo', '1mo', '2mo', '2mo', '2mo', '2mo', '2mo', '2mo', '2mo', '2mo', '2mo', '2mo', '2mo', '2mo', '2mo', '2mo', '2mo', '2mo', '2mo', '2mo', '2mo', '2mo', '2mo', '2mo', '2mo', '2mo', '2mo', '2mo', '2mo', '2mo', '2mo', '2mo', '3mo', '3mo', '3mo', '3mo', '3mo', '3mo', '3mo', '3mo', '3mo', '3mo', '3mo', '3mo', '5mo', '2yr']",83,379.9036145,27.24691358,0.022836236,228.3623554
Sandeep Kochhar,Storyteller bleWMinds Consulting. An ant that fails often but never gives up. 130 Million views. 190000 folks trust me.,https://www.linkedin.com/in/sandeepkochhar/,190222,"['6h', '11h', '1d', '2d', '3d', '3d', '4d', '5d', '6d', '1w', '1w', '1w', '1w', '1w', '1w', '1w', '2w', '2w', '2w', '2w', '2w', '2w', '2w', '3w', '3w', '3w', '3w', '3w', '3w', '3w', '1mo', '1mo', '1mo', '1mo', '1mo', '1mo', '1mo', '1mo', '1mo', '1mo', '1mo', '1mo', '1mo', '1mo', '1mo', '1mo', '1mo', '1mo', '1mo', '1mo', '1mo', '1mo', '1mo', '1mo', '1mo', '1mo', '1mo', '1mo', '1mo', '1mo', '1mo', '2mo', '2mo', '2mo', '2mo', '2mo', '2mo', '2mo', '2mo', '2mo', '2mo', '2mo', '2mo', '2mo', '2mo', '2mo', '2mo', '2mo', '2mo', '2mo', '2mo', '2mo', '2mo', '2mo', '2mo', '2mo', '2mo', '2mo', '2mo', '2mo', '2mo', '2mo', '2mo', '2mo', '2mo', '2mo', '2mo', '2mo', '2mo', '2mo', '2mo', '2mo', '2mo', '3mo', '3mo', '3mo', '3mo', '3mo', '3mo', '3mo', '3mo', '3mo', '3mo', '3mo', '3mo', '3mo', '3mo', '3mo', '3mo', '3mo', '3mo', '3mo', '3mo', '3mo', '3mo', '3mo', '3mo', '3mo', '3mo', '3mo', '3mo', '3mo', '3mo', '3mo', '3mo', '3mo', '3mo', '3mo', '3mo', '3mo', '3mo', '4mo', '4mo', '4mo', '4mo', '4mo', '4mo', '4mo', '4mo', '4mo', '4mo', '4mo', '4mo', '4mo', '4mo', '4mo', '4mo', '4mo', '4mo', '4mo', '4mo', '4mo', '4mo', '4mo', '4mo', '4mo', '4mo', '4mo', '4mo', '4mo', '4mo', '4mo', '4mo', '4mo', '4mo', '4mo', '4mo', '4mo', '4mo', '4mo', '4mo', '4mo', '4mo', '5mo', '5mo', '5mo', '5mo', '5mo', '5mo', '5mo', '5mo', '5mo', '5mo', '5mo', '5mo', '5mo', '5mo', '5mo', '5mo', '5mo', '5mo', '5mo', '5mo', '5mo', '5mo', '5mo', '5mo', '5mo', '5mo', '5mo', '5mo', '5mo', '5mo', '5mo', '5mo', '5mo', '5mo', '5mo', '5mo', '5mo', '5mo', '5mo', '5mo', '6mo', '6mo', '6mo', '6mo', '6mo', '6mo', '6mo', '6mo', '6mo', '6mo', '6mo', '6mo', '6mo', '6mo', '6mo', '6mo', '6mo', '6mo', '6mo', '6mo', '6mo', '6mo', '6mo', '6mo', '6mo', '6mo', '6mo', '6mo', '6mo', '6mo', '6mo', '6mo', '6mo']",256,973.7539063,114.8789063,0.005119039,51.19039366
Nathan SV,Partner and Chief Talent Officer at Deloitte India,https://www.linkedin.com/in/nathansv/,245575,"['1d', '3d', '4d', '1w', '1w', '1w', '1w', '2w', '2w', '2w', '2w', '3w', '3w', '3w', '3w', '3w', '3w', '1mo', '1mo', '1mo', '1mo', '1mo', '1mo', '1mo', '1mo', '1mo', '1mo', '1mo', '1mo', '1mo', '1mo', '2mo', '2mo', '2mo', '2mo', '2mo', '2mo', '2mo', '2mo', '2mo', '2mo', '2mo', '2mo', '2mo', '2mo', '2mo', '2mo', '2mo', '2mo', '3mo', '3mo', '3mo', '3mo', '3mo', '3mo', '3mo', '3mo', '3mo', '3mo', '3mo', '4mo', '4mo', '4mo', '4mo', '4mo', '4mo', '4mo', '4mo', '4mo', '4mo', '4mo', '4mo', '4mo', '4mo', '4mo', '4mo', '5mo', '5mo', '5mo', '5mo', '5mo', '5mo', '5mo', '5mo', '5mo', '5mo', '5mo', '5mo', '5mo', '5mo', '5mo', '6mo', '6mo', '6mo', '6mo', '6mo', '6mo', '6mo', '6mo', '6mo', '6mo', '6mo', '6mo', '6mo', '6mo', '6mo', '6mo']",107,1317.766355,55.02803738,0.005366044,53.66044407
Shruti Chaturvedi,Founder & Editor at Chaaipani,https://www.linkedin.com/in/shrutii/,18745,"['4h', '1d', '1w', '1w', '1w', '2w', '2w', '3w', '3w', '3w', '1mo', '1mo', '1mo', '1mo', '1mo', '1mo', '1mo', '1mo', '1mo', '1mo', '1mo', '1mo', '2mo', '2mo', '2mo', '2mo', '2mo', '3mo', '3mo', '3mo', '3mo', '4mo', '4mo', '4mo', '4mo', '4mo', '4mo', '4mo', '4mo', '5mo', '5mo', '5mo', '5mo', '5mo', '6mo', '6mo', '6mo', '6mo', '6mo', '6mo', '6mo']",51,246.0784314,25.94117647,0.013127684,131.2768372
Anamika Sirohi,Vice President & Head of Marketing 100 Most Influential Marketers 2018,https://www.linkedin.com/in/anamikasirohi/,31855,"['9h', '2d', '3d', '6d', '1w', '1w', '2w', '2w', '2w', '3w', '1mo', '2mo', '2mo', '2mo', '2mo', '2mo', '3mo', '3mo', '3mo', '3mo', '3mo', '3mo', '3mo', '3mo', '3mo', '4mo', '4mo', '4mo', '4mo', '5mo', '5mo', '5mo', '6mo', '6mo', '6mo']",35,143.6285714,15.25714286,0.004508823,45.08823463
Himanshu Rai,Director at Indian Institute of Management Indore,https://www.linkedin.com/in/himanshu-rai-01b57714/,39076,"['1d', '1d', '2d', '3d', '3d', '4d', '5d', '5d', '6d', '6d', '1w', '1w', '1w', '1w', '1w', '1w', '1w', '1w', '1w', '1w', '1w', '2w', '2w', '2w', '2w', '2w', '2w', '2w', '2w', '2w', '2w', '2w', '3w', '3w', '3w', '3w', '3w', '3w', '3w', '3w', '3w', '3w', '3w', '3w', '1mo', '1mo', '1mo', '1mo', '1mo', '1mo', '1mo', '1mo', '1mo', '1mo', '1mo', '1mo', '1mo', '1mo', '1mo', '1mo', '1mo', '1mo', '1mo', '1mo', '1mo', '1mo', '1mo', '1mo', '1mo', '1mo', '1mo', '1mo', '1mo', '1mo', '1mo', '1mo', '1mo', '1mo', '1mo', '1mo', '2mo', '2mo', '2mo', '2mo', '2mo', '2mo', '2mo', '2mo', '2mo', '2mo', '2mo', '2mo', '2mo', '2mo', '2mo', '2mo', '2mo', '2mo', '2mo', '2mo', '2mo', '2mo', '2mo', '2mo', '2mo', '2mo', '2mo', '2mo', '2mo', '2mo', '2mo', '2mo', '2mo', '2mo', '2mo', '2mo', '2mo', '2mo', '2mo', '2mo', '2mo', '2mo', '2mo', '3mo', '3mo', '3mo', '3mo', '3mo', '3mo', '3mo', '3mo', '3mo', '3mo', '3mo', '3mo', '3mo', '3mo', '3mo', '3mo', '3mo', '3mo', '3mo', '3mo', '3mo', '3mo', '3mo', '3mo', '3mo', '3mo', '3mo', '3mo', '3mo', '3mo', '3mo', '3mo', '3mo', '3mo', '3mo', '3mo', '4mo', '4mo', '4mo', '4mo', '4mo', '4mo', '4mo', '4mo', '4mo', '4mo', '4mo', '4mo', '4mo', '4mo', '4mo', '4mo', '4mo', '4mo', '4mo', '4mo', '4mo', '4mo', '4mo', '4mo', '4mo', '4mo', '4mo', '4mo', '4mo', '4mo', '4mo', '4mo', '4mo', '4mo', '4mo', '4mo', '4mo', '4mo', '5mo', '5mo', '5mo', '5mo', '5mo', '5mo', '5mo', '5mo', '5mo', '5mo', '5mo', '5mo', '5mo', '5mo', '5mo', '5mo', '5mo', '5mo', '5mo', '5mo', '5mo', '5mo', '5mo', '5mo', '5mo', '5mo', '5mo', '5mo', '5mo', '5mo', '5mo', '5mo', '5mo', '6mo', '6mo', '6mo', '6mo', '6mo', '6mo', '6mo', '6mo', '6mo', '6mo', '6mo', '6mo', '6mo', '6mo', '6mo', '6mo', '6mo', '6mo', '6mo', '6mo', '6mo', '6mo', '6mo', '6mo', '6mo', '6mo', '6mo', '6mo', '6mo', '6mo', '6mo', '6mo', '6mo', '6mo', '6mo', '6mo']",266,361.075188,16.91698113,0.009240331,92.40331354
Sayema Rahman,An audio-visual artist/Voice-Over professional (English/Hindi/Urdu)/Master of ceremonies/anchor at selective events.,https://www.linkedin.com/in/sayema-rahman-1420b9101/,9916,"['1d', '1d', '2d', '3d', '6d', '2w', '2w', '3w', '3w', '3w', '1mo', '1mo', '1mo', '1mo', '1mo', '1mo', '1mo', '1mo', '1mo', '1mo', '2mo', '2mo', '2mo', '2mo', '2mo', '2mo', '3mo', '3mo', '3mo', '3mo', '4mo', '4mo', '4mo', '4mo', '4mo', '4mo', '5mo', '5mo', '5mo', '5mo', '5mo', '5mo', '5mo', '5mo', '5mo', '5mo', '5mo', '5mo', '5mo', '5mo', '5mo', '6mo', '6mo', '6mo', '6mo', '6mo', '6mo', '6mo', '6mo', '6mo', '6mo', '6mo']",62,274.3225806,36,0.027664641,276.6464105
Vandana Sharma,"LinkedIn Top Voice 2019, Woman Icon, Career coach, TEDx Speaker, Military veteran, Entrepreneur, Influencer",https://www.linkedin.com/in/majorvansharma/,31759,"['5h', '1d', '1w', '2mo', '2mo', '3mo', '3mo', '3mo', '3mo', '3mo', '3mo', '3mo', '3mo', '4mo', '4mo', '4mo', '4mo', '4mo', '5mo', '5mo', '6mo']",21,121.2380952,18,0.003817441,38.17440576
Smriti Handa,Regional HR Director at RB | LinkedIn Top Voices 2019,https://www.linkedin.com/in/smriti-handa-0636045/,204693,"['21h', '3w', '5mo']",3,487,26.66666667,0.002379173,23.79172712
Poonam Barua,"CEO WILL Forum India, Founder Chairman Forum for Women in Leadership, Author of the Book, ""Leadership by Proxy""",https://www.linkedin.com/in/poonam-barua-60a76910/,7729,"['1d', '1w', '1w', '1w', '1w', '2w', '3w', '1mo', '1mo', '1mo', '1mo', '1mo', '1mo', '1mo', '2mo', '2mo', '2mo', '2mo', '2mo', '2mo', '2mo', '2mo', '2mo', '3mo', '3mo', '3mo', '3mo', '3mo', '3mo', '3mo', '4mo', '4mo', '4mo', '4mo', '4mo', '4mo', '4mo', '4mo', '4mo', '5mo', '5mo', '5mo', '5mo', '5mo', '6mo', '6mo', '6mo', '6mo', '6mo', '6mo', '6mo', '6mo']",52,67.01923077,6.2,0.008671139,86.71138669
Tamal Bandyopadhyay,"Consulting Editor, Business Standard & Senior Adviser, Jana Small Finance Bank",https://www.linkedin.com/in/tamal-bandyopadhyay-818b2b9/,510448,"['3d', '1w', '1w', '1w', '1w', '1w', '1w', '1w', '2w', '2w', '2w', '3w', '1mo', '1mo', '1mo', '1mo', '2mo', '2mo', '2mo', '2mo', '2mo', '2mo', '3mo', '3mo', '3mo', '3mo', '3mo', '4mo', '4mo', '4mo', '4mo', '4mo', '4mo', '4mo', '5mo', '5mo', '5mo', '5mo', '5mo', '5mo', '6mo', '6mo', '6mo', '6mo', '6mo', '6mo', '6mo', '6mo']",48,300,15.97916667,0.000587719,5.877190233
Shephali Bhatt,Special Correspondent at The Economic Times,https://www.linkedin.com/in/shephali-bhatt-19727915/,9233,"['1d', '4d', '1w', '1mo', '1mo', '1mo', '1mo', '2mo', '3mo', '3mo', '3mo', '4mo', '4mo', '4mo', '5mo', '5mo', '5mo', '6mo', '6mo']",19,190.9473684,18.57894737,0.020680967,206.8096701
