names,headline,links,followers,date,num_posts,likes,comments,avg_likes,avg_comments,likes_per_thousand,commnets_per_thousand,avg_likes_per_thousand,avg_comments_per_thousand
Ritu Anand,Chief Leadership & Diversity Officer at TCS,https://www.linkedin.com/in/ritu-anand-9343065/,22041,"['1h', '1w', '1w', '2w', '3w', '1mo', '1mo', '1mo', '1mo', '1mo', '2mo', '2mo', '2mo', '2mo', '2mo', '3mo', '3mo', '3mo', '3mo', '3mo', '4mo', '4mo', '4mo', '4mo', '4mo', '5mo', '5mo', '5mo', '5mo', '5mo', '6mo', '6mo', '6mo', '6mo']",34,"[160, 1114, 1111, 906, 483, 290, 132, 802, 458, 1152, 421, 526, 962, 1203, 469, 645, 783, 62, 2003, 789, 607, 646, 632, 7, 4540, 719, 351, 482, 581, 650, 477, 539, 651, 624]","[6, 116, 54, 65, 40, 20, 10, 58, 17, 87, 18, 15, 54, 107, 24, 25, 35, 1, 81, 34, 43, 24, 26, 2, 226, 64, 11, 23, 37, 59, 37, 32, 38, 29]",764.0294118,44.64705882,"[7.25919876593621, 50.542171407830864, 50.40606143096955, 41.10521301211379, 21.913706274669934, 13.157297763259379, 5.9888389818973735, 36.38673381425525, 20.779456467492402, 52.26623111474071, 19.100766752869653, 23.86461594301529, 43.64593258019146, 54.58010072138288, 21.278526382650515, 29.263645025180345, 35.52470396080032, 2.8129395218002813, 90.87609455106391, 35.796923914522935, 27.539585318270497, 29.30901501746745, 28.67383512544803, 0.3175899460097092, 205.97976498343996, 32.62102445442584, 15.924867292772563, 21.86833628238283, 26.35996551880586, 29.49049498661585, 21.641486320947326, 24.454425842747607, 29.535864978902953, 28.31087518715122]","[0.2722199537226079, 5.2629191053037525, 2.449979583503471, 2.949049498661585, 1.8147996914840525, 0.9073998457420263, 0.45369992287101313, 2.6314595526518763, 0.7712898688807224, 3.947189328977814, 0.8166598611678236, 0.6805498843065196, 2.449979583503471, 4.85458917471984, 1.0888798148904315, 1.1342498071775329, 1.587949730048546, 0.045369992287101306, 3.6749693752552064, 1.5425797377614447, 1.9509096683453564, 1.0888798148904315, 1.179619799464634, 0.09073998457420261, 10.253618256884897, 2.9036795063744836, 0.49906991515811444, 1.0435098226033304, 1.6786897146227484, 2.6768295449389776, 1.6786897146227484, 1.4518397531872418, 1.72405970690985, 1.3157297763259381]",34.66400852,2.025636714
Harish Bhat,"Brand Custodian, Tata Sons. Passionate marketer, author and columnist. LinkedIn Top Voice 2019.",https://www.linkedin.com/in/harishbhattata/,22040,"['4d', '1w', '2w', '3w', '3w', '1mo', '1mo', '1mo', '1mo', '2mo', '2mo', '3mo', '3mo', '3mo', '4mo', '4mo', '4mo', '4mo', '5mo', '5mo', '5mo', '6mo', '6mo', '6mo', '6mo']",25,"[248, 770, 665, 577, 190, 62, 360, 627, 415, 981, 4916, 3331, 662, 512, 1139, 338, 2546, 910, 686, 603, 441, 589, 441, 303, 215]","[27, 366, 31, 100, 93, 13, 139, 203, 28, 77, 280, 216, 116, 94, 72, 55, 199, 74, 44, 105, 120, 50, 62, 32, 30]",901.08,105.04,"[11.252268602540834, 34.936479128856625, 30.17241379310345, 26.17967332123412, 8.620689655172413, 2.8130671506352085, 16.33393829401089, 28.448275862068968, 18.82940108892922, 44.509981851179674, 223.04900181488202, 151.1343012704174, 30.036297640653356, 23.230490018148817, 51.67876588021779, 15.335753176043557, 115.51724137931033, 41.28856624319419, 31.12522686025408, 27.35934664246824, 20.00907441016334, 26.724137931034484, 20.00907441016334, 13.747731397459166, 9.754990925589837]","[1.2250453720508168, 16.60617059891107, 1.4065335753176043, 4.537205081669692, 4.219600725952813, 0.5898366606170599, 6.306715063520871, 9.210526315789473, 1.2704174228675136, 3.4936479128856623, 12.704174228675136, 9.800362976406534, 5.263157894736842, 4.26497277676951, 3.266787658802178, 2.49546279491833, 9.029038112522684, 3.3575317604355717, 1.996370235934664, 4.764065335753176, 5.44464609800363, 2.268602540834846, 2.8130671506352085, 1.451905626134301, 1.3611615245009074]",40.88384755,4.765880218
Rekha M Menon,Chairman and Senior Managing Director - Accenture in India,https://www.linkedin.com/in/rekha-m-menon-15325/,135476,"['1d', '2d', '3d', '3d', '6d', '1w', '1w', '2w', '2w', '2w', '2w', '3w', '3w', '1mo', '1mo', '1mo', '1mo', '1mo', '1mo', '1mo', '1mo', '1mo', '1mo', '1mo', '1mo', '2mo', '2mo', '2mo', '2mo', '2mo', '2mo', '2mo', '2mo', '2mo', '3mo', '3mo', '3mo', '3mo', '4mo', '4mo', '4mo', '4mo', '4mo', '4mo', '4mo', '5mo', '5mo', '5mo', '5mo', '5mo', '5mo', '5mo', '5mo', '5mo', '5mo', '5mo', '5mo', '5mo', '5mo', '6mo', '6mo', '6mo']",62,"[273, 105, 69, 80, 269, 157, 88, 141, 377, 112, 341, 551, 176, 122, 118, 1356, 789, 485, 46, 322, 68, 90, 89, 55, 344, 134, 241, 43, 82, 101, 365, 356, 40, 485, 17, 20, 18, 119, 95, 188, 80, 186, 68, 606, 264, 362, 142, 106, 1178, 43, 439, 106, 85, 225, 169, 345, 30, 183, 139, 58, 135, 92]","[9, 1, 2, 10, 3, 5, 5, 6, 3, 10, 31, 5, 4, 4, 36, 12, 20, 1, 7, 3, 2, 1, 8, 7, 3, 3, 7, 12, 2, 9, 9, 3, 8, 1, 9, 2, 20, 4, 14, 2, 3, 31, 1, 6, 1, 1, 2, 1, 10, 6, 4, 1, 3, 8, 3]",225.2903226,6.981818182,"[2.015117068705896, 0.7750450264253447, 0.5093153030795122, 0.5905104963240722, 1.9855915438896925, 1.1588768490359915, 0.6495615459564793, 1.0407747497711772, 2.78278071392719, 0.8267146948537011, 2.5170509905813576, 4.067141043432047, 1.2991230919129586, 0.90052850689421, 0.8710029820780064, 10.009152912693024, 5.8239097699961615, 3.5799698839646874, 0.33954353538634147, 2.3768047477043903, 0.5019339218754614, 0.6643243083645811, 0.6569429271605303, 0.40597596622279963, 2.5391951341935104, 0.9891050813428208, 1.7789128701762673, 0.3173993917741888, 0.605273258732174, 0.745519501609141, 2.6942041394785794, 2.627771708642121, 0.2952552481620361, 3.5799698839646874, 0.12548348046886534, 0.14762762408101804, 0.13286486167291625, 0.8783843632820574, 0.7012312143848357, 1.3876996663615695, 0.5905104963240722, 1.3729369039534678, 0.5019339218754614, 4.473117009654847, 1.948684637869438, 2.6720599958664266, 1.048156130975228, 0.7824264076293956, 8.695267058371963, 0.3173993917741888, 3.240426348578346, 0.7824264076293956, 0.6274174023443267, 1.660810770911453, 1.2474534234846024, 2.546576515397561, 0.22144143612152706, 1.350792760341315, 1.0260119873630755, 0.4281201098349523, 0.9964864625468717, 0.6790870707726829]","[0.06643243083645813, 0.007381381204050901, 0.014762762408101803, 0.07381381204050902, 0.022144143612152705, 0.03690690602025451, 0.03690690602025451, 0.04428828722430541, 0.022144143612152705, 0.07381381204050902, 0.22882281732557797, 0.03690690602025451, 0.029525524816203606, 0.029525524816203606, 0.2657297233458325, 0.08857657444861082, 0.14762762408101804, 0.007381381204050901, 0.05166966842835632, 0.022144143612152705, 0.014762762408101803, 0.007381381204050901, 0.05905104963240721, 0.05166966842835632, 0.022144143612152705, 0.022144143612152705, 0.05166966842835632, 0.08857657444861082, 0.014762762408101803, 0.06643243083645813, 0.06643243083645813, 0.022144143612152705, 0.05905104963240721, 0.007381381204050901, 0.06643243083645813, 0.014762762408101803, 0.14762762408101804, 0.029525524816203606, 0.10333933685671264, 0.014762762408101803, 0.022144143612152705, 0.22882281732557797, 0.007381381204050901, 0.04428828722430541, 0.007381381204050901, 0.007381381204050901, 0.014762762408101803, 0.007381381204050901, 0.07381381204050902, 0.04428828722430541, 0.029525524816203606, 0.007381381204050901, 0.022144143612152705, 0.05905104963240721, 0.022144143612152705]",1.662953753,0.051535461
Satyarth Priyedarshi,"Head of Digital, TATA AIA || Ex-Google, Jio, Flipkart || Linkedin Top Voice || LinkedIn Power Profile 2018 || TEDx Speaker",https://www.linkedin.com/in/satyarth/,68365,"['1h', '23h', '1d', '2d', '4d', '5d', '5d', '1w', '1w', '1w', '1w', '2w', '2w', '2w', '2w', '2w', '2w', '2w', '2w', '2w', '2w', '2w', '3w', '3w', '3w', '3w', '3w', '1mo', '1mo', '1mo', '1mo', '1mo', '1mo', '2mo', '2mo', '2mo', '2mo', '2mo', '2mo', '2mo', '2mo', '2mo', '2mo', '2mo', '2mo', '2mo', '2mo', '3mo', '3mo', '3mo', '3mo', '3mo', '3mo', '3mo', '3mo', '3mo', '3mo', '3mo', '3mo', '3mo', '3mo', '3mo', '3mo', '3mo', '3mo', '3mo', '3mo', '4mo', '4mo', '4mo', '4mo', '4mo', '4mo', '4mo', '4mo', '4mo', '4mo', '4mo', '4mo', '4mo', '5mo', '5mo', '5mo', '5mo', '5mo', '5mo', '5mo', '5mo', '5mo', '5mo', '5mo', '5mo', '5mo', '5mo', '5mo', '5mo', '5mo', '5mo', '5mo', '5mo', '5mo', '5mo', '6mo', '6mo', '6mo', '6mo', '6mo', '6mo', '6mo', '6mo', '6mo', '6mo', '6mo', '6mo', '6mo', '6mo', '6mo', '6mo', '6mo', '6mo', '6mo']",121,"[142, 111, 712, 84, 145, 325, 191, 78, 5360, 650, 104, 128, 245, 104, 49, 84, 385, 54, 569, 667, 228, 99, 127, 529, 53, 135, 222, 48, 41, 573, 28, 222, 66, 242, 260, 1824, 915, 232, 204, 26, 135, 601, 1750, 311, 43, 99, 88, 246, 602, 109, 923, 256, 3030, 116, 415, 52, 100, 287, 987, 193, 151, 81, 37, 95, 96, 76, 295, 284, 204, 32, 66, 70, 143, 232, 666, 336, 332, 198, 58, 265, 128, 242, 155, 139, 183, 378, 143, 307, 79, 392, 185, 172, 12256, 65, 135, 87, 246, 279, 364, 511, 70, 328, 147, 176, 64, 82, 13, 106, 7, 67, 3, 137, 212, 36, 60, 70, 220, 89, 159, 5, 193]","[14, 7, 79, 2, 11, 18, 13, 3, 244, 35, 8, 19, 29, 15, 1, 6, 29, 1, 28, 95, 14, 6, 5, 46, 4, 15, 22, 8, 25, 2, 14, 9, 47, 31, 58, 46, 11, 11, 5, 25, 31, 222, 22, 14, 18, 8, 56, 36, 8, 30, 40, 165, 7, 26, 2, 9, 40, 64, 19, 4, 24, 4, 7, 84, 32, 12, 11, 4, 5, 4, 12, 60, 45, 26, 9, 23, 7, 20, 12, 41, 10, 4, 10, 29, 14, 20, 5, 36, 7, 13, 439, 10, 17, 7, 19, 22, 39, 64, 1, 43, 20, 11, 2, 4, 6, 1, 6, 6, 2, 4, 3, 17, 3, 12, 112, 50, 2, 4]",405.0495868,28.79661017,"[2.0770862283332114, 1.6236378263731441, 10.414685877276384, 1.2286988956337306, 2.120968331748702, 4.753894536678125, 2.793827250786221, 1.14093468880275, 78.40269143567615, 9.50778907335625, 1.521246251737, 1.872303079060923, 3.583705112265048, 1.521246251737, 0.7167410224530096, 1.2286988956337306, 5.631536604987932, 0.7898778614788269, 8.322972281138009, 9.756454326044029, 3.335039859577269, 1.4481094127111827, 1.8576757112557596, 7.737877568931471, 0.7752504936736635, 1.9746946536970673, 3.2472756527462883, 0.7021136546478461, 0.5997220800117019, 8.381481752358663, 0.4095662985445769, 3.2472756527462883, 0.9654062751407885, 3.5398230088495577, 3.8031156293425, 26.680318876618152, 13.384041541724567, 3.393549330797923, 2.983983032253346, 0.38031156293425, 1.9746946536970673, 8.791048050903239, 25.597893659036053, 4.549111387405836, 0.6289768156220289, 1.4481094127111827, 1.2872083668543846, 3.5983324800702117, 8.805675418708404, 1.5943830907628171, 13.501060484165874, 3.744606158121846, 44.32092444964528, 1.6967746653989615, 6.070357639142836, 0.7606231258685, 1.462736780516346, 4.198054560081913, 14.437212023696336, 2.823081986396548, 2.2087325385796825, 1.1848167922182402, 0.541212608791048, 1.389599941490529, 1.4042273092956923, 1.1116799531924229, 4.315073502523221, 4.154172456666423, 2.983983032253346, 0.46807576976523074, 0.9654062751407885, 1.0239157463614423, 2.091713596138375, 3.393549330797923, 9.741826958238866, 4.914795582534922, 4.856286111314269, 2.8962188254223653, 0.8483873326994807, 3.876252468368317, 1.872303079060923, 3.5398230088495577, 2.2672420098003365, 2.033204124917721, 2.6768083083449135, 5.529145030351788, 2.091713596138375, 4.490601916185183, 1.1555620566079134, 5.733928179624077, 2.70606304395524, 2.5159072624881156, 179.27301982008336, 0.950778907335625, 1.9746946536970673, 1.2725809990492212, 3.5983324800702117, 4.081035617640605, 5.3243618810795, 7.474584948438529, 1.0239157463614423, 4.797776640093615, 2.1502230673590286, 2.574416733708769, 0.9361515395304615, 1.1994441600234038, 0.190155781467125, 1.550500987347327, 0.10239157463614422, 0.9800336429459519, 0.043882103415490384, 2.0039493893073943, 3.101001974694654, 0.5265852409858846, 0.8776420683098076, 1.0239157463614423, 3.218020917135961, 1.301835734659548, 2.3257514810209905, 0.0731368390258173, 2.823081986396548]","[0.20478314927228844, 0.10239157463614422, 1.1555620566079134, 0.02925473561032692, 0.16090104585679807, 0.2632926204929423, 0.190155781467125, 0.043882103415490384, 3.5690777444598845, 0.5119578731807212, 0.11701894244130769, 0.2779199882981057, 0.4241936663497404, 0.2194105170774519, 0.01462736780516346, 0.08776420683098077, 0.4241936663497404, 0.01462736780516346, 0.4095662985445769, 1.389599941490529, 0.20478314927228844, 0.08776420683098077, 0.0731368390258173, 0.6728589190375192, 0.05850947122065384, 0.2194105170774519, 0.32180209171359614, 0.11701894244130769, 0.3656841951290865, 0.02925473561032692, 0.20478314927228844, 0.13164631024647114, 0.6874862868426826, 0.4534484019600673, 0.8483873326994807, 0.6728589190375192, 0.16090104585679807, 0.16090104585679807, 0.0731368390258173, 0.3656841951290865, 0.4534484019600673, 3.2472756527462883, 0.32180209171359614, 0.20478314927228844, 0.2632926204929423, 0.11701894244130769, 0.8191325970891538, 0.5265852409858846, 0.11701894244130769, 0.4388210341549038, 0.5850947122065384, 2.413515687851971, 0.10239157463614422, 0.38031156293425, 0.02925473561032692, 0.13164631024647114, 0.5850947122065384, 0.9361515395304615, 0.2779199882981057, 0.05850947122065384, 0.35105682732392307, 0.05850947122065384, 0.10239157463614422, 1.2286988956337306, 0.46807576976523074, 0.17552841366196154, 0.16090104585679807, 0.05850947122065384, 0.0731368390258173, 0.05850947122065384, 0.17552841366196154, 0.8776420683098076, 0.6582315512323558, 0.38031156293425, 0.13164631024647114, 0.3364294595187596, 0.10239157463614422, 0.2925473561032692, 0.17552841366196154, 0.5997220800117019, 0.1462736780516346, 0.05850947122065384, 0.1462736780516346, 0.4241936663497404, 0.20478314927228844, 0.2925473561032692, 0.0731368390258173, 0.5265852409858846, 0.10239157463614422, 0.190155781467125, 6.42141446646676, 0.1462736780516346, 0.2486652526877788, 0.10239157463614422, 0.2779199882981057, 0.32180209171359614, 0.570467344401375, 0.9361515395304615, 0.01462736780516346, 0.6289768156220289, 0.2925473561032692, 0.16090104585679807, 0.02925473561032692, 0.05850947122065384, 0.08776420683098077, 0.01462736780516346, 0.08776420683098077, 0.08776420683098077, 0.02925473561032692, 0.05850947122065384, 0.043882103415490384, 0.2486652526877788, 0.043882103415490384, 0.17552841366196154, 1.6382651941783075, 0.731368390258173, 0.02925473561032692, 0.05850947122065384]",5.924809285,0.421218608
Adhil Shetty,CEO at BankBazaar.com,https://www.linkedin.com/in/adhilshetty/,652793,"['3h', '1d', '4mo', '5mo', '6mo', '6mo', '6mo', '6mo']",8,"[62, 91, 411, 888, 197, 479, 266, 364]","[1, 5, 9, 16, 7, 14, 14, 7]",344.75,9.125,"[0.09497650863290508, 0.13940100460636065, 0.6296023394858706, 1.3603087042906403, 0.30178019678519835, 0.7337701231477667, 0.4074798596185927, 0.5576040184254426]","[0.001531879171498469, 0.007659395857492345, 0.01378691254348622, 0.024510066743975503, 0.010723154200489282, 0.021446308400978564, 0.021446308400978564, 0.010723154200489282]",0.528115344,0.013978397
Mubeena Azeez,Featured : LinkedIn Top Voices 2019: India || Creative Resume writer ||Global Talent Solutions - Boeing,https://www.linkedin.com/in/mubeena-azeez-79ab0765/,36799,"['3h', '1d', '1d', '1d', '6d', '2w', '3w', '1mo', '1mo', '1mo', '2mo', '2mo', '2mo', '2mo', '2mo', '2mo', '3mo', '3mo', '3mo', '3mo', '3mo', '3mo', '3mo', '3mo', '3mo', '3mo', '3mo', '3mo', '3mo', '3mo', '3mo', '4mo', '4mo', '4mo', '4mo', '4mo', '4mo', '4mo', '5mo', '5mo', '5mo', '5mo', '5mo', '5mo', '5mo', '5mo', '6mo', '6mo', '6mo', '6mo']",50,"[8, 135, 8, 40, 36, 8, 50, 36, 38, 116, 293, 32, 15, 67, 60, 6, 22, 23, 85, 72, 62, 10, 118, 13, 165, 26, 63, 115, 61, 112, 8, 40, 97, 46, 8, 13, 209, 61, 87, 662, 1182, 196, 441, 109, 163, 200, 13, 1011, 35, 472]","[4, 24, 7, 1, 2, 3, 9, 1, 1, 16, 5, 1, 3, 1, 2, 4, 10, 3, 1, 1, 1, 9, 9, 82, 144, 58, 12, 31, 10, 189, 8, 378, 11, 4]",138.96,30.73529412,"[0.21739721188075764, 3.668577950487785, 0.21739721188075764, 1.0869860594037881, 0.9782874534634094, 0.21739721188075764, 1.3587325742547351, 0.9782874534634094, 1.0326367564335988, 3.1522595722709856, 7.962172885132748, 0.8695888475230306, 0.40761977227642054, 1.820701649501345, 1.6304790891056822, 0.16304790891056822, 0.5978423326720834, 0.6250169841571782, 2.3098453762330498, 1.9565749069268188, 1.6848283920758715, 0.27174651485094703, 3.206608875241175, 0.3532704693062311, 4.4838174950406255, 0.7065409386124623, 1.7120030435609663, 3.125084920785891, 1.657653740590777, 3.043560966330607, 0.21739721188075764, 1.0869860594037881, 2.635941194054186, 1.2500339683143564, 0.21739721188075764, 0.3532704693062311, 5.679502160384794, 1.657653740590777, 2.3641946792032393, 17.989619283132694, 32.12043805538194, 5.326231691078562, 11.984021304926763, 2.9620370118753225, 4.429468192070437, 5.434930297018941, 0.3532704693062311, 27.473572651430743, 0.9511128019783146, 12.8264355009647]","[0.10869860594037882, 0.6521916356422729, 0.19022256039566293, 0.027174651485094705, 0.05434930297018941, 0.08152395445528411, 0.24457186336585235, 0.027174651485094705, 0.027174651485094705, 0.4347944237615153, 0.13587325742547351, 0.027174651485094705, 0.08152395445528411, 0.027174651485094705, 0.05434930297018941, 0.10869860594037882, 0.27174651485094703, 0.08152395445528411, 0.027174651485094705, 0.027174651485094705, 0.027174651485094705, 0.24457186336585235, 0.24457186336585235, 2.228321421777766, 3.9131498138536376, 1.5761297861354928, 0.32609581782113645, 0.8424141960379358, 0.27174651485094703, 5.136009130682899, 0.21739721188075764, 10.272018261365798, 0.2989211663360417, 0.10869860594037882]",3.77618957,0.835220906
Tapan Singhel,Managing Director & CEO at Bajaj Allianz General Insurance Co. Ltd.,https://www.linkedin.com/in/tapansinghel/,680075,"['1h', '1d', '1d', '3d', '4d', '5d', '5d', '5d', '5d', '6d', '1w', '1w', '1w', '1w', '1w', '2w', '2w', '2w', '2w', '2w', '2w', '2w', '3w', '3w', '3w', '3w', '3w', '3w', '3w', '3w', '1mo', '1mo', '1mo', '1mo', '1mo', '1mo', '1mo', '1mo', '1mo', '1mo', '1mo', '1mo', '1mo', '1mo', '1mo', '1mo', '1mo', '1mo', '1mo', '1mo', '1mo', '1mo', '1mo', '1mo', '2mo', '2mo', '2mo', '2mo', '2mo', '2mo', '2mo', '2mo', '2mo', '2mo', '2mo', '2mo', '2mo', '2mo', '2mo', '2mo', '2mo', '2mo', '3mo', '3mo', '3mo', '3mo', '3mo', '3mo', '3mo', '3mo', '3mo', '3mo', '3mo', '3mo', '3mo', '3mo', '3mo', '3mo', '3mo', '3mo', '3mo', '3mo', '3mo', '3mo', '3mo', '3mo', '4mo', '4mo', '4mo', '4mo', '4mo', '4mo', '4mo', '4mo', '4mo', '4mo', '4mo', '5mo', '5mo', '5mo', '5mo', '5mo', '5mo', '5mo', '5mo', '5mo', '5mo', '5mo', '5mo', '5mo', '6mo', '6mo', '6mo', '6mo', '6mo', '6mo', '6mo', '6mo', '6mo', '6mo', '6mo', '6mo', '6mo', '6mo', '6mo', '6mo', '6mo']",137,"[247, 199, 384, 694, 235, 123, 672, 349, 534, 574, 243, 4476, 670, 210, 423, 616, 91, 8820, 149, 301, 156, 150, 259, 239, 96, 488, 275, 173, 458, 290, 112, 1037, 178, 446, 2139, 186, 34, 233, 998, 289, 661, 228, 273, 134, 219, 522, 169, 24, 237, 613, 1052, 82, 254, 87, 587, 311, 692, 128, 46, 609, 72, 181, 218, 113, 1258, 494, 527, 181, 227, 421, 303, 236, 489, 175, 360, 362, 225, 651, 976, 857, 264, 461, 473, 65, 491, 288, 1015, 317, 393, 29, 725, 117, 213, 226, 244, 296, 410, 274, 412, 307, 570, 177, 217, 69, 1073, 455, 1343, 537, 178, 590, 1131, 279, 308, 284, 256, 1767, 1738, 1369, 198, 423, 2246, 643, 1960, 142, 553, 1158, 1195, 374, 157, 359, 517, 305, 1037, 124, 375, 384, 143]","[21, 22, 102, 24, 16, 10, 79, 10, 51, 23, 15, 150, 19, 21, 21, 27, 575, 8, 12, 21, 3, 11, 19, 2, 11, 12, 26, 16, 5, 6, 32, 21, 33, 107, 26, 8, 219, 21, 7, 17, 19, 6, 70, 77, 24, 21, 7, 63, 17, 5, 11, 11, 26, 9, 17, 6, 35, 4, 24, 4, 12, 24, 52, 24, 24, 11, 9, 24, 37, 17, 3, 32, 10, 4, 49, 20, 20, 33, 25, 16, 2, 9, 9, 24, 40, 10, 23, 7, 1, 11, 14, 44, 9, 2, 7, 6, 10, 1, 18, 31, 8, 28, 23, 4, 44, 55, 24, 22, 7, 13, 105, 37, 39, 19, 40, 132, 45, 74, 20, 77, 20, 6, 22, 10, 15, 9, 25, 1, 21, 55, 6, 6, 5, 15, 9, 4, 28]",548.5693431,29.79562044,"[0.36319523581957874, 0.2926147851339926, 0.5646436054846892, 1.0204756828290997, 0.3455501231481822, 0.1808624048818145, 0.988126309598206, 0.5131786935264493, 0.7852075138771459, 0.8440245561151344, 0.3573135315957799, 6.581627026430908, 0.9851854574863066, 0.3087894717494394, 0.6219902216667279, 0.9057824504650223, 0.13380877109142375, 12.969157813476455, 0.21909348233650702, 0.44259824284086313, 0.229386464728155, 0.22056390839245674, 0.38084034849097526, 0.35143182737198103, 0.1411609013711723, 0.7175679153034592, 0.4043671653861706, 0.2543837076793001, 0.6734551336249679, 0.4264235562254163, 0.1646877182663677, 1.5248318200198507, 0.26173583795904865, 0.6558100209535713, 3.1452413336764327, 0.2734992464066463, 0.049994485902290185, 0.3426092710362828, 1.4674852038378121, 0.4249531301694666, 0.9719516229827592, 0.3352571407565342, 0.40142631327427125, 0.1970370914972613, 0.3220233062529868, 0.7675624012057494, 0.24850200345550125, 0.03529022534279307, 0.3484909752600816, 0.9013711722971731, 1.5468882108590964, 0.12057493658787634, 0.3734882182112267, 0.1279270668676249, 0.8631400948424807, 0.45730250340036027, 1.0175348307172003, 0.18821453516156306, 0.06763959857368673, 0.8954894680733743, 0.10587067602837921, 0.26614711612689773, 0.3205528801970371, 0.16615814432231737, 1.8497959783847369, 0.7263904716391575, 0.7749145314854979, 0.26614711612689773, 0.3337867147005845, 0.6190493695548285, 0.44553909495276256, 0.3470205492041319, 0.7190383413594089, 0.2573245597911995, 0.5293533801418961, 0.5322942322537955, 0.3308458625886851, 0.9572473624232621, 1.4351358306069184, 1.2601551299489027, 0.3881924787707238, 0.6778664117928169, 0.6955115244642135, 0.09557769363673124, 0.7219791934713083, 0.42348270411351685, 1.492482446788957, 0.4661250597360585, 0.5778774399882366, 0.04264235562254163, 1.0660588905635409, 0.17203984854611623, 0.3132007499172886, 0.33231628864463475, 0.3587839576517296, 0.4352461125611146, 0.6028746829393817, 0.4028967393302209, 0.605815535051281, 0.4514207991765614, 0.8381428518913355, 0.2602654119030989, 0.3190824541410874, 0.10145939786053008, 1.5777671580340404, 0.6690438554571186, 1.9747821931404623, 0.7896187920449951, 0.26173583795904865, 0.8675513730103297, 1.6630518692791236, 0.4102488696099695, 0.45289122523251113, 0.417600999889718, 0.3764290703231261, 2.59824284086314, 2.5556004852405985, 2.013013270595155, 0.29114435907804287, 0.6219902216667279, 3.3025769216630523, 0.9454839539756644, 2.8820350696614345, 0.208800499944859, 0.8131456089401904, 1.702753372789766, 1.7571591368599053, 0.549939344925192, 0.2308568907841047, 0.5278829540859464, 0.7602102709260008, 0.448479947064662, 1.5248318200198507, 0.1823328309377642, 0.5514097709811417, 0.5646436054846892, 0.2102709260008087]","[0.030878947174943938, 0.03234937323089365, 0.14998345770687058, 0.03529022534279307, 0.023526816895195382, 0.014704260559497116, 0.11616365842002721, 0.014704260559497116, 0.07499172885343529, 0.033819799286843366, 0.02205639083924567, 0.22056390839245674, 0.027938095063044517, 0.030878947174943938, 0.030878947174943938, 0.03970150351064221, 0.8454949821710841, 0.011763408447597691, 0.017645112671396537, 0.030878947174943938, 0.004411278167849134, 0.016174686615446826, 0.027938095063044517, 0.0029408521118994228, 0.016174686615446826, 0.017645112671396537, 0.038231077454692494, 0.023526816895195382, 0.007352130279748558, 0.008822556335698268, 0.047053633790390764, 0.030878947174943938, 0.04852405984634048, 0.15733558798661912, 0.038231077454692494, 0.011763408447597691, 0.3220233062529868, 0.030878947174943938, 0.01029298239164798, 0.024997242951145093, 0.027938095063044517, 0.008822556335698268, 0.1029298239164798, 0.11322280630812778, 0.03529022534279307, 0.030878947174943938, 0.01029298239164798, 0.09263684152483181, 0.024997242951145093, 0.007352130279748558, 0.016174686615446826, 0.016174686615446826, 0.038231077454692494, 0.013233834503547402, 0.024997242951145093, 0.008822556335698268, 0.0514649119582399, 0.0058817042237988455, 0.03529022534279307, 0.0058817042237988455, 0.017645112671396537, 0.03529022534279307, 0.07646215490938499, 0.03529022534279307, 0.03529022534279307, 0.016174686615446826, 0.013233834503547402, 0.03529022534279307, 0.05440576407013933, 0.024997242951145093, 0.004411278167849134, 0.047053633790390764, 0.014704260559497116, 0.0058817042237988455, 0.07205087674153586, 0.02940852111899423, 0.02940852111899423, 0.04852405984634048, 0.03676065139874279, 0.023526816895195382, 0.0029408521118994228, 0.013233834503547402, 0.013233834503547402, 0.03529022534279307, 0.05881704223798846, 0.014704260559497116, 0.033819799286843366, 0.01029298239164798, 0.0014704260559497114, 0.016174686615446826, 0.02058596478329596, 0.0646987464617873, 0.013233834503547402, 0.0029408521118994228, 0.01029298239164798, 0.008822556335698268, 0.014704260559497116, 0.0014704260559497114, 0.026467669007094803, 0.04558320773444105, 0.011763408447597691, 0.04117192956659192, 0.033819799286843366, 0.0058817042237988455, 0.0646987464617873, 0.08087343307723413, 0.03529022534279307, 0.03234937323089365, 0.01029298239164798, 0.019115538727346247, 0.1543947358747197, 0.05440576407013933, 0.05734661618203875, 0.027938095063044517, 0.05881704223798846, 0.1940962393853619, 0.06616917251773702, 0.10881152814027865, 0.02940852111899423, 0.11322280630812778, 0.02940852111899423, 0.008822556335698268, 0.03234937323089365, 0.014704260559497116, 0.02205639083924567, 0.013233834503547402, 0.03676065139874279, 0.0014704260559497114, 0.030878947174943938, 0.08087343307723413, 0.008822556335698268, 0.008822556335698268, 0.007352130279748558, 0.02205639083924567, 0.013233834503547402, 0.0058817042237988455, 0.04117192956659192]",0.806630656,0.043812257
Rahul Subramanian,Here to crack jokes and not to be taken seriously,https://www.linkedin.com/in/rahul-subramanian-74347510/,211250,"['1d', '2d', '3d', '5d', '6d', '1w', '1w', '1w', '2w', '2w', '2w', '2w', '2w', '3w', '3w', '3w', '3w', '3w', '3w', '1mo', '1mo', '1mo', '1mo', '1mo', '1mo', '1mo', '1mo', '1mo', '1mo', '1mo', '1mo', '1mo', '1mo', '1mo', '1mo', '1mo', '1mo', '1mo', '1mo', '1mo', '1mo', '1mo', '2mo', '2mo', '2mo', '2mo', '2mo', '2mo', '2mo', '2mo', '2mo', '2mo', '2mo', '2mo', '2mo', '2mo', '2mo', '2mo', '3mo', '3mo', '3mo', '3mo', '3mo', '3mo', '3mo', '3mo', '3mo', '3mo', '3mo', '3mo', '3mo', '3mo', '3mo', '3mo', '3mo', '3mo', '3mo', '4mo', '4mo', '4mo', '4mo', '4mo', '4mo', '4mo', '4mo', '4mo', '4mo', '4mo', '4mo', '4mo', '4mo', '4mo', '5mo', '5mo', '5mo', '5mo', '5mo', '5mo', '5mo', '5mo', '5mo', '5mo', '5mo', '5mo', '5mo', '5mo', '5mo', '5mo', '6mo', '6mo', '6mo', '6mo', '6mo', '6mo', '6mo', '6mo', '6mo', '6mo', '6mo', '6mo', '6mo', '6mo']",122,"[1356, 6915, 2100, 2717, 7575, 3770, 7958, 11855, 16592, 2345, 4129, 3633, 4365, 8809, 4438, 451, 1072, 300, 3075, 2356, 3719, 6096, 15482, 5268, 5462, 2089, 4892, 1453, 4518, 5967, 5708, 6948, 3246, 4989, 1102, 2125, 6636, 1752, 988, 5357, 869, 6147, 815, 7476, 9921, 454, 17581, 3311, 25722, 5124, 16236, 1638, 5112, 2212, 558, 1994, 10049, 2747, 5262, 4720, 823, 24312, 6595, 4280, 17455, 5121, 2383, 2761, 19609, 591, 8693, 5621, 1798, 9177, 7936, 14151, 7212, 3583, 4908, 2307, 7715, 1944, 10994, 8558, 1629, 4665, 820, 5289, 6132, 4591, 1943, 4162, 3134, 3134, 774, 6865, 6089, 4584, 1747, 4463, 893, 3893, 11805, 11363, 2004, 3759, 2537, 7875, 4491, 11920, 3384, 2067, 22031, 2533, 2852, 815, 679, 1315, 1841, 7252, 3025, 1017]","[61, 117, 11, 19, 128, 84, 231, 196, 272, 20, 40, 23, 66, 133, 32, 17, 22, 4, 51, 19, 65, 80, 272, 76, 80, 26, 139, 38, 65, 63, 87, 90, 177, 72, 38, 22, 140, 77, 40, 79, 54, 168, 40, 89, 182, 27, 234, 114, 334, 80, 143, 45, 75, 46, 25, 125, 150, 22, 71, 78, 46, 426, 102, 129, 208, 51, 37, 33, 254, 19, 104, 54, 360, 231, 93, 184, 192, 20, 67, 56, 201, 18, 108, 184, 20, 132, 73, 93, 120, 29, 25, 45, 122, 30, 45, 53, 72, 72, 24, 51, 86, 54, 164, 135, 153, 69, 33, 73, 70, 234, 70, 31, 398, 45, 61, 28, 18, 75, 66, 140, 86, 9]",5454.54918,95.53278689,"[6.418934911242603, 32.73372781065089, 9.940828402366865, 12.86153846153846, 35.857988165680474, 17.846153846153847, 37.67100591715977, 56.11834319526627, 78.54201183431952, 11.100591715976332, 19.545562130177515, 17.197633136094673, 20.662721893491124, 41.69940828402367, 21.00828402366864, 2.1349112426035504, 5.074556213017752, 1.4201183431952662, 14.55621301775148, 11.152662721893492, 17.60473372781065, 28.85680473372781, 73.28757396449704, 24.937278106508874, 25.855621301775148, 9.888757396449705, 23.15739644970414, 6.87810650887574, 21.38698224852071, 28.246153846153845, 27.020118343195268, 32.889940828402366, 15.365680473372782, 23.616568047337278, 5.216568047337278, 10.059171597633137, 31.41301775147929, 8.293491124260356, 4.676923076923077, 25.358579881656805, 4.113609467455621, 29.098224852071006, 3.8579881656804735, 35.38934911242603, 46.963313609467455, 2.1491124260355026, 83.22366863905326, 15.673372781065089, 121.76094674556214, 24.255621301775147, 76.85680473372781, 7.753846153846154, 24.198816568047338, 10.471005917159763, 2.6414201183431953, 9.43905325443787, 47.569230769230764, 13.003550295857988, 24.90887573964497, 22.34319526627219, 3.8958579881656803, 115.08639053254439, 31.218934911242602, 20.2603550295858, 82.62721893491124, 24.241420118343196, 11.280473372781065, 13.0698224852071, 92.82366863905325, 2.7976331360946745, 41.15029585798816, 26.608284023668638, 8.511242603550295, 43.441420118343196, 37.56686390532545, 66.9869822485207, 34.1396449704142, 16.96094674556213, 23.233136094674556, 10.920710059171599, 36.5207100591716, 9.202366863905326, 52.04260355029586, 40.51124260355029, 7.7112426035502954, 22.08284023668639, 3.8816568047337277, 25.036686390532545, 29.027218934911243, 21.732544378698226, 9.197633136094673, 19.701775147928995, 14.83550295857988, 14.83550295857988, 3.6639053254437868, 32.49704142011834, 28.823668639053256, 21.69940828402367, 8.269822485207099, 21.12662721893491, 4.227218934911242, 18.428402366863903, 55.88165680473372, 53.78934911242603, 9.486390532544378, 17.794082840236683, 12.009467455621301, 37.27810650887574, 21.259171597633138, 56.42603550295858, 16.018934911242603, 9.784615384615385, 104.2887573964497, 11.990532544378699, 13.50059171597633, 3.8579881656804735, 3.214201183431953, 6.224852071005917, 8.714792899408284, 34.32899408284024, 14.319526627218936, 4.814201183431953]","[0.2887573964497041, 0.5538461538461539, 0.05207100591715976, 0.08994082840236686, 0.6059171597633135, 0.39763313609467454, 1.093491124260355, 0.927810650887574, 1.2875739644970414, 0.09467455621301775, 0.1893491124260355, 0.10887573964497041, 0.31242603550295855, 0.6295857988165681, 0.15147928994082838, 0.08047337278106509, 0.10414201183431952, 0.018934911242603547, 0.24142011834319527, 0.08994082840236686, 0.3076923076923077, 0.378698224852071, 1.2875739644970414, 0.35976331360946745, 0.378698224852071, 0.12307692307692307, 0.6579881656804734, 0.17988165680473372, 0.3076923076923077, 0.2982248520710059, 0.41183431952662725, 0.4260355029585799, 0.8378698224852071, 0.3408284023668639, 0.17988165680473372, 0.10414201183431952, 0.6627218934911243, 0.36449704142011835, 0.1893491124260355, 0.37396449704142015, 0.2556213017751479, 0.7952662721893491, 0.1893491124260355, 0.421301775147929, 0.8615384615384616, 0.12781065088757396, 1.1076923076923078, 0.5396449704142012, 1.5810650887573965, 0.378698224852071, 0.676923076923077, 0.21301775147928995, 0.35502958579881655, 0.21775147928994082, 0.11834319526627218, 0.591715976331361, 0.7100591715976331, 0.10414201183431952, 0.336094674556213, 0.3692307692307692, 0.21775147928994082, 2.016568047337278, 0.48284023668639053, 0.6106508875739646, 0.9846153846153846, 0.24142011834319527, 0.17514792899408285, 0.15621301775147928, 1.2023668639053253, 0.08994082840236686, 0.4923076923076923, 0.2556213017751479, 1.7041420118343196, 1.093491124260355, 0.44023668639053254, 0.8710059171597633, 0.9088757396449705, 0.09467455621301775, 0.3171597633136095, 0.2650887573964497, 0.9514792899408284, 0.08520710059171598, 0.5112426035502958, 0.8710059171597633, 0.09467455621301775, 0.6248520710059171, 0.3455621301775148, 0.44023668639053254, 0.5680473372781065, 0.13727810650887573, 0.11834319526627218, 0.21301775147928995, 0.5775147928994082, 0.14201183431952663, 0.21301775147928995, 0.25088757396449707, 0.3408284023668639, 0.3408284023668639, 0.11360946745562131, 0.24142011834319527, 0.40710059171597635, 0.2556213017751479, 0.7763313609467456, 0.6390532544378699, 0.7242603550295859, 0.32662721893491126, 0.15621301775147928, 0.3455621301775148, 0.33136094674556216, 1.1076923076923078, 0.33136094674556216, 0.14674556213017753, 1.8840236686390532, 0.21301775147928995, 0.2887573964497041, 0.13254437869822486, 0.08520710059171598, 0.35502958579881655, 0.31242603550295855, 0.6627218934911243, 0.40710059171597635, 0.04260355029585799]",25.82035115,0.45222621
Kunal Shah,"Founder : CRED, FreeCharge",https://www.linkedin.com/in/kunalshah1/,132111,"['1d', '1d', '6d', '6d', '6d', '1w', '1w', '2w', '3w', '1mo', '1mo', '1mo', '1mo', '1mo', '1mo', '1mo', '1mo', '1mo', '2mo', '2mo', '2mo', '3mo', '3mo', '3mo', '3mo', '3mo', '3mo', '3mo', '3mo', '3mo', '3mo', '4mo', '4mo', '4mo', '5mo', '5mo', '6mo', '6mo']",38,"[258, 5069, 842, 2632, 511, 5359, 550, 35, 12, 1416, 877, 46, 425, 1988, 1744, 1137, 853, 1571, 46, 2899, 3415, 6657, 3745, 1111, 846, 145, 6320, 1459, 1394, 942, 548, 3517, 1412, 370, 1977, 1868, 1342, 2649]","[3, 152, 413, 61, 19, 186, 13, 3, 32, 27, 5, 36, 25, 101, 26, 28, 1, 70, 906, 294, 83, 22, 18, 19, 325, 41, 62, 47, 18, 110, 1193, 182, 73, 196, 59, 72, 38, 21]",1789.131579,131.0526316,"[1.9529032404568885, 38.369250100294444, 6.373428404901939, 19.922640809622212, 3.8679595188894185, 40.56437389770723, 4.163165822679413, 0.2649287341705081, 0.09083270885845993, 10.718259645298271, 6.638357139072446, 0.3481920506240964, 3.216991772070456, 15.047952100884864, 13.201020354096176, 8.606399164339077, 6.456691721355527, 11.89151546805338, 0.3481920506240964, 21.943668581722942, 25.84947506263672, 50.389445239230646, 28.34737455624437, 8.409594961812415, 6.403705974521426, 1.0975618987063909, 47.838559998788895, 11.043743518707753, 10.551733012391097, 7.1303676453891045, 4.14802703786967, 26.62155308793363, 10.687982075678784, 2.8006751898025146, 14.964688784431274, 14.139625012300263, 10.15812460733777, 20.05132048050503]","[0.02270817721461498, 1.1505476455404924, 3.126159063211996, 0.46173293669717136, 0.14381845569256155, 1.407906987306129, 0.0984021012633316, 0.02270817721461498, 0.24222055695589315, 0.20437359493153484, 0.037846962024358305, 0.27249812657537975, 0.18923481012179152, 0.7645086328920377, 0.1968042025266632, 0.2119429873364065, 0.007569392404871661, 0.5298574683410162, 6.857869518813724, 2.2254013670322683, 0.6282595696043479, 0.16652663290717654, 0.13624906328768988, 0.14381845569256155, 2.46005253158329, 0.31034508859973814, 0.469302329102043, 0.35576144302896806, 0.13624906328768988, 0.8326331645358827, 9.030285139011891, 1.3776294176866422, 0.5525656455556313, 1.4836009113548456, 0.446594151887428, 0.5449962531507595, 0.2876369113851231, 0.1589572405023049]",13.54263899,0.991988794
Divya Gokulnath,Co- Founder - BYJU'S,https://www.linkedin.com/in/divya-gokulnath-6b5a7a108/,61780,"['5h', '3d', '5d', '3w', '3w', '1mo', '1mo', '1mo', '2mo', '2mo', '3mo', '3mo', '3mo', '3mo', '3mo', '4mo', '4mo', '4mo', '5mo', '5mo', '5mo']",21,"[151, 920, 2068, 675, 900, 2844, 1800, 720, 10446, 8712, 717, 1178, 1079, 597, 638, 692, 467, 3209, 123, 350, 310]","[17, 42, 127, 15, 36, 53, 52, 22, 1026, 317, 29, 22, 24, 33, 24, 27, 12, 270, 8, 15, 12]",1837.904762,103.952381,"[2.4441566850113303, 14.891550663645193, 33.47361605697637, 10.925865976044026, 14.567821301392037, 46.03431531239884, 29.135642602784074, 11.65425704111363, 169.08384590482356, 141.0165101974749, 11.605697636775657, 19.067659436710912, 17.465199093557786, 9.663321463256716, 10.326966655875689, 11.20103593395921, 7.5590806086112, 51.94237617351894, 1.9909355778569118, 5.665263839430237, 5.017805114923924]","[0.2751699579151829, 0.6798316607316284, 2.0556814503075427, 0.24279702168986728, 0.5827128520556815, 0.8578828099708644, 0.8416963418582065, 0.35610229847847197, 16.607316283586922, 5.131110391712528, 0.4694075752670767, 0.35610229847847197, 0.38847523470378764, 0.534153447717708, 0.38847523470378764, 0.43703463904176104, 0.19423761735189382, 4.370346390417612, 0.12949174490126256, 0.24279702168986728, 0.19423761735189382]",29.74918682,1.6826219
Amit Somani,"Managing Partner, Prime Venture Partners (Early Stage VC) | LinkedIn TopVoices 2019 & 2018 | Ex-Google, Makemytrip, IBM",https://www.linkedin.com/in/thesomani/,441377,"['1d', '2d', '5d', '6d', '1w', '1w', '1w', '1w', '2w', '3w', '3w', '1mo', '1mo', '1mo', '1mo', '1mo', '1mo', '1mo', '1mo', '1mo', '1mo', '1mo', '1mo', '1mo', '1mo', '2mo', '3mo', '3mo', '3mo', '3mo', '3mo', '3mo', '3mo', '3mo', '3mo', '4mo', '4mo', '4mo', '5mo', '5mo', '6mo', '6mo', '6mo', '6mo', '6mo', '6mo', '6mo']",47,"[92, 53, 20, 181, 155, 67, 65, 100, 158, 105, 179, 34, 3, 332, 35, 249, 132, 52, 62, 68, 59, 337, 47, 21, 212, 120, 106, 1465, 174, 122, 267, 441, 226, 41, 50, 1495, 309, 123, 89, 601, 79, 93, 92, 88, 119, 257, 1310]","[5, 5, 15, 9, 2, 4, 1, 9, 3, 3, 1, 13, 1, 3, 7, 1, 5, 9, 1, 15, 5, 1, 15, 9, 6, 23, 14, 3, 11, 12, 10, 2, 18, 11, 65, 21, 15, 9, 5, 10, 6, 15, 47, 9, 11, 11]",223.0851064,10.34782609,"[0.20843859104575, 0.12007875353722555, 0.0453127371838587, 0.41008027151392124, 0.3511737131749049, 0.15179766956592664, 0.14726639584754075, 0.2265636859192935, 0.3579706237524837, 0.23789187021525815, 0.4055489977955353, 0.07703165321255978, 0.006796910577578805, 0.7521914372520544, 0.07929729007175272, 0.5641435779390407, 0.29906406541346736, 0.11781311667803261, 0.14046948526996197, 0.15406330642511956, 0.13367257469238317, 0.763519621548019, 0.10648493238206794, 0.04757837404305163, 0.4803150141489022, 0.2718764231031522, 0.2401575070744511, 3.3191579987176496, 0.39422081349957067, 0.27640769682153804, 0.6049250414045135, 0.9991458549040843, 0.5120339301776033, 0.09289111122691034, 0.11328184295964674, 3.3871271044934375, 0.7000817894906168, 0.278673333680731, 0.20164168046817119, 1.361647752374954, 0.17898531187624184, 0.21070422790494295, 0.20843859104575, 0.19937604360897826, 0.26961078624395923, 0.5822686728125842, 2.9679842855427445]","[0.011328184295964674, 0.011328184295964674, 0.03398455288789402, 0.020390731732736415, 0.00453127371838587, 0.00906254743677174, 0.002265636859192935, 0.020390731732736415, 0.006796910577578805, 0.006796910577578805, 0.002265636859192935, 0.029453279169508153, 0.002265636859192935, 0.006796910577578805, 0.015859458014350545, 0.002265636859192935, 0.011328184295964674, 0.020390731732736415, 0.002265636859192935, 0.03398455288789402, 0.011328184295964674, 0.002265636859192935, 0.03398455288789402, 0.020390731732736415, 0.01359382115515761, 0.0521096477614375, 0.03171891602870109, 0.006796910577578805, 0.024922005451122282, 0.02718764231031522, 0.02265636859192935, 0.00453127371838587, 0.04078146346547283, 0.024922005451122282, 0.14726639584754075, 0.04757837404305163, 0.03398455288789402, 0.020390731732736415, 0.011328184295964674, 0.02265636859192935, 0.01359382115515761, 0.03398455288789402, 0.10648493238206794, 0.020390731732736415, 0.024922005451122282, 0.024922005451122282]",0.50542984,0.023444416
Dr. Sangita Reddy,"Joint Managing Director, Apollo Hospitals Group",https://www.linkedin.com/in/drsangitareddy/,16636,"['1d', '1d', '3d', '4d', '6d', '1w', '1w', '1w', '2w', '2w', '2w', '2w', '2w', '2w', '2w', '3w', '3w', '3w', '3w', '3w', '1mo', '1mo', '1mo', '1mo', '1mo', '1mo', '1mo', '1mo', '1mo', '1mo', '1mo', '1mo', '1mo', '1mo', '1mo', '1mo', '1mo', '1mo', '1mo', '2mo', '2mo', '2mo', '2mo', '2mo', '2mo', '2mo', '2mo', '2mo', '2mo', '2mo', '2mo', '2mo', '2mo', '2mo', '2mo', '2mo', '2mo', '2mo', '2mo', '2mo', '2mo', '2mo', '2mo', '2mo', '2mo', '2mo', '2mo', '2mo', '2mo', '3mo', '3mo', '3mo', '3mo', '3mo', '3mo', '3mo', '3mo', '3mo', '3mo', '3mo', '3mo', '5mo', '2yr']",83,"[303, 968, 93, 1097, 607, 108, 232, 375, 186, 109, 162, 306, 347, 185, 229, 777, 223, 805, 166, 863, 239, 209, 965, 677, 211, 211, 133, 540, 165, 199, 125, 97, 194, 128, 146, 392, 265, 148, 231, 144, 129, 326, 450, 618, 284, 117, 88, 210, 87, 99, 760, 476, 174, 317, 625, 175, 437, 744, 300, 1278, 53, 385, 90, 160, 259, 392, 911, 1386, 89, 30, 2, 273, 844, 114, 166, 145, 380, 505, 604, 1159, 368, 752, 1211]","[33, 57, 3, 90, 43, 5, 17, 19, 14, 7, 14, 12, 28, 7, 10, 39, 11, 129, 7, 45, 16, 13, 46, 59, 25, 12, 14, 44, 4, 6, 8, 5, 10, 5, 6, 28, 17, 3, 12, 4, 4, 6, 25, 22, 20, 7, 12, 4, 7, 30, 33, 7, 26, 34, 7, 41, 43, 16, 72, 9, 1, 19, 16, 36, 49, 6, 1, 14, 56, 3, 5, 9, 40, 41, 30, 58, 75, 44, 235, 31, 86]",379.9036145,27.24691358,"[18.213512863669152, 58.187064198124546, 5.5902861264727095, 65.94133205097378, 36.48713633084876, 6.491945179129599, 13.945660014426545, 22.541476316422216, 11.180572252945419, 6.552055782640058, 9.737917768694398, 18.39384467420053, 20.858379418129356, 11.12046164943496, 13.765328203895166, 46.70593892762683, 13.40466458283241, 48.38903582591969, 9.978360182736235, 51.87545082952633, 14.36643423899976, 12.563116133685982, 58.00673238759317, 40.69487857658091, 12.6833373407069, 12.6833373407069, 7.994710266891079, 32.45972589564799, 9.918249579225776, 11.96201009858139, 7.513825438807405, 5.830728540514547, 11.661457081029093, 7.694157249338783, 8.77614811252705, 23.563356576100023, 15.9293099302717, 8.896369319547967, 13.885549410916086, 8.655926905506131, 7.754267852849242, 19.596056744409715, 27.04977157970666, 37.14835296946381, 17.071411396970426, 7.032940610723732, 5.289733108920414, 12.62322673719644, 5.229622505409954, 5.950949747535465, 45.68405866794903, 28.612647270978602, 10.459245010819908, 19.05506131281558, 37.56912719403703, 10.519355614330367, 26.26833373407069, 44.722289011781676, 18.033181053137774, 76.8213512863669, 3.18586198605434, 23.14258235152681, 5.409954315941332, 9.617696561673478, 15.568646309208946, 23.563356576100023, 54.760759798028374, 83.3132964654965, 5.349843712430873, 1.8033181053137775, 0.12022120702091849, 16.410194758355374, 50.7333493628276, 6.852608800192354, 9.978360182736235, 8.71603750901659, 22.842029333974516, 30.35585477278192, 36.306804520317385, 69.66818946862227, 22.120702091849004, 45.20317383986535, 72.79394085116614]","[1.983649915845155, 3.426304400096177, 0.18033181053137773, 5.409954315941332, 2.5847559509497477, 0.3005530175522962, 1.0218802596778072, 1.1421014666987257, 0.8415484491464295, 0.42077422457321473, 0.8415484491464295, 0.7213272421255109, 1.683096898292859, 0.42077422457321473, 0.6011060351045924, 2.3443135369079107, 0.6612166386150518, 7.754267852849242, 0.42077422457321473, 2.704977157970666, 0.9617696561673479, 0.7814378456359702, 2.7650877614811256, 3.546525607117095, 1.502765087761481, 0.7213272421255109, 0.8415484491464295, 2.644866554460207, 0.24044241404183697, 0.36066362106275546, 0.48088482808367394, 0.3005530175522962, 0.6011060351045924, 0.3005530175522962, 0.36066362106275546, 1.683096898292859, 1.0218802596778072, 0.18033181053137773, 0.7213272421255109, 0.24044241404183697, 0.24044241404183697, 0.36066362106275546, 1.502765087761481, 1.3224332772301035, 1.2022120702091847, 0.42077422457321473, 0.7213272421255109, 0.24044241404183697, 0.42077422457321473, 1.8033181053137775, 1.983649915845155, 0.42077422457321473, 1.5628756912719404, 2.0437605193556143, 0.42077422457321473, 2.464534743928829, 2.5847559509497477, 0.9617696561673479, 4.327963452753066, 0.5409954315941332, 0.06011060351045924, 1.1421014666987257, 0.9617696561673479, 2.163981726376533, 2.945419572012503, 0.36066362106275546, 0.06011060351045924, 0.8415484491464295, 3.366193796585718, 0.18033181053137773, 0.3005530175522962, 0.5409954315941332, 2.4044241404183695, 2.464534743928829, 1.8033181053137775, 3.4864150036066364, 4.5082952632844435, 2.644866554460207, 14.125991824957921, 1.8634287088242365, 5.1695119018994955]",22.83623554,1.637828419
Sandeep Kochhar,Storyteller bleWMinds Consulting. An ant that fails often but never gives up. 130 Million views. 190000 folks trust me.,https://www.linkedin.com/in/sandeepkochhar/,190222,"['6h', '11h', '1d', '2d', '3d', '3d', '4d', '5d', '6d', '1w', '1w', '1w', '1w', '1w', '1w', '1w', '2w', '2w', '2w', '2w', '2w', '2w', '2w', '3w', '3w', '3w', '3w', '3w', '3w', '3w', '1mo', '1mo', '1mo', '1mo', '1mo', '1mo', '1mo', '1mo', '1mo', '1mo', '1mo', '1mo', '1mo', '1mo', '1mo', '1mo', '1mo', '1mo', '1mo', '1mo', '1mo', '1mo', '1mo', '1mo', '1mo', '1mo', '1mo', '1mo', '1mo', '1mo', '1mo', '2mo', '2mo', '2mo', '2mo', '2mo', '2mo', '2mo', '2mo', '2mo', '2mo', '2mo', '2mo', '2mo', '2mo', '2mo', '2mo', '2mo', '2mo', '2mo', '2mo', '2mo', '2mo', '2mo', '2mo', '2mo', '2mo', '2mo', '2mo', '2mo', '2mo', '2mo', '2mo', '2mo', '2mo', '2mo', '2mo', '2mo', '2mo', '2mo', '2mo', '2mo', '2mo', '3mo', '3mo', '3mo', '3mo', '3mo', '3mo', '3mo', '3mo', '3mo', '3mo', '3mo', '3mo', '3mo', '3mo', '3mo', '3mo', '3mo', '3mo', '3mo', '3mo', '3mo', '3mo', '3mo', '3mo', '3mo', '3mo', '3mo', '3mo', '3mo', '3mo', '3mo', '3mo', '3mo', '3mo', '3mo', '3mo', '3mo', '3mo', '4mo', '4mo', '4mo', '4mo', '4mo', '4mo', '4mo', '4mo', '4mo', '4mo', '4mo', '4mo', '4mo', '4mo', '4mo', '4mo', '4mo', '4mo', '4mo', '4mo', '4mo', '4mo', '4mo', '4mo', '4mo', '4mo', '4mo', '4mo', '4mo', '4mo', '4mo', '4mo', '4mo', '4mo', '4mo', '4mo', '4mo', '4mo', '4mo', '4mo', '4mo', '4mo', '5mo', '5mo', '5mo', '5mo', '5mo', '5mo', '5mo', '5mo', '5mo', '5mo', '5mo', '5mo', '5mo', '5mo', '5mo', '5mo', '5mo', '5mo', '5mo', '5mo', '5mo', '5mo', '5mo', '5mo', '5mo', '5mo', '5mo', '5mo', '5mo', '5mo', '5mo', '5mo', '5mo', '5mo', '5mo', '5mo', '5mo', '5mo', '5mo', '5mo', '6mo', '6mo', '6mo', '6mo', '6mo', '6mo', '6mo', '6mo', '6mo', '6mo', '6mo', '6mo', '6mo', '6mo', '6mo', '6mo', '6mo', '6mo', '6mo', '6mo', '6mo', '6mo', '6mo', '6mo', '6mo', '6mo', '6mo', '6mo', '6mo', '6mo', '6mo', '6mo', '6mo']",256,"[163, 387, 491, 2339, 963, 509, 170, 1698, 668, 684, 1359, 315, 669, 1354, 171, 403, 375, 881, 760, 632, 1944, 663, 878, 934, 3144, 551, 616, 1013, 1557, 31, 203, 1162, 2683, 1421, 3151, 626, 161, 3269, 596, 55, 4185, 224, 510, 2566, 597, 631, 737, 691, 377, 1180, 739, 1569, 582, 1230, 3218, 3400, 2055, 627, 987, 1723, 757, 3633, 91, 7591, 319, 819, 2828, 313, 6574, 1300, 1841, 17257, 2355, 4821, 8550, 1746, 2159, 92, 106, 552, 536, 1025, 1061, 105, 1177, 177, 414, 785, 734, 1151, 8700, 1637, 1874, 832, 777, 747, 308, 457, 100, 1201, 85, 682, 71, 1417, 3105, 1968, 47, 87, 1587, 187, 221, 2025, 93, 269, 100, 69, 113, 252, 180, 868, 1619, 196, 83, 1472, 311, 1863, 690, 433, 1207, 391, 214, 230, 189, 426, 331, 593, 1126, 974, 646, 622, 367, 546, 672, 1130, 446, 3569, 98, 92, 350, 337, 466, 764, 24, 584, 685, 177, 1157, 499, 844, 372, 68, 663, 252, 372, 294, 305, 398, 1488, 258, 235, 351, 574, 332, 111, 329, 94, 669, 919, 141, 334, 414, 206, 1025, 257, 2889, 222, 714, 621, 285, 298, 147, 242, 141, 1374, 101, 131, 736, 206, 352, 978, 6105, 900, 283, 741, 175, 322, 227, 163, 179, 78, 700, 256, 11, 483, 237, 183, 895, 678, 318, 791, 1145, 563, 1223, 324, 948, 1860, 179, 1048, 205, 81, 227, 306, 408, 745, 453, 416, 2236, 302, 260, 767, 446, 972, 115, 404, 283, 1157, 441, 428, 780, 265, 222, 211, 448, 230, 72, 660]","[9, 72, 91, 477, 86, 49, 18, 288, 140, 43, 126, 36, 38, 105, 10, 48, 68, 84, 66, 40, 104, 82, 198, 71, 135, 61, 233, 96, 126, 4, 46, 100, 285, 80, 174, 56, 27, 199, 112, 4, 108, 27, 283, 156, 339, 80, 77, 48, 112, 97, 80, 135, 86, 83, 195, 364, 135, 50, 166, 286, 236, 204, 4, 414, 47, 70, 458, 124, 735, 212, 183, 4942, 219, 418, 1099, 240, 179, 2, 15, 87, 56, 78, 100, 21, 75, 22, 44, 40, 66, 102, 360, 234, 210, 74, 105, 59, 17, 41, 14, 136, 15, 376, 9, 129, 238, 167, 10, 8, 147, 27, 19, 279, 15, 37, 8, 11, 20, 27, 46, 63, 175, 19, 5, 171, 42, 125, 54, 51, 110, 26, 18, 39, 15, 42, 24, 97, 122, 72, 44, 190, 56, 43, 47, 99, 57, 201, 4, 9, 42, 27, 29, 92, 40, 42, 12, 70, 23, 130, 32, 6, 56, 25, 85, 31, 68, 44, 102, 40, 15, 32, 63, 50, 121, 56, 7, 74, 113, 14, 14, 51, 27, 105, 20, 446, 47, 69, 45, 280, 15, 57, 22, 18, 72, 19, 16, 120, 24, 32, 80, 425, 56, 69, 114, 14, 16, 19, 9, 18, 7, 81, 19, 60, 13, 21, 62, 85, 32, 84, 86, 45, 112, 71, 112, 278, 27, 113, 21, 2, 8, 41, 47, 41, 35, 43, 451, 43, 48, 108, 54, 74, 25, 45, 25, 132, 39, 73, 124, 47, 11, 63, 40, 50, 10, 79, 29, 89]",973.7539063,114.8789063,"[0.8568935244083229, 2.0344649935338706, 2.581194604199304, 12.296159224485075, 5.062505914142424, 2.675820882968321, 0.8936926328184962, 8.926412297210627, 3.5116863454279734, 3.5957985932226557, 7.144284047060803, 1.655959878457802, 3.5169433609151413, 7.117998969624965, 0.8989496483056639, 2.118577241328553, 1.9713808076878594, 4.631430644194677, 3.995331770247395, 3.3224337878899393, 10.219638107053864, 3.4854012679921356, 4.615659597733175, 4.910052465014562, 16.528056691655014, 2.8966155334293613, 3.2383215400952574, 5.325356688500804, 8.185173113519992, 0.1629674801021964, 1.067174143895028, 6.10865199608878, 14.104572552070739, 7.470219007265196, 16.56485580006519, 3.290891694966933, 0.8463794934339877, 17.185183627550966, 3.1331812303519047, 0.2891358517942194, 22.000609813796512, 1.1775714691255479, 2.681077898455489, 13.489501740072127, 3.138438245839072, 3.3171767724027714, 3.8744204140425396, 3.6325977016328292, 1.9818948386621944, 6.203278274857798, 3.884934445016875, 8.248257299366005, 3.0595830135315576, 6.466129049216179, 16.91707583770542, 17.873852656369927, 10.80316682612947, 3.296148710454101, 5.188674285834447, 9.057837684389819, 3.9795607237858923, 19.098737264879983, 0.4783884093322539, 39.906004563089446, 1.6769879404064725, 4.3054956839902845, 14.866839797710044, 1.6454458474834666, 34.559619812639966, 6.834120133317913, 9.678165511875598, 90.72031626205171, 12.380271472279757, 25.344071663635123, 44.9474824152832, 9.178749040594674, 11.349896436794902, 0.4836454248194215, 0.5572436416397683, 2.901872548916529, 2.817760301121847, 5.3884408743468155, 5.577693431884851, 0.5519866261526006, 6.187507228396295, 0.9304917412286696, 2.176404411687397, 4.126757157426586, 3.858649367581037, 6.050824825729936, 45.73603473835834, 8.605734352493403, 9.851647022952129, 4.373836885323464, 4.084701033529245, 3.926990568914216, 1.6191607700476287, 2.402456077635605, 0.5257015487167626, 6.313675600088318, 0.4468463164092481, 3.5852845622483205, 0.37324809958890137, 7.449190945316525, 16.323033087655478, 10.345806478745885, 0.24707972789687838, 0.4573603473835834, 8.342883578135021, 0.983061896100346, 1.1618004226640453, 10.64545636151444, 0.4889024403065892, 1.4141371660480913, 0.5257015487167626, 0.36273406861456614, 0.5940427500499417, 1.3247679027662413, 0.9462627876901726, 4.563089442861498, 8.511108073724387, 1.0303750354848544, 0.43633228543491287, 7.738326797110744, 1.6349318165091313, 9.793819852593286, 3.6273406861456614, 2.2762877059435818, 6.345217693011324, 2.0554930554825415, 1.125001314253872, 1.2091135620485536, 0.9935759270746811, 2.2394885975334082, 1.740072126252484, 3.1174101838904016, 5.919399438550745, 5.120333084501267, 3.396032004710286, 3.2698636330182627, 1.9293246837905185, 2.8703304559935234, 3.5327144073766443, 5.940427500499416, 2.3446289072767605, 18.762288273701255, 0.5151875177424272, 0.4836454248194215, 1.8399554205086688, 1.7716142191754898, 2.4497692170201133, 4.016359832196065, 0.12616837169202302, 3.0700970445058933, 3.601055608709823, 0.9304917412286696, 6.0823669186529425, 2.6232507280966453, 4.4369210711694755, 1.9556097612263568, 0.3574770531273985, 3.4854012679921356, 1.3247679027662413, 1.9556097612263568, 1.5455625532272819, 1.6033897235861256, 2.092292163892715, 7.822439044905427, 1.3563099956892475, 1.2353986394843919, 1.8452124359958364, 3.017526889634217, 1.7453291417396515, 0.5835287190756064, 1.7295580952781486, 0.49415945579375675, 3.5169433609151413, 4.831197232707048, 0.7412391836906351, 1.7558431727139867, 2.176404411687397, 1.0829451903565308, 5.3884408743468155, 1.3510529802020796, 15.18751774242727, 1.1670574381512129, 3.753509057837684, 3.2646066175310953, 1.498249413842773, 1.5665906151759523, 0.7727812766136409, 1.2721977478945654, 0.7412391836906351, 7.223139279368317, 0.5309585642039301, 0.6886690288189589, 3.869163398555372, 1.0829451903565308, 1.850469451483004, 5.141361146449937, 32.09407954915836, 4.731313938450863, 1.4877353828684379, 3.89544847599121, 0.9199777102543344, 1.6927589868679753, 1.193342515587051, 0.8568935244083229, 0.941005772203005, 0.41004720799907474, 3.6799108410173376, 1.345795964714912, 0.057827170358843875, 2.539138480301963, 1.2459126704587273, 0.9620338341516754, 4.705028861015025, 3.56425650029965, 1.6717309249193046, 4.158299250349591, 6.01928273280693, 2.9596997192753727, 6.429329940806006, 1.7032730178423106, 4.983650681834909, 9.778048806131782, 0.941005772203005, 5.509352230551671, 1.0776881748693632, 0.42581825446057764, 1.193342515587051, 1.6086467390732933, 2.144862318764391, 3.9164765379398805, 2.381428015686934, 2.186918442661732, 11.75468662930681, 1.5876186771246228, 1.3668240266635825, 4.0321308786575685, 2.3446289072767605, 5.109819053526932, 0.6045567810242768, 2.1238342568157202, 1.4877353828684379, 6.0823669186529425, 2.3183438298409227, 2.250002628507744, 4.100472079990747, 1.3931091040994208, 1.1670574381512129, 1.1092302677923689, 2.3551429382510958, 1.2091135620485536, 0.37850511507606904, 3.469630221530633]","[0.04731313938450863, 0.37850511507606904, 0.4783884093322539, 2.5075963873789573, 0.45210333189641577, 0.2575937588712136, 0.09462627876901726, 1.5140204603042762, 0.7359821682034676, 0.22605166594820789, 0.6623839513831207, 0.18925255753803452, 0.19976658851236975, 0.5519866261526006, 0.05257015487167625, 0.25233674338404605, 0.3574770531273985, 0.44158930092208054, 0.3469630221530633, 0.210280619486705, 0.546729610665433, 0.43107526994774525, 1.0408890664591899, 0.37324809958890137, 0.7096970907676294, 0.32067794471722516, 1.2248846085100566, 0.5046734867680921, 0.6623839513831207, 0.0210280619486705, 0.24182271240971076, 0.5257015487167626, 1.498249413842773, 0.42056123897341, 0.9147206947671668, 0.29439286728138697, 0.14193941815352587, 1.0461460819463575, 0.5887857345627739, 0.0210280619486705, 0.5677576726141035, 0.14193941815352587, 1.4877353828684379, 0.8200944159981495, 1.782128250149825, 0.42056123897341, 0.4047901925119072, 0.25233674338404605, 0.5887857345627739, 0.5099305022552596, 0.42056123897341, 0.7096970907676294, 0.45210333189641577, 0.43633228543491287, 1.0251180199976868, 1.9135536373290156, 0.7096970907676294, 0.2628507743583813, 0.8726645708698257, 1.503506429329941, 1.2406556549715597, 1.0724311593821956, 0.0210280619486705, 2.176404411687397, 0.24707972789687838, 0.3679910841017338, 2.4077130931227724, 0.6518699204087856, 3.8639063830682048, 1.1144872832795365, 0.9620338341516754, 25.980170537582403, 1.15128639168971, 2.1974324736360673, 5.77746002039722, 1.26168371692023, 0.941005772203005, 0.01051403097433525, 0.07885523230751437, 0.4573603473835834, 0.29439286728138697, 0.41004720799907474, 0.5257015487167626, 0.11039732523052014, 0.3942761615375719, 0.11565434071768775, 0.2313086814353755, 0.210280619486705, 0.3469630221530633, 0.5362155796910978, 1.8925255753803452, 1.2301416239972243, 1.1039732523052013, 0.3890191460504042, 0.5519866261526006, 0.31016391374288993, 0.08936926328184963, 0.21553763497387263, 0.07359821682034674, 0.714954106254797, 0.07885523230751437, 1.976637823175027, 0.04731313938450863, 0.6781549978446237, 1.2511696859458947, 0.8779215863569934, 0.05257015487167625, 0.042056123897341, 0.7727812766136409, 0.14193941815352587, 0.09988329425618488, 1.4667073209197674, 0.07885523230751437, 0.1945095730252021, 0.042056123897341, 0.057827170358843875, 0.1051403097433525, 0.14193941815352587, 0.24182271240971076, 0.33119197569156034, 0.9199777102543344, 0.09988329425618488, 0.026285077435838126, 0.8989496483056639, 0.22079465046104027, 0.6571269358959532, 0.28387883630705174, 0.2681077898455489, 0.5782717035884388, 0.13668240266635825, 0.09462627876901726, 0.20502360399953737, 0.07885523230751437, 0.22079465046104027, 0.12616837169202302, 0.5099305022552596, 0.6413558894344503, 0.37850511507606904, 0.2313086814353755, 0.9988329425618487, 0.29439286728138697, 0.22605166594820789, 0.24707972789687838, 0.5204445332295949, 0.29964988276855464, 1.0566601129206925, 0.0210280619486705, 0.04731313938450863, 0.22079465046104027, 0.14193941815352587, 0.15245344912786113, 0.4836454248194215, 0.210280619486705, 0.22079465046104027, 0.06308418584601151, 0.3679910841017338, 0.12091135620485538, 0.6834120133317912, 0.168224495589364, 0.031542092923005756, 0.29439286728138697, 0.13142538717919064, 0.4468463164092481, 0.1629674801021964, 0.3574770531273985, 0.2313086814353755, 0.5362155796910978, 0.210280619486705, 0.07885523230751437, 0.168224495589364, 0.33119197569156034, 0.2628507743583813, 0.6360988739472827, 0.29439286728138697, 0.03679910841017337, 0.3890191460504042, 0.5940427500499417, 0.07359821682034674, 0.07359821682034674, 0.2681077898455489, 0.14193941815352587, 0.5519866261526006, 0.1051403097433525, 2.3446289072767605, 0.24707972789687838, 0.36273406861456614, 0.23656569692254314, 1.4719643364069352, 0.07885523230751437, 0.29964988276855464, 0.11565434071768775, 0.09462627876901726, 0.37850511507606904, 0.09988329425618488, 0.084112247794682, 0.630841858460115, 0.12616837169202302, 0.168224495589364, 0.42056123897341, 2.234231582046241, 0.29439286728138697, 0.36273406861456614, 0.5992997655371093, 0.07359821682034674, 0.084112247794682, 0.09988329425618488, 0.04731313938450863, 0.09462627876901726, 0.03679910841017337, 0.42581825446057764, 0.09988329425618488, 0.3154209292300575, 0.06834120133317913, 0.11039732523052014, 0.3259349602043928, 0.4468463164092481, 0.168224495589364, 0.44158930092208054, 0.45210333189641577, 0.23656569692254314, 0.5887857345627739, 0.37324809958890137, 0.5887857345627739, 1.4614503054325998, 0.14193941815352587, 0.5940427500499417, 0.11039732523052014, 0.01051403097433525, 0.042056123897341, 0.21553763497387263, 0.24707972789687838, 0.21553763497387263, 0.1839955420508669, 0.22605166594820789, 2.370913984712599, 0.22605166594820789, 0.25233674338404605, 0.5677576726141035, 0.28387883630705174, 0.3890191460504042, 0.13142538717919064, 0.23656569692254314, 0.13142538717919064, 0.6939260443061266, 0.20502360399953737, 0.38376213056323666, 0.6518699204087856, 0.24707972789687838, 0.057827170358843875, 0.33119197569156034, 0.210280619486705, 0.2628507743583813, 0.05257015487167625, 0.4153042234862424, 0.15245344912786113, 0.4678743783579186]",5.119039366,0.603920189
Nathan SV,Partner and Chief Talent Officer at Deloitte India,https://www.linkedin.com/in/nathansv/,245575,"['1d', '3d', '4d', '1w', '1w', '1w', '1w', '2w', '2w', '2w', '2w', '3w', '3w', '3w', '3w', '3w', '3w', '1mo', '1mo', '1mo', '1mo', '1mo', '1mo', '1mo', '1mo', '1mo', '1mo', '1mo', '1mo', '1mo', '1mo', '2mo', '2mo', '2mo', '2mo', '2mo', '2mo', '2mo', '2mo', '2mo', '2mo', '2mo', '2mo', '2mo', '2mo', '2mo', '2mo', '2mo', '2mo', '3mo', '3mo', '3mo', '3mo', '3mo', '3mo', '3mo', '3mo', '3mo', '3mo', '3mo', '4mo', '4mo', '4mo', '4mo', '4mo', '4mo', '4mo', '4mo', '4mo', '4mo', '4mo', '4mo', '4mo', '4mo', '4mo', '4mo', '5mo', '5mo', '5mo', '5mo', '5mo', '5mo', '5mo', '5mo', '5mo', '5mo', '5mo', '5mo', '5mo', '5mo', '5mo', '6mo', '6mo', '6mo', '6mo', '6mo', '6mo', '6mo', '6mo', '6mo', '6mo', '6mo', '6mo', '6mo', '6mo', '6mo', '6mo']",107,"[599, 718, 656, 954, 1402, 872, 758, 983, 2457, 736, 811, 816, 396, 941, 1067, 3255, 1465, 1317, 759, 1188, 1791, 314, 844, 1410, 1591, 1019, 1218, 2171, 716, 1288, 1912, 971, 775, 1129, 2587, 1358, 1024, 1210, 1288, 1246, 1220, 687, 1471, 885, 83, 2004, 1793, 1550, 2301, 1124, 1311, 1023, 1215, 1431, 1784, 1919, 2288, 3695, 2267, 1304, 1419, 1583, 750, 1930, 1807, 338, 1359, 1716, 1376, 1037, 1395, 2860, 1080, 1174, 661, 2024, 2471, 2161, 1545, 1132, 1969, 835, 758, 859, 426, 1023, 1064, 1516, 1327, 2376, 603, 787, 1464, 306, 909, 862, 1567, 1810, 836, 1019, 1504, 1442, 884, 978, 1581, 1435, 1676]","[128, 31, 27, 35, 40, 30, 21, 33, 134, 36, 9, 29, 16, 25, 28, 122, 37, 29, 34, 36, 66, 50, 18, 55, 80, 30, 40, 127, 34, 31, 77, 26, 25, 32, 131, 58, 28, 30, 54, 40, 34, 35, 57, 21, 66, 68, 69, 105, 28, 55, 46, 105, 56, 43, 87, 142, 147, 102, 67, 68, 87, 32, 62, 51, 23, 53, 77, 30, 40, 45, 142, 48, 43, 28, 98, 154, 135, 53, 50, 67, 12, 22, 24, 11, 29, 28, 79, 69, 134, 24, 27, 79, 34, 33, 56, 64, 66, 36, 35, 39, 70, 26, 38, 53, 52, 79, 38]",1317.766355,55.02803738,"[2.439173368624657, 2.9237503817571007, 2.6712816858393564, 3.8847602565407717, 5.709050188333503, 3.550850045810852, 3.0866334113814515, 4.002850453018426, 10.005090094675761, 2.9970477450880586, 3.302453425633717, 3.3228138043367608, 1.6125419932810752, 3.8318232719128575, 4.3449048152295635, 13.254606535681564, 5.9655909599918555, 5.362923750381757, 3.0907054871220607, 4.837625979843224, 7.293087651430317, 1.2786317825511555, 3.436831925073806, 5.741626794258373, 6.4786725033085615, 4.149445179680342, 4.959788252061489, 8.840476432861651, 2.915606230275883, 5.244833553904102, 7.7858088160439785, 3.9539855441311205, 3.1558586989718007, 4.597373511147308, 10.534459940954902, 5.529878855746717, 4.169805558383386, 4.927211646136618, 5.244833553904102, 5.0738063727985345, 4.967932403542706, 2.7975160337982286, 5.990023414435508, 3.6037870304387662, 0.33798228647052836, 8.160439784179985, 7.301231802911534, 6.311717397943601, 9.369846279140791, 4.5770131324442636, 5.338491295938105, 4.165733482642777, 4.947572024839662, 5.827140384811157, 7.264583121246056, 7.81431334622824, 9.316909294512877, 15.046319861549424, 9.231395703960093, 5.309986765753843, 5.778275475923852, 6.4460958973836915, 3.0540568054565815, 7.859106179374936, 7.358240863280057, 1.3763616003257662, 5.533950931487325, 6.987681970884658, 5.603176219077675, 4.2227425430113, 5.680545658149241, 11.646136618141098, 4.397841799857478, 4.780616919474703, 2.6916420645424006, 8.24188129899216, 10.062099155044285, 8.799755675455565, 6.291357019240558, 4.6095897383691335, 8.017917133258678, 3.4001832434083274, 3.0866334113814515, 3.4979130611829383, 1.7347042654993383, 4.165733482642777, 4.332688588007737, 6.173266822762903, 5.4036445077878446, 9.675251959686449, 2.4554616715870914, 3.204723607859106, 5.961518884251246, 1.2460551766262853, 3.7015168482133767, 3.510129288404764, 6.3809426855339515, 7.370457090501883, 3.404255319148936, 4.149445179680342, 6.124401913875598, 5.871933217957854, 3.5997149546981575, 3.982490074315382, 6.437951745902473, 5.843428687773593, 6.824798941260307]","[0.5212256947979232, 0.12623434795887203, 0.10994604499643694, 0.14252265092130714, 0.16288302962435103, 0.12216227221826327, 0.08551359055278428, 0.1343784994400896, 0.5456581492415759, 0.14659472666191592, 0.03664868166547898, 0.1180901964776545, 0.0651532118497404, 0.10180189351521939, 0.1140181207370457, 0.4967932403542706, 0.1506668024025247, 0.1180901964776545, 0.13845057518069834, 0.14659472666191592, 0.2687569988801792, 0.20360378703043877, 0.07329736333095796, 0.22396416573348266, 0.32576605924870206, 0.12216227221826327, 0.16288302962435103, 0.5171536190573144, 0.13845057518069834, 0.12623434795887203, 0.3135498320268757, 0.10587396925582815, 0.10180189351521939, 0.1303064236994808, 0.5334419220197496, 0.236180392955309, 0.1140181207370457, 0.12216227221826327, 0.21989208999287388, 0.16288302962435103, 0.13845057518069834, 0.14252265092130714, 0.23210831721470018, 0.08551359055278428, 0.2687569988801792, 0.2769011503613967, 0.2809732261020055, 0.4275679527639214, 0.1140181207370457, 0.22396416573348266, 0.18731548406800366, 0.4275679527639214, 0.2280362414740914, 0.17509925684617733, 0.3542705894329634, 0.5782347551664462, 0.5985951338694899, 0.4153517255420951, 0.2728290746207879, 0.2769011503613967, 0.3542705894329634, 0.1303064236994808, 0.25246869591774407, 0.20767586277104755, 0.09365774203400183, 0.2158200142522651, 0.3135498320268757, 0.12216227221826327, 0.16288302962435103, 0.18324340832739489, 0.5782347551664462, 0.19545963554922122, 0.17509925684617733, 0.1140181207370457, 0.39906342257966, 0.6270996640537514, 0.5497302249821847, 0.2158200142522651, 0.20360378703043877, 0.2728290746207879, 0.048864908887305304, 0.08958566629339307, 0.09772981777461061, 0.044792833146696534, 0.1180901964776545, 0.1140181207370457, 0.32169398350809325, 0.2809732261020055, 0.5456581492415759, 0.09772981777461061, 0.10994604499643694, 0.32169398350809325, 0.13845057518069834, 0.1343784994400896, 0.2280362414740914, 0.2606128473989616, 0.2687569988801792, 0.14659472666191592, 0.14252265092130714, 0.15881095388374222, 0.2850453018426143, 0.10587396925582815, 0.15473887814313345, 0.2158200142522651, 0.2117479385116563, 0.32169398350809325, 0.15473887814313345]",5.366044407,0.224078336
Shruti Chaturvedi,Founder & Editor at Chaaipani,https://www.linkedin.com/in/shrutii/,18745,"['4h', '1d', '1w', '1w', '1w', '2w', '2w', '3w', '3w', '3w', '1mo', '1mo', '1mo', '1mo', '1mo', '1mo', '1mo', '1mo', '1mo', '1mo', '1mo', '1mo', '2mo', '2mo', '2mo', '2mo', '2mo', '3mo', '3mo', '3mo', '3mo', '4mo', '4mo', '4mo', '4mo', '4mo', '4mo', '4mo', '4mo', '5mo', '5mo', '5mo', '5mo', '5mo', '6mo', '6mo', '6mo', '6mo', '6mo', '6mo', '6mo']",51,"[37, 840, 51, 233, 87, 79, 336, 111, 65, 111, 193, 73, 169, 147, 76, 117, 171, 130, 123, 112, 189, 243, 311, 100, 178, 107, 62, 363, 1150, 40, 1353, 151, 85, 69, 34, 21, 511, 120, 89, 178, 516, 22, 237, 665, 144, 107, 223, 534, 220, 84, 1183]","[102, 3, 4, 10, 4, 21, 18, 2, 11, 30, 6, 20, 20, 1, 4, 18, 16, 11, 12, 18, 38, 13, 17, 9, 1, 14, 56, 192, 1, 65, 2, 13, 11, 1, 111, 10, 18, 23, 40, 8, 9, 63, 4, 8, 33, 73, 11, 25, 113, 7, 3]",246.0784314,25.94117647,"[1.9738596959189116, 44.81194985329421, 2.7207255268071484, 12.429981328354227, 4.6412376633769, 4.214457188583622, 17.924779941317684, 5.921579087756735, 3.4675913576953854, 5.921579087756735, 10.296078954387836, 3.894371832488664, 9.015737530008002, 7.842091224326487, 4.054414510536143, 6.241664443851694, 9.12243264870632, 6.935182715390771, 6.561749799946653, 5.974926647105895, 10.082688716991198, 12.963456921845825, 16.59109095758869, 5.334755934915978, 9.49586556415044, 5.708188850360096, 3.307548679647906, 19.365164043744997, 61.34969325153374, 2.1339023739663907, 72.17924779941318, 8.055481461723126, 4.5345425446785805, 3.6809815950920246, 1.8138170178714323, 1.1202987463323553, 27.260602827420644, 6.4017071218991735, 4.74793278207522, 9.49586556415044, 27.527340624166445, 1.173646305681515, 12.643371565750867, 35.476126967191256, 7.682048546279008, 5.708188850360096, 11.89650573486263, 28.48759669245132, 11.73646305681515, 4.481194985329421, 63.11016271005601]","[5.441451053614297, 0.16004267804747932, 0.2133902373966391, 0.5334755934915977, 0.2133902373966391, 1.1202987463323553, 0.960256068284876, 0.10669511869831955, 0.5868231528407575, 1.6004267804747934, 0.32008535609495864, 1.0669511869831954, 1.0669511869831954, 0.05334755934915977, 0.2133902373966391, 0.960256068284876, 0.8535609495865564, 0.5868231528407575, 0.6401707121899173, 0.960256068284876, 2.0272072552680713, 0.6935182715390771, 0.9069085089357162, 0.480128034142438, 0.05334755934915977, 0.7468658308882369, 2.9874633235529475, 10.242731395038676, 0.05334755934915977, 3.4675913576953854, 0.10669511869831955, 0.6935182715390771, 0.5868231528407575, 0.05334755934915977, 5.921579087756735, 0.5334755934915977, 0.960256068284876, 1.2269938650306749, 2.1339023739663907, 0.4267804747932782, 0.480128034142438, 3.360896238997066, 0.2133902373966391, 0.4267804747932782, 1.7604694585222727, 3.894371832488664, 0.5868231528407575, 1.3336889837289945, 6.0282742064550545, 0.37343291544411844, 0.16004267804747932]",13.12768372,1.383898451
Anamika Sirohi,Vice President & Head of Marketing 100 Most Influential Marketers 2018,https://www.linkedin.com/in/anamikasirohi/,31855,"['9h', '2d', '3d', '6d', '1w', '1w', '2w', '2w', '2w', '3w', '1mo', '2mo', '2mo', '2mo', '2mo', '2mo', '3mo', '3mo', '3mo', '3mo', '3mo', '3mo', '3mo', '3mo', '3mo', '4mo', '4mo', '4mo', '4mo', '5mo', '5mo', '5mo', '6mo', '6mo', '6mo']",35,"[130, 100, 46, 30, 62, 145, 83, 92, 59, 57, 14, 64, 61, 125, 74, 167, 362, 335, 293, 135, 60, 250, 376, 70, 362, 197, 359, 18, 66, 79, 141, 246, 98, 145, 126]","[14, 6, 5, 8, 23, 26, 7, 6, 11, 2, 1, 7, 13, 25, 10, 32, 23, 24, 15, 16, 3, 89, 17, 11, 27, 3, 39, 2, 6, 5, 20, 7, 8, 14, 9]",143.6285714,15.25714286,"[4.08099199497724, 3.1392246115209543, 1.4440433212996389, 0.9417673834562863, 1.9463192591429916, 4.551875686705384, 2.605556427562392, 2.8880866425992777, 1.8521425207973632, 1.789358028566944, 0.43949144561293363, 2.0091037513734107, 1.914927013027782, 3.9240307644011927, 2.323026212525506, 5.242505101239994, 11.363993093705854, 10.516402448595198, 9.197928111756397, 4.237953225553289, 1.8835347669125726, 7.848061528802385, 11.803484539318788, 2.197457228064668, 11.363993093705854, 6.1842724846962795, 11.269816355360225, 0.5650604300737718, 2.07188824360383, 2.479987443101554, 4.426306702244546, 7.722492544341548, 3.076440119290535, 4.551875686705384, 3.9554230105164025]","[0.43949144561293363, 0.18835347669125727, 0.15696123057604772, 0.25113796892167634, 0.7220216606498194, 0.8161983989954481, 0.21974572280646681, 0.18835347669125727, 0.345314707267305, 0.06278449223041908, 0.03139224611520954, 0.21974572280646681, 0.40809919949772405, 0.7848061528802386, 0.31392246115209543, 1.0045518756867053, 0.7220216606498194, 0.7534139067650291, 0.47088369172814315, 0.5022759378433527, 0.09417673834562863, 2.793909904253649, 0.5336681839585622, 0.345314707267305, 0.8475906451106576, 0.09417673834562863, 1.224297598493172, 0.06278449223041908, 0.18835347669125727, 0.15696123057604772, 0.6278449223041909, 0.21974572280646681, 0.25113796892167634, 0.43949144561293363, 0.2825302150368859]",4.508823463,0.478955984
Himanshu Rai,Director at Indian Institute of Management Indore,https://www.linkedin.com/in/himanshu-rai-01b57714/,39076,"['1d', '1d', '2d', '3d', '3d', '4d', '5d', '5d', '6d', '6d', '1w', '1w', '1w', '1w', '1w', '1w', '1w', '1w', '1w', '1w', '1w', '2w', '2w', '2w', '2w', '2w', '2w', '2w', '2w', '2w', '2w', '2w', '3w', '3w', '3w', '3w', '3w', '3w', '3w', '3w', '3w', '3w', '3w', '3w', '1mo', '1mo', '1mo', '1mo', '1mo', '1mo', '1mo', '1mo', '1mo', '1mo', '1mo', '1mo', '1mo', '1mo', '1mo', '1mo', '1mo', '1mo', '1mo', '1mo', '1mo', '1mo', '1mo', '1mo', '1mo', '1mo', '1mo', '1mo', '1mo', '1mo', '1mo', '1mo', '1mo', '1mo', '1mo', '1mo', '2mo', '2mo', '2mo', '2mo', '2mo', '2mo', '2mo', '2mo', '2mo', '2mo', '2mo', '2mo', '2mo', '2mo', '2mo', '2mo', '2mo', '2mo', '2mo', '2mo', '2mo', '2mo', '2mo', '2mo', '2mo', '2mo', '2mo', '2mo', '2mo', '2mo', '2mo', '2mo', '2mo', '2mo', '2mo', '2mo', '2mo', '2mo', '2mo', '2mo', '2mo', '2mo', '2mo', '3mo', '3mo', '3mo', '3mo', '3mo', '3mo', '3mo', '3mo', '3mo', '3mo', '3mo', '3mo', '3mo', '3mo', '3mo', '3mo', '3mo', '3mo', '3mo', '3mo', '3mo', '3mo', '3mo', '3mo', '3mo', '3mo', '3mo', '3mo', '3mo', '3mo', '3mo', '3mo', '3mo', '3mo', '3mo', '3mo', '4mo', '4mo', '4mo', '4mo', '4mo', '4mo', '4mo', '4mo', '4mo', '4mo', '4mo', '4mo', '4mo', '4mo', '4mo', '4mo', '4mo', '4mo', '4mo', '4mo', '4mo', '4mo', '4mo', '4mo', '4mo', '4mo', '4mo', '4mo', '4mo', '4mo', '4mo', '4mo', '4mo', '4mo', '4mo', '4mo', '4mo', '4mo', '5mo', '5mo', '5mo', '5mo', '5mo', '5mo', '5mo', '5mo', '5mo', '5mo', '5mo', '5mo', '5mo', '5mo', '5mo', '5mo', '5mo', '5mo', '5mo', '5mo', '5mo', '5mo', '5mo', '5mo', '5mo', '5mo', '5mo', '5mo', '5mo', '5mo', '5mo', '5mo', '5mo', '6mo', '6mo', '6mo', '6mo', '6mo', '6mo', '6mo', '6mo', '6mo', '6mo', '6mo', '6mo', '6mo', '6mo', '6mo', '6mo', '6mo', '6mo', '6mo', '6mo', '6mo', '6mo', '6mo', '6mo', '6mo', '6mo', '6mo', '6mo', '6mo', '6mo', '6mo', '6mo', '6mo', '6mo', '6mo', '6mo']",266,"[346, 298, 236, 261, 420, 740, 12, 216, 869, 435, 420, 256, 498, 408, 320, 351, 792, 81, 1615, 289, 915, 51, 250, 164, 854, 352, 1033, 538, 285, 623, 748, 326, 293, 279, 105, 370, 158, 244, 226, 366, 129, 158, 588, 289, 439, 262, 423, 150, 238, 202, 321, 116, 131, 812, 483, 202, 142, 1915, 780, 1340, 815, 153, 88, 381, 332, 357, 251, 430, 227, 378, 343, 289, 116, 843, 354, 167, 114, 354, 320, 320, 232, 90, 750, 306, 148, 385, 203, 150, 531, 112, 455, 387, 1886, 146, 79, 450, 456, 168, 220, 221, 165, 332, 594, 202, 388, 125, 103, 279, 387, 320, 75, 314, 206, 567, 444, 124, 876, 283, 490, 235, 736, 128, 188, 537, 120, 249, 189, 465, 154, 333, 887, 545, 501, 724, 176, 294, 106, 586, 134, 389, 778, 329, 156, 442, 247, 160, 73, 230, 266, 469, 609, 444, 367, 326, 151, 181, 295, 65, 255, 770, 208, 202, 198, 532, 404, 180, 173, 170, 460, 31, 40, 445, 304, 306, 229, 404, 170, 244, 376, 80, 154, 558, 103, 37, 153, 314, 353, 83, 583, 93, 404, 352, 405, 158, 192, 582, 579, 383, 236, 242, 518, 216, 638, 384, 841, 443, 414, 459, 180, 337, 881, 634, 636, 731, 343, 264, 92, 293, 899, 578, 375, 262, 155, 196, 242, 260, 133, 207, 278, 613, 139, 333, 258, 336, 315, 288, 278, 192, 166, 623, 36, 175, 324, 175, 1241, 470, 288, 406, 157, 174, 460, 98, 145, 184, 173, 529, 167, 513, 453, 292, 420, 222, 377, 357, 157, 770]","[26, 43, 19, 12, 16, 40, 15, 41, 9, 11, 7, 22, 17, 12, 10, 42, 43, 2, 30, 13, 12, 49, 19, 18, 16, 14, 102, 46, 15, 14, 6, 1, 9, 8, 7, 10, 10, 4, 5, 33, 3, 16, 7, 33, 12, 16, 25, 15, 3, 6, 47, 15, 6, 13, 157, 42, 101, 77, 13, 2, 17, 13, 12, 10, 17, 6, 22, 8, 12, 5, 37, 16, 3, 4, 10, 22, 11, 7, 4, 26, 12, 1, 22, 9, 4, 22, 3, 16, 5, 60, 13, 2, 11, 13, 4, 7, 6, 14, 9, 50, 12, 11, 8, 4, 14, 18, 6, 1, 11, 9, 28, 37, 7, 57, 22, 40, 10, 40, 15, 8, 14, 4, 3, 8, 32, 3, 25, 51, 19, 19, 35, 14, 5, 3, 19, 3, 19, 32, 17, 8, 13, 7, 10, 19, 15, 32, 30, 36, 10, 19, 10, 14, 4, 1, 3, 27, 8, 5, 4, 37, 4, 11, 10, 12, 8, 1, 1, 22, 9, 7, 6, 42, 7, 8, 20, 5, 9, 11, 4, 1, 8, 18, 18, 2, 29, 4, 10, 14, 22, 4, 3, 19, 27, 7, 15, 11, 25, 2, 47, 21, 80, 19, 10, 11, 6, 19, 39, 36, 27, 13, 17, 9, 4, 13, 26, 13, 11, 14, 5, 7, 7, 2, 2, 9, 8, 29, 4, 11, 12, 10, 6, 13, 14, 3, 6, 55, 28, 22, 7, 74, 18, 8, 6, 5, 5, 24, 3, 7, 7, 5, 31, 17, 22, 21, 5, 17, 11, 18, 5, 4, 16, 7, 19, 10, 10]",361.075188,16.91698113,"[8.854539871020576, 7.626164397584195, 6.0395127443955365, 6.679291636810318, 10.748285392568329, 18.93745521547753, 0.30709386835909513, 5.527689630463711, 22.238714300337804, 11.132152728017198, 10.748285392568329, 6.551335858327363, 12.744395536902447, 10.441191524209234, 8.189169822909202, 8.98249564950353, 20.268195311700275, 2.0728836114238915, 41.32971644999488, 7.395843996314873, 23.415907462381, 1.3051489405261543, 6.3977889241478145, 4.196949534240967, 21.85484696488893, 9.008086805200122, 26.43566383457877, 13.768041764766098, 7.293479373528509, 15.943289998976352, 19.14218446105026, 8.34271675708875, 7.498208619101239, 7.139932439348961, 2.6870713481420823, 9.468727607738765, 4.043402600061419, 6.244241989968267, 5.783601187429624, 9.366362984952401, 3.3012590848602725, 4.043402600061419, 15.04759954959566, 7.395843996314873, 11.234517350803563, 6.704882792506909, 10.825058859658101, 3.8386733544886886, 6.09069505578872, 5.169413450711434, 8.214760978605794, 2.968574060804586, 3.3524413962534547, 20.780018425632104, 12.360528201453576, 5.169413450711434, 3.633944108915959, 49.007063158972265, 19.96110144334118, 34.29214863343229, 20.856791892721876, 3.915446821578463, 2.2520217013000305, 9.75023032040127, 8.496263691268299, 9.13604258368308, 6.423380079844406, 11.00419694953424, 5.809192343126215, 9.673456853311494, 8.777766403930801, 7.395843996314873, 2.968574060804586, 21.57334425222643, 9.059269116593306, 4.27372300133074, 2.9173917494114034, 9.059269116593306, 8.189169822909202, 8.189169822909202, 5.937148121609172, 2.303204012693213, 19.193366772443444, 7.830893643156926, 3.7874910430955064, 9.852594943187635, 5.195004606408026, 3.8386733544886886, 13.588903674889957, 2.866209438018221, 11.643975841949022, 9.903777254580817, 48.264919643771115, 3.7363087317023234, 2.0217013000307094, 11.516020063466065, 11.669566997645614, 4.299314157027331, 5.630054253250077, 5.655645408946668, 4.222540689937558, 8.496263691268299, 15.201146483775208, 5.169413450711434, 9.929368410277409, 3.1988944620739073, 2.6358890367488996, 7.139932439348961, 9.903777254580817, 8.189169822909202, 1.9193366772443443, 8.035622888729655, 5.271778073497799, 14.510185279967244, 11.362473129286519, 3.173303306377316, 22.417852390213945, 7.242297062135326, 12.539666291329716, 6.013921588698945, 18.835090592691166, 3.2756679291636814, 4.811137270959156, 13.742450609069506, 3.070938683590951, 6.372197768451223, 4.836728426655747, 11.899887398914936, 3.941037977275054, 8.521854846964889, 22.699355102876446, 13.947179854642236, 12.82116900399222, 18.52799672433207, 4.504043402600061, 7.52379977479783, 2.7126625038386734, 14.996417238202477, 3.4292148633432284, 9.954959565973999, 19.909919131947998, 8.419490224178524, 3.9922202886682365, 11.311290817893337, 6.321015457058041, 4.094584911454601, 1.8681543658511617, 5.88596581021599, 6.807247415293275, 12.0022520217013, 15.585013819224075, 11.362473129286519, 9.391954140648991, 8.34271675708875, 3.8642645101852797, 4.6319991810830174, 7.549390930494422, 1.6634251202784318, 6.52574470263077, 19.70518988637527, 5.3229603848909814, 5.169413450711434, 5.067048827925069, 13.61449483058655, 10.338826901422868, 4.606408025386426, 4.427269935510288, 4.350496468420514, 11.77193162043198, 0.793325826594329, 1.0236462278636502, 11.388064284983109, 7.7797113317637425, 7.830893643156926, 5.860374654519398, 10.338826901422868, 4.350496468420514, 6.244241989968267, 9.622274541918312, 2.0472924557273005, 3.941037977275054, 14.279864878697921, 2.6358890367488996, 0.9468727607738766, 3.915446821578463, 8.035622888729655, 9.033677960896714, 2.1240659228170746, 14.919643771112703, 2.379977479782987, 10.338826901422868, 9.008086805200122, 10.364418057119458, 4.043402600061419, 4.913501893745522, 14.894052615416111, 14.817279148326339, 9.801412631794452, 6.0395127443955365, 6.193059678575084, 13.256218650834272, 5.527689630463711, 16.327157334425223, 9.827003787491044, 21.52216194083325, 11.336881973589927, 10.59473845838878, 11.746340464735388, 4.606408025386426, 8.624219469751255, 22.545808168696897, 16.22479271163886, 16.27597502303204, 18.707134814208207, 8.777766403930801, 6.756065103900092, 2.354386324086396, 7.498208619101239, 23.006448971235542, 14.791687992629747, 9.596683386221722, 6.704882792506909, 3.966629132971645, 5.0158665165318865, 6.193059678575084, 6.653700481113727, 3.4036237076466374, 5.29736922919439, 7.11434128365237, 15.68737844201044, 3.557170641826185, 8.521854846964889, 6.602518169720545, 8.598628314054663, 8.061214044426245, 7.370252840618282, 7.11434128365237, 4.913501893745522, 4.248131845634149, 15.943289998976352, 0.9212816050772853, 4.47845224690347, 8.291534445695566, 4.47845224690347, 31.758624219469755, 12.02784317739789, 7.370252840618282, 10.390009212816052, 4.017811444364828, 4.452861091206879, 11.77193162043198, 2.5079332582659433, 3.7107175760057323, 4.708772648172792, 4.427269935510288, 13.537721363496775, 4.27372300133074, 13.128262872351316, 11.59279353055584, 7.472617463404647, 10.748285392568329, 5.681236564643259, 9.647865697614904, 9.13604258368308, 4.017811444364828, 19.70518988637527]","[0.6653700481113727, 1.1004196949534242, 0.4862319582352339, 0.30709386835909513, 0.4094584911454602, 1.0236462278636502, 0.38386733544886886, 1.0492373835602418, 0.23032040126932132, 0.2815027126625038, 0.1791380898761388, 0.5630054253250076, 0.4350496468420514, 0.30709386835909513, 0.25591155696591256, 1.0748285392568329, 1.1004196949534242, 0.05118231139318252, 0.7677346708977377, 0.33268502405568634, 0.30709386835909513, 1.2539666291329716, 0.4862319582352339, 0.46064080253864265, 0.4094584911454602, 0.3582761797522776, 2.6102978810523085, 1.177193162043198, 0.38386733544886886, 0.3582761797522776, 0.15354693417954757, 0.02559115569659126, 0.23032040126932132, 0.2047292455727301, 0.1791380898761388, 0.25591155696591256, 0.25591155696591256, 0.10236462278636504, 0.12795577848295628, 0.8445081379875115, 0.07677346708977378, 0.4094584911454602, 0.1791380898761388, 0.8445081379875115, 0.30709386835909513, 0.4094584911454602, 0.6397788924147815, 0.38386733544886886, 0.07677346708977378, 0.15354693417954757, 1.202784317739789, 0.38386733544886886, 0.15354693417954757, 0.33268502405568634, 4.017811444364828, 1.0748285392568329, 2.584706725355717, 1.970518988637527, 0.33268502405568634, 0.05118231139318252, 0.4350496468420514, 0.33268502405568634, 0.30709386835909513, 0.25591155696591256, 0.4350496468420514, 0.15354693417954757, 0.5630054253250076, 0.2047292455727301, 0.30709386835909513, 0.12795577848295628, 0.9468727607738766, 0.4094584911454602, 0.07677346708977378, 0.10236462278636504, 0.25591155696591256, 0.5630054253250076, 0.2815027126625038, 0.1791380898761388, 0.10236462278636504, 0.6653700481113727, 0.30709386835909513, 0.02559115569659126, 0.5630054253250076, 0.23032040126932132, 0.10236462278636504, 0.5630054253250076, 0.07677346708977378, 0.4094584911454602, 0.12795577848295628, 1.5354693417954755, 0.33268502405568634, 0.05118231139318252, 0.2815027126625038, 0.33268502405568634, 0.10236462278636504, 0.1791380898761388, 0.15354693417954757, 0.3582761797522776, 0.23032040126932132, 1.279557784829563, 0.30709386835909513, 0.2815027126625038, 0.2047292455727301, 0.10236462278636504, 0.3582761797522776, 0.46064080253864265, 0.15354693417954757, 0.02559115569659126, 0.2815027126625038, 0.23032040126932132, 0.7165523595045552, 0.9468727607738766, 0.1791380898761388, 1.4586958747057017, 0.5630054253250076, 1.0236462278636502, 0.25591155696591256, 1.0236462278636502, 0.38386733544886886, 0.2047292455727301, 0.3582761797522776, 0.10236462278636504, 0.07677346708977378, 0.2047292455727301, 0.8189169822909204, 0.07677346708977378, 0.6397788924147815, 1.3051489405261543, 0.4862319582352339, 0.4862319582352339, 0.895690449380694, 0.3582761797522776, 0.12795577848295628, 0.07677346708977378, 0.4862319582352339, 0.07677346708977378, 0.4862319582352339, 0.8189169822909204, 0.4350496468420514, 0.2047292455727301, 0.33268502405568634, 0.1791380898761388, 0.25591155696591256, 0.4862319582352339, 0.38386733544886886, 0.8189169822909204, 0.7677346708977377, 0.9212816050772853, 0.25591155696591256, 0.4862319582352339, 0.25591155696591256, 0.3582761797522776, 0.10236462278636504, 0.02559115569659126, 0.07677346708977378, 0.6909612038079639, 0.2047292455727301, 0.12795577848295628, 0.10236462278636504, 0.9468727607738766, 0.10236462278636504, 0.2815027126625038, 0.25591155696591256, 0.30709386835909513, 0.2047292455727301, 0.02559115569659126, 0.02559115569659126, 0.5630054253250076, 0.23032040126932132, 0.1791380898761388, 0.15354693417954757, 1.0748285392568329, 0.1791380898761388, 0.2047292455727301, 0.5118231139318251, 0.12795577848295628, 0.23032040126932132, 0.2815027126625038, 0.10236462278636504, 0.02559115569659126, 0.2047292455727301, 0.46064080253864265, 0.46064080253864265, 0.05118231139318252, 0.7421435152011465, 0.10236462278636504, 0.25591155696591256, 0.3582761797522776, 0.5630054253250076, 0.10236462278636504, 0.07677346708977378, 0.4862319582352339, 0.6909612038079639, 0.1791380898761388, 0.38386733544886886, 0.2815027126625038, 0.6397788924147815, 0.05118231139318252, 1.202784317739789, 0.5374142696284164, 2.0472924557273005, 0.4862319582352339, 0.25591155696591256, 0.2815027126625038, 0.15354693417954757, 0.4862319582352339, 0.9980550721670591, 0.9212816050772853, 0.6909612038079639, 0.33268502405568634, 0.4350496468420514, 0.23032040126932132, 0.10236462278636504, 0.33268502405568634, 0.6653700481113727, 0.33268502405568634, 0.2815027126625038, 0.3582761797522776, 0.12795577848295628, 0.1791380898761388, 0.1791380898761388, 0.05118231139318252, 0.05118231139318252, 0.23032040126932132, 0.2047292455727301, 0.7421435152011465, 0.10236462278636504, 0.2815027126625038, 0.30709386835909513, 0.25591155696591256, 0.15354693417954757, 0.33268502405568634, 0.3582761797522776, 0.07677346708977378, 0.15354693417954757, 1.4075135633125193, 0.7165523595045552, 0.5630054253250076, 0.1791380898761388, 1.8937455215477532, 0.46064080253864265, 0.2047292455727301, 0.15354693417954757, 0.12795577848295628, 0.12795577848295628, 0.6141877367181903, 0.07677346708977378, 0.1791380898761388, 0.1791380898761388, 0.12795577848295628, 0.793325826594329, 0.4350496468420514, 0.5630054253250076, 0.5374142696284164, 0.12795577848295628, 0.4350496468420514, 0.2815027126625038, 0.46064080253864265, 0.12795577848295628, 0.10236462278636504, 0.4094584911454602, 0.1791380898761388, 0.4862319582352339, 0.25591155696591256, 0.25591155696591256]",9.240331354,0.432925098
Sayema Rahman,An audio-visual artist/Voice-Over professional (English/Hindi/Urdu)/Master of ceremonies/anchor at selective events.,https://www.linkedin.com/in/sayema-rahman-1420b9101/,9916,"['1d', '1d', '2d', '3d', '6d', '2w', '2w', '3w', '3w', '3w', '1mo', '1mo', '1mo', '1mo', '1mo', '1mo', '1mo', '1mo', '1mo', '1mo', '2mo', '2mo', '2mo', '2mo', '2mo', '2mo', '3mo', '3mo', '3mo', '3mo', '4mo', '4mo', '4mo', '4mo', '4mo', '4mo', '5mo', '5mo', '5mo', '5mo', '5mo', '5mo', '5mo', '5mo', '5mo', '5mo', '5mo', '5mo', '5mo', '5mo', '5mo', '6mo', '6mo', '6mo', '6mo', '6mo', '6mo', '6mo', '6mo', '6mo', '6mo', '6mo']",62,"[159, 141, 236, 213, 420, 158, 213, 533, 140, 76, 268, 91, 239, 268, 166, 170, 120, 214, 296, 280, 128, 170, 274, 442, 252, 635, 241, 111, 208, 328, 165, 275, 218, 164, 272, 296, 365, 219, 526, 709, 410, 1341, 220, 406, 86, 191, 186, 287, 183, 126, 247, 133, 235, 482, 215, 160, 224, 209, 392, 124, 312, 440]","[13, 33, 37, 41, 59, 20, 45, 34, 13, 11, 40, 4, 27, 24, 25, 23, 15, 22, 25, 37, 17, 28, 28, 84, 39, 61, 27, 13, 10, 47, 16, 29, 25, 12, 31, 39, 80, 25, 62, 75, 54, 166, 30, 78, 25, 25, 29, 27, 20, 19, 29, 8, 34, 54, 39, 21, 39, 37, 50, 26, 54, 72]",274.3225806,36,"[16.034691407825736, 14.219443323920935, 23.79991932230738, 21.480435659540138, 42.35578862444534, 15.933844292053248, 21.480435659540138, 53.751512706736584, 14.118596208148446, 7.664380798709157, 27.027027027027028, 9.17708753529649, 24.102460669624847, 27.027027027027028, 16.74062121823316, 17.144009681323116, 12.10165389269867, 21.581282775312626, 29.850746268656717, 28.237192416296892, 12.90843081887858, 17.144009681323116, 27.632109721661962, 44.5744251714401, 25.413473174667203, 64.03791851553045, 24.304154901169827, 11.194029850746269, 20.976200080677692, 33.077853973376364, 16.639774102460667, 27.732956837434447, 21.984671238402584, 16.538926986688182, 27.43041549011698, 29.850746268656717, 36.80919725695845, 22.08551835417507, 53.045582896329165, 71.50060508269463, 41.34731746672045, 135.23598225090763, 22.18636546994756, 40.943929003630494, 8.672851956434044, 19.261799112545383, 18.757563533682937, 28.943122226704318, 18.45502218636547, 12.706736587333602, 24.90923759580476, 13.412666397741024, 23.69907220653489, 48.608309802339654, 21.682129891085115, 16.135538523598225, 22.589753933037517, 21.07704719645018, 39.53206938281565, 12.505042355788625, 31.46430012101654, 44.37273093989512]","[1.3110125050423558, 3.327954820492134, 3.7313432835820897, 4.1347317466720455, 5.949979830576845, 2.016942315449778, 4.538120209762001, 3.4288019362646227, 1.3110125050423558, 1.1093182734973779, 4.033884630899556, 0.40338846308995563, 2.7228721258572004, 2.4203307785397334, 2.5211778943122227, 2.319483662767245, 1.5127067365873337, 2.2186365469947558, 2.5211778943122227, 3.7313432835820897, 1.7144009681323114, 2.8237192416296897, 2.8237192416296897, 8.47115772488907, 3.9330375151270673, 6.151674062121823, 2.7228721258572004, 1.3110125050423558, 1.008471157724889, 4.739814441306979, 1.6135538523598225, 2.924566357402178, 2.5211778943122227, 1.2101653892698667, 3.126260588947156, 3.9330375151270673, 8.067769261799112, 2.5211778943122227, 6.252521177894312, 7.563533682936668, 5.445744251714401, 16.74062121823316, 3.0254134731746674, 7.866075030254135, 2.5211778943122227, 2.5211778943122227, 2.924566357402178, 2.7228721258572004, 2.016942315449778, 1.9160951996772893, 2.924566357402178, 0.8067769261799113, 3.4288019362646227, 5.445744251714401, 3.9330375151270673, 2.1177894312222674, 3.9330375151270673, 3.7313432835820897, 5.0423557886244454, 2.6220250100847116, 5.445744251714401, 7.260992335619202]",27.66464105,3.630496168
Vandana Sharma,"LinkedIn Top Voice 2019, Woman Icon, Career coach, TEDx Speaker, Military veteran, Entrepreneur, Influencer",https://www.linkedin.com/in/majorvansharma/,31759,"['5h', '1d', '1w', '2mo', '2mo', '3mo', '3mo', '3mo', '3mo', '3mo', '3mo', '3mo', '3mo', '4mo', '4mo', '4mo', '4mo', '4mo', '5mo', '5mo', '6mo']",21,"[92, 124, 85, 37, 67, 31, 76, 93, 159, 20, 131, 66, 60, 489, 69, 198, 5, 288, 186, 261, 9]","[16, 39, 11, 2, 10, 14, 3, 7, 13, 32, 13, 9, 18, 2, 9, 53, 44, 34, 5, 32, 12]",121.2380952,18,"[2.8968166503983124, 3.9044050505368557, 2.6764066878680057, 1.165024087660191, 2.1096382127900752, 0.9761012626342139, 2.3930224503290405, 2.928303787902642, 5.006454863188387, 0.6297427500865896, 4.124815013067162, 2.0781510752857457, 1.8892282502597688, 15.397210239617117, 2.1726124877987343, 6.234453225857237, 0.1574356875216474, 9.068295601246891, 5.856607575805284, 8.218142888629995, 0.28338423753896536]","[0.5037942000692717, 1.2279983626688498, 0.3463585125476243, 0.06297427500865896, 0.3148713750432948, 0.44081992506061274, 0.09446141251298844, 0.22040996253030637, 0.4093327875562833, 1.0075884001385433, 0.4093327875562833, 0.28338423753896536, 0.5667684750779307, 0.06297427500865896, 0.28338423753896536, 1.6688182877294626, 1.3854340501904971, 1.0705626751472024, 0.1574356875216474, 1.0075884001385433, 0.37784565005195375]",3.817440576,0.566768475
Smriti Handa,Regional HR Director at RB | LinkedIn Top Voices 2019,https://www.linkedin.com/in/smriti-handa-0636045/,204693,"['21h', '3w', '5mo']",3,"[70, 930, 461]","[10, 44, 26]",487,26.66666667,"[0.34197554386324885, 4.543389368468878, 2.2521532245851104]","[0.04885364912332126, 0.21495605614261357, 0.12701948772063532]",2.379172712,0.130276398
Poonam Barua,"CEO WILL Forum India, Founder Chairman Forum for Women in Leadership, Author of the Book, ""Leadership by Proxy""",https://www.linkedin.com/in/poonam-barua-60a76910/,7729,"['1d', '1w', '1w', '1w', '1w', '2w', '3w', '1mo', '1mo', '1mo', '1mo', '1mo', '1mo', '1mo', '2mo', '2mo', '2mo', '2mo', '2mo', '2mo', '2mo', '2mo', '2mo', '3mo', '3mo', '3mo', '3mo', '3mo', '3mo', '3mo', '4mo', '4mo', '4mo', '4mo', '4mo', '4mo', '4mo', '4mo', '4mo', '5mo', '5mo', '5mo', '5mo', '5mo', '6mo', '6mo', '6mo', '6mo', '6mo', '6mo', '6mo', '6mo']",52,"[43, 31, 95, 41, 49, 94, 42, 29, 51, 28, 79, 89, 38, 102, 44, 27, 121, 51, 32, 30, 40, 114, 72, 41, 55, 30, 43, 64, 39, 42, 34, 106, 36, 79, 108, 33, 149, 577, 76, 109, 51, 62, 47, 69, 46, 20, 24, 30, 63, 31, 40, 39]","[24, 1, 17, 2, 6, 9, 4, 3, 3, 14, 5, 1, 13, 2, 2, 13, 2, 3, 3, 3, 13, 8, 5, 8, 1, 3, 5, 1, 4, 15, 1, 6, 4, 6, 13, 23, 8, 11, 9, 7, 3, 7, 2, 5, 3, 1, 3, 1, 1, 3]",67.01923077,6.2,"[5.563462284901022, 4.010868158882132, 12.291370164316211, 5.3046965972312075, 6.3397593479104675, 12.161987320481304, 5.434079441066115, 3.752102471212317, 6.598525035580282, 3.62271962737741, 10.221244662957691, 11.515073101306767, 4.916548065726484, 13.197050071160564, 5.69284512873593, 3.493336783542502, 15.655324104023805, 6.598525035580282, 4.140251002717039, 3.881485315047225, 5.175313753396299, 14.749644197179455, 9.31556475611334, 5.3046965972312075, 7.116056410919912, 3.881485315047225, 5.563462284901022, 8.280502005434078, 5.045930909561392, 5.434079441066115, 4.399016690386855, 13.714581446500194, 4.65778237805667, 10.221244662957691, 13.973347134170009, 4.269633846551947, 19.278043731401215, 74.65390089274163, 9.833096131452969, 14.102729978004916, 6.598525035580282, 8.021736317764264, 6.080993660240652, 8.927416224608617, 5.951610816405744, 2.5876568766981496, 3.1051882520377796, 3.881485315047225, 8.151119161599171, 4.010868158882132, 5.175313753396299, 5.045930909561392]","[3.1051882520377796, 0.12938284383490747, 2.1995083451934274, 0.25876568766981495, 0.7762970630094449, 1.1644455945141674, 0.5175313753396299, 0.38814853150472245, 0.38814853150472245, 1.811359813688705, 0.6469142191745374, 0.12938284383490747, 1.6819769698537974, 0.25876568766981495, 0.25876568766981495, 1.6819769698537974, 0.25876568766981495, 0.38814853150472245, 0.38814853150472245, 0.38814853150472245, 1.6819769698537974, 1.0350627506792598, 0.6469142191745374, 1.0350627506792598, 0.12938284383490747, 0.38814853150472245, 0.6469142191745374, 0.12938284383490747, 0.5175313753396299, 1.9407426575236124, 0.12938284383490747, 0.7762970630094449, 0.5175313753396299, 0.7762970630094449, 1.6819769698537974, 2.975805408202872, 1.0350627506792598, 1.4232112821839824, 1.1644455945141674, 0.9056799068443525, 0.38814853150472245, 0.9056799068443525, 0.25876568766981495, 0.6469142191745374, 0.38814853150472245, 0.12938284383490747, 0.38814853150472245, 0.12938284383490747, 0.12938284383490747, 0.38814853150472245]",8.671138669,0.802173632
Tamal Bandyopadhyay,"Consulting Editor, Business Standard & Senior Adviser, Jana Small Finance Bank",https://www.linkedin.com/in/tamal-bandyopadhyay-818b2b9/,510448,"['3d', '1w', '1w', '1w', '1w', '1w', '1w', '1w', '2w', '2w', '2w', '3w', '1mo', '1mo', '1mo', '1mo', '2mo', '2mo', '2mo', '2mo', '2mo', '2mo', '3mo', '3mo', '3mo', '3mo', '3mo', '4mo', '4mo', '4mo', '4mo', '4mo', '4mo', '4mo', '5mo', '5mo', '5mo', '5mo', '5mo', '5mo', '6mo', '6mo', '6mo', '6mo', '6mo', '6mo', '6mo', '6mo']",48,"[151, 309, 81, 999, 81, 175, 354, 787, 53, 392, 266, 159, 201, 227, 233, 133, 148, 210, 214, 247, 102, 179, 223, 173, 162, 271, 178, 164, 169, 242, 163, 202, 1308, 695, 552, 478, 201, 223, 172, 1623, 106, 224, 194, 231, 282, 186, 215, 62]","[12, 18, 7, 31, 1, 4, 8, 17, 2, 16, 15, 13, 18, 26, 34, 11, 18, 15, 9, 10, 4, 7, 12, 7, 5, 27, 1, 2, 4, 14, 2, 12, 116, 17, 39, 27, 4, 8, 2, 86, 2, 24, 15, 18, 7, 5, 14, 1]",300,15.97916667,"[0.29581857505563736, 0.6053505939880263, 0.15868413628812336, 1.9571043475535215, 0.15868413628812336, 0.3428360969187851, 0.6935084474814281, 1.5417829044290505, 0.10383036078111776, 0.7679528570980785, 0.5211108673165533, 0.31149108234335326, 0.3937717456038617, 0.44470739428893835, 0.4564617747547252, 0.26055543365827666, 0.2899413848227439, 0.41140331630254207, 0.41923956994640005, 0.48388866250822804, 0.19982446791837757, 0.350672350562643, 0.4368711406450804, 0.3389179700968561, 0.3173682725762467, 0.5309061843713757, 0.34871328715167854, 0.3212863993981757, 0.33108171645299816, 0.47409334545340565, 0.31932733598721125, 0.39573080901482616, 2.562454941541548, 1.361549070620318, 1.0814030028523964, 0.9364323104410244, 0.3937717456038617, 0.4368711406450804, 0.3369589066858916, 3.179559915995361, 0.20766072156223553, 0.4388302040560449, 0.3800583017271103, 0.4525436479327963, 0.5524558818919851, 0.36438579443939445, 0.4211986333573645, 0.12146193147979814]","[0.023508760931573832, 0.03526314139736075, 0.013713443876751403, 0.06073096573989907, 0.001959063410964486, 0.007836253643857944, 0.015672507287715888, 0.033304077986396265, 0.003918126821928972, 0.031345014575431776, 0.02938595116446729, 0.02546782434253832, 0.03526314139736075, 0.05093564868507664, 0.06660815597279253, 0.021549697520609347, 0.03526314139736075, 0.02938595116446729, 0.017631570698680377, 0.019590634109644862, 0.007836253643857944, 0.013713443876751403, 0.023508760931573832, 0.013713443876751403, 0.009795317054822431, 0.05289471209604112, 0.001959063410964486, 0.003918126821928972, 0.007836253643857944, 0.027426887753502806, 0.003918126821928972, 0.023508760931573832, 0.22725135567188037, 0.033304077986396265, 0.07640347302761495, 0.05289471209604112, 0.007836253643857944, 0.015672507287715888, 0.003918126821928972, 0.1684794533429458, 0.003918126821928972, 0.047017521863147664, 0.02938595116446729, 0.03526314139736075, 0.013713443876751403, 0.009795317054822431, 0.027426887753502806, 0.001959063410964486]",0.587719023,0.031304201
Shephali Bhatt,Special Correspondent at The Economic Times,https://www.linkedin.com/in/shephali-bhatt-19727915/,9233,"['1d', '4d', '1w', '1mo', '1mo', '1mo', '1mo', '2mo', '3mo', '3mo', '3mo', '4mo', '4mo', '4mo', '5mo', '5mo', '5mo', '6mo', '6mo']",19,"[577, 288, 148, 147, 119, 157, 241, 184, 150, 146, 242, 388, 109, 160, 122, 118, 120, 99, 113]","[76, 37, 20, 18, 11, 19, 10, 17, 9, 13, 28, 36, 8, 14, 11, 5, 7, 7, 7]",190.9473684,18.57894737,"[62.49323080255605, 31.19246182172642, 16.029459547276076, 15.921152388172858, 12.88855193328279, 17.004223979205026, 26.10202534387523, 19.928517274991876, 16.246073865482508, 15.81284522906964, 26.210332502978446, 42.02317773204809, 11.805480342250622, 17.329145456514674, 13.21347341059244, 12.780244774179572, 12.996859092386007, 10.722408751218454, 12.238708978663489]","[8.231344091844472, 4.007364886819019, 2.166143182064334, 1.9495288638579011, 1.191378750135384, 2.057836022961118, 1.083071591032167, 1.8412217047546844, 0.9747644319289506, 1.4079930683418174, 3.0326004548900682, 3.8990577277158023, 0.8664572728257337, 1.5163002274450341, 1.191378750135384, 0.5415357955160836, 0.7581501137225171, 0.7581501137225171, 0.7581501137225171]",20.68096701,2.012233009
