names,headline,links,followers,date,num_posts,likes,comments
Ritu Anand,Chief Leadership & Diversity Officer at TCS,https://www.linkedin.com/in/ritu-anand-9343065/,"22,041","1h • 
  
  1w • 
  
  1w • Edited • 
  
  2w • 
  
  3w • Edited • 
  
  1mo • 
  
  1mo • Edited • 
  
  1mo • 
  
  1mo • 
  
  1mo • 
  
  2mo • 
  
  2mo • 
  
  2mo • 
  
  2mo • Edited • 
  
  2mo • 
  
  3mo • 
  
  3mo • 
  
  3mo • 
  
  3mo • Edited • 
  
  3mo • 
  
  4mo • 
  
  4mo • 
  
  4mo • 
  
  4mo • 
  
  4mo • Edited • 
  
  5mo • 
  
  5mo • 
  
  5mo • 
  
  5mo • 
  
  5mo • 
  
  6mo • Edited • 
  
  6mo • 
  
  6mo • 
  
  6mo • 
  
  7mo • 
  
 ",35,"['160', '1,114', '1,111', '906', '483', '290', '132', '802', '458', '1,152', '421', '526', '962', '1,203', '469', '645', '783', '62', '2,003', '789', '607', '646', '632', '7', '4,540', '719', '351', '482', '581', '650', '477', '539', '651', '624', '277']","['6 Comments', '116 Comments', '54 Comments', '65 Comments', '40 Comments', '20 Comments', '10 Comments', '58 Comments', '17 Comments', '87 Comments', '18 Comments', '15 Comments', '54 Comments', '107 Comments', '24 Comments', '25 Comments', '35 Comments', '1 Comment', '81 Comments', '34 Comments', '43 Comments', '24 Comments', '26 Comments', '2 Comments', '226 Comments', '64 Comments', '11 Comments', '23 Comments', '37 Comments', '59 Comments', '37 Comments', '32 Comments', '38 Comments', '29 Comments', '13 Comments']"
Harish Bhat,"Brand Custodian, Tata Sons. Passionate marketer, author and columnist. LinkedIn Top Voice 2019.",https://www.linkedin.com/in/harishbhattata/,"22,040","4d • Edited • 
  
  1w • Edited • 
  
  2w • Edited • 
  
  3w • Edited • 
  
  3w • Edited • 
  
  1mo • Edited • 
  
  1mo • Edited • 
  
  1mo • Edited • 
  
  1mo • Edited • 
  
  2mo • Edited • 
  
  2mo • Edited • 
  
  3mo • Edited • 
  
  3mo • Edited • 
  
  3mo • Edited • 
  
  4mo • Edited • 
  
  4mo • Edited • 
  
  4mo • Edited • 
  
  4mo • Edited • 
  
  5mo • 
  
  Published • 5mo • 
  
  5mo • Edited • 
  
  6mo • Edited • 
  
  6mo • Edited • 
  
  6mo • Edited • 
  
  6mo • Edited • 
  
  7mo • Edited • 
  
  7mo • Edited • 
  
  7mo • Edited • 
  
  8mo • Edited • 
  
  8mo • Edited • 
  
 ",30,"['248', '770', '665', '577', '190', '62', '360', '627', '415', '981', '4,916', '3,331', '662', '512', '1,139', '338', '2,546', '910', '686', '603', '441', '589', '441', '303', '215', '385', '288', '318', '439', '438']","['27 Comments', '366 Comments', '31 Comments', '100 Comments', '93 Comments', '13 Comments', '139 Comments', '203 Comments', '28 Comments', '77 Comments', '280 Comments', '216 Comments', '116 Comments', '94 Comments', '72 Comments', '55 Comments', '199 Comments', '74 Comments', '44 Comments', '105 Comments', '120 Comments', '50 Comments', '62 Comments', '32 Comments', '30 Comments', '54 Comments', '63 Comments', '35 Comments', '97 Comments', '52 Comments']"
Rekha M Menon,Chairman and Senior Managing Director - Accenture in India,https://www.linkedin.com/in/rekha-m-menon-15325/,"1,35,476","1d • Edited • 
  
  2d • 
  
  3d • 
  
  3d • 
  
  6d • 
  
  1w • 
  
  1w • 
  
  2w • 
  
  2w • 
  
  2w • 
  
  2w • 
  
  3w • 
  
  3w • 
  
  1mo • 
  
  1mo • 
  
  1mo • 
  
  1mo • 
  
  1mo • 
  
  1mo • 
  
  1mo • 
  
  1mo • 
  
  1mo • 
  
  1mo • 
  
  1mo • 
  
  1mo • 
  
  2mo • 
  
  2mo • 
  
  2mo • 
  
  2mo • 
  
  2mo • 
  
  2mo • 
  
  2mo • 
  
  2mo • 
  
  2mo • 
  
  3mo • 
  
  3mo • 
  
  3mo • 
  
  3mo • 
  
  4mo • 
  
  4mo • 
  
  4mo • 
  
  4mo • 
  
  4mo • 
  
  4mo • 
  
  4mo • 
  
  5mo • 
  
  5mo • 
  
  5mo • 
  
  5mo • 
  
  5mo • 
  
  5mo • 
  
  5mo • 
  
  5mo • 
  
  5mo • 
  
  5mo • 
  
  5mo • 
  
  5mo • 
  
  5mo • 
  
  5mo • 
  
  6mo • 
  
  6mo • 
  
  6mo • 
  
  7mo • 
  
  7mo • 
  
  7mo • 
  
 ",65,"['273', '105', '69', '80', '269', '157', '88', '141', '377', '112', '341', '551', '176', '122', '118', '1,356', '789', '485', '46', '322', '68', '90', '89', '55', '344', '134', '241', '43', '82', '101', '365', '356', '40', '485', '17', '20', '18', '119', '95', '188', '80', '186', '68', '606', '264', '362', '142', '106', '1,178', '43', '439', '106', '85', '225', '169', '345', '30', '183', '139', '58', '135', '92', '197', '67', '79']","['9 Comments', '1 Comment', '2 Comments', '10 Comments', '3 Comments', '5 Comments', '5 Comments', '6 Comments', '3 Comments', '10 Comments', '31 Comments', '5 Comments', '4 Comments', '4 Comments', '36 Comments', '12 Comments', '20 Comments', '1 Comment', '7 Comments', '3 Comments', '2 Comments', '1 Comment', '8 Comments', '7 Comments', '3 Comments', '3 Comments', '7 Comments', '12 Comments', '2 Comments', '9 Comments', '9 Comments', '3 Comments', '8 Comments', '1 Comment', '9 Comments', '2 Comments', '20 Comments', '4 Comments', '14 Comments', '2 Comments', '3 Comments', '31 Comments', '1 Comment', '6 Comments', '1 Comment', '1 Comment', '2 Comments', '1 Comment', '10 Comments', '6 Comments', '4 Comments', '1 Comment', '3 Comments', '8 Comments', '3 Comments']"
Satyarth Priyedarshi,"Head of Digital, TATA AIA || Ex-Google, Jio, Flipkart || Linkedin Top Voice || LinkedIn Power Profile 2018 || TEDx Speaker",https://www.linkedin.com/in/satyarth/,"68,365","1h • 
  
  23h • Edited • 
  
  1d • 
  
  2d • 
  
  4d • Edited • 
  
  5d • 
  
  5d • Edited • 
  
  1w • 
  
  1w • Edited • 
  
  1w • 
  
  Published • 1w • 
  
  2w • Edited • 
  
  2w • Edited • 
  
  2w • Edited • 
  
  2w • Edited • 
  
  2w • Edited • 
  
  2w • 
  
  2w • Edited • 
  
  2w • 
  
  2w • Edited • 
  
  2w • 
  
  2w • 
  
  3w • 
  
  3w • 
  
  3w • 
  
  3w • 
  
  3w • 
  
  1mo • 
  
  1mo • 
  
  1mo • 
  
  1mo • 
  
  1mo • 
  
  1mo • 
  
  2mo • 
  
  2mo • Edited • 
  
  2mo • Edited • 
  
  2mo • Edited • 
  
  2mo • 
  
  2mo • 
  
  2mo • 
  
  2mo • Edited • 
  
  2mo • Edited • 
  
  2mo • Edited • 
  
  2mo • 
  
  2mo • 
  
  2mo • Edited • 
  
  2mo • 
  
  3mo • 
  
  3mo • 
  
  3mo • 
  
  3mo • Edited • 
  
  3mo • Edited • 
  
  3mo • Edited • 
  
  3mo • 
  
  3mo • Edited • 
  
  3mo • 
  
  3mo • 
  
  3mo • Edited • 
  
  3mo • Edited • 
  
  3mo • 
  
  3mo • 
  
  3mo • 
  
  3mo • Edited • 
  
  3mo • 
  
  3mo • Edited • 
  
  3mo • 
  
  3mo • 
  
  4mo • 
  
  4mo • 
  
  4mo • 
  
  4mo • 
  
  4mo • 
  
  4mo • 
  
  4mo • 
  
  4mo • Edited • 
  
  4mo • 
  
  4mo • Edited • 
  
  4mo • 
  
  4mo • 
  
  4mo • 
  
  5mo • 
  
  5mo • 
  
  5mo • 
  
  5mo • 
  
  5mo • 
  
  5mo • Edited • 
  
  5mo • Edited • 
  
  5mo • 
  
  5mo • Edited • 
  
  5mo • Edited • 
  
  5mo • 
  
  5mo • 
  
  5mo • Edited • 
  
  5mo • 
  
  5mo • 
  
  5mo • Edited • 
  
  5mo • 
  
  5mo • 
  
  5mo • 
  
  5mo • 
  
  5mo • 
  
  5mo • 
  
  6mo • Edited • 
  
  6mo • 
  
  6mo • 
  
  Published • 6mo • 
  
  6mo • 
  
  6mo • 
  
  6mo • 
  
  6mo • 
  
  6mo • 
  
  6mo • Edited • 
  
  6mo • 
  
  6mo • 
  
  6mo • 
  
  6mo • Edited • 
  
  6mo • 
  
  6mo • 
  
  6mo • 
  
  6mo • 
  
  6mo • 
  
  7mo • 
  
  7mo • Edited • 
  
  7mo • 
  
  7mo • 
  
 ",125,"['142', '111', '712', '84', '145', '325', '191', '78', '5,360', '650', '104', '128', '245', '104', '49', '84', '385', '54', '569', '667', '228', '99', '127', '529', '53', '135', '222', '48', '41', '573', '28', '222', '66', '242', '260', '1,824', '915', '232', '204', '26', '135', '601', '1,750', '311', '43', '99', '88', '246', '602', '109', '923', '256', '3,030', '116', '415', '52', '100', '287', '987', '193', '151', '81', '37', '95', '96', '76', '295', '284', '204', '32', '66', '70', '143', '232', '666', '336', '332', '198', '58', '265', '128', '242', '155', '139', '183', '378', '143', '307', '79', '392', '185', '172', '12,256', '65', '135', '87', '246', '279', '364', '511', '70', '328', '147', '176', '64', '82', '13', '106', '7', '67', '3', '137', '212', '36', '60', '70', '220', '89', '159', '5', '193', '931', '343', '95', '102']","['14 Comments', '7 Comments', '79 Comments', '2 Comments', '11 Comments', '18 Comments', '13 Comments', '3 Comments', '244 Comments', '35 Comments', '8 Comments', '19 Comments', '29 Comments', '15 Comments', '1 Comment', '6 Comments', '29 Comments', '1 Comment', '28 Comments', '95 Comments', '14 Comments', '6 Comments', '5 Comments', '46 Comments', '4 Comments', '15 Comments', '22 Comments', '8 Comments', '25 Comments', '2 Comments', '14 Comments', '9 Comments', '47 Comments', '31 Comments', '58 Comments', '46 Comments', '11 Comments', '11 Comments', '5 Comments', '25 Comments', '31 Comments', '222 Comments', '22 Comments', '14 Comments', '18 Comments', '8 Comments', '56 Comments', '36 Comments', '8 Comments', '30 Comments', '40 Comments', '165 Comments', '7 Comments', '26 Comments', '2 Comments', '9 Comments', '40 Comments', '64 Comments', '19 Comments', '4 Comments', '24 Comments', '4 Comments', '7 Comments', '84 Comments', '32 Comments', '12 Comments', '11 Comments', '4 Comments', '5 Comments', '4 Comments', '12 Comments', '60 Comments', '45 Comments', '26 Comments', '9 Comments', '23 Comments', '7 Comments', '20 Comments', '12 Comments', '41 Comments', '10 Comments', '4 Comments', '10 Comments', '29 Comments', '14 Comments', '20 Comments', '5 Comments', '36 Comments', '7 Comments', '13 Comments', '439 Comments', '10 Comments', '17 Comments', '7 Comments', '19 Comments', '22 Comments', '39 Comments', '64 Comments', '1 Comment', '43 Comments', '20 Comments', '11 Comments', '2 Comments', '4 Comments', '6 Comments', '1 Comment', '6 Comments', '6 Comments', '2 Comments', '4 Comments', '3 Comments', '17 Comments', '3 Comments', '12 Comments', '112 Comments', '50 Comments', '2 Comments', '4 Comments']"
Adhil Shetty,CEO at BankBazaar.com,https://www.linkedin.com/in/adhilshetty/,"6,52,793","3h • Edited • 
  
  1d • Edited • 
  
  4mo • Edited • 
  
  5mo • Edited • 
  
  6mo • 
  
  Published • 6mo • 
  
  6mo • 
  
  6mo • 
  
  7mo • 
  
  7mo • Edited • 
  
 ",10,"['62', '91', '411', '888', '197', '479', '266', '364', '262', '1,060']","['1 Comment', '5 Comments', '9 Comments', '16 Comments', '7 Comments', '14 Comments', '14 Comments', '7 Comments', '4 Comments', '12 Comments']"
Mubeena Azeez,Featured : LinkedIn Top Voices 2019: India || Creative Resume writer ||Global Talent Solutions - Boeing,https://www.linkedin.com/in/mubeena-azeez-79ab0765/,"36,799","3h • Edited • 
  
  1d • Edited • 
  
  1d • 
  
  1d • Edited • 
  
  6d • 
  
  2w • Edited • 
  
  3w • 
  
  1mo • 
  
  1mo • 
  
  1mo • Edited • 
  
  2mo • 
  
  2mo • Edited • 
  
  2mo • 
  
  2mo • Edited • 
  
  2mo • Edited • 
  
  2mo • 
  
  3mo • 
  
  3mo • Edited • 
  
  3mo • Edited • 
  
  3mo • 
  
  3mo • 
  
  3mo • Edited • 
  
  3mo • 
  
  3mo • 
  
  3mo • Edited • 
  
  3mo • 
  
  3mo • Edited • 
  
  3mo • Edited • 
  
  3mo • 
  
  3mo • 
  
  3mo • 
  
  4mo • 
  
  4mo • Edited • 
  
  4mo • 
  
  4mo • 
  
  4mo • 
  
  4mo • 
  
  4mo • 
  
  5mo • 
  
  5mo • 
  
  5mo • Edited • 
  
  5mo • 
  
  5mo • Edited • 
  
  5mo • 
  
  5mo • Edited • 
  
  5mo • 
  
  6mo • 
  
  6mo • Edited • 
  
  6mo • 
  
  6mo • Edited • 
  
  9mo • 
  
  9mo • Edited • 
  
  11mo • 
  
  11mo • 
  
  11mo • 
  
 ",55,"['8', '135', '8', '40', '36', '8', '50', '36', '38', '116', '293', '32', '15', '67', '60', '6', '22', '23', '85', '72', '62', '10', '118', '13', '165', '26', '63', '115', '61', '112', '8', '40', '97', '46', '8', '13', '209', '61', '87', '662', '1,182', '196', '441', '109', '163', '200', '13', '1,011', '35', '472', '427', '6,479', '25', '87', '104']","['4 Comments', '24 Comments', '7 Comments', '1 Comment', '2 Comments', '3 Comments', '9 Comments', '1 Comment', '1 Comment', '16 Comments', '5 Comments', '1 Comment', '3 Comments', '1 Comment', '2 Comments', '4 Comments', '10 Comments', '3 Comments', '1 Comment', '1 Comment', '1 Comment', '9 Comments', '9 Comments', '82 Comments', '144 Comments', '58 Comments', '12 Comments', '31 Comments', '10 Comments', '189 Comments', '8 Comments', '378 Comments', '11 Comments', '4 Comments']"
Tapan Singhel,Managing Director & CEO at Bajaj Allianz General Insurance Co. Ltd.,https://www.linkedin.com/in/tapansinghel/,"6,80,075","1h • 
  
  Published • 1d • 
  
  1d • 
  
  3d • 
  
  4d • 
  
  5d • 
  
  5d • 
  
  5d • 
  
  5d • Edited • 
  
  6d • 
  
  1w • 
  
  1w • 
  
  1w • 
  
  1w • 
  
  1w • 
  
  2w • 
  
  2w • Edited • 
  
  2w • 
  
  2w • Edited • 
  
  2w • 
  
  2w • 
  
  2w • 
  
  3w • 
  
  Published • 3w • 
  
  3w • 
  
  3w • 
  
  3w • 
  
  3w • 
  
  3w • 
  
  3w • 
  
  1mo • Edited • 
  
  1mo • 
  
  1mo • 
  
  1mo • 
  
  1mo • 
  
  1mo • 
  
  1mo • 
  
  1mo • 
  
  1mo • 
  
  1mo • 
  
  1mo • 
  
  1mo • 
  
  1mo • 
  
  1mo • 
  
  1mo • Edited • 
  
  1mo • 
  
  1mo • 
  
  1mo • 
  
  1mo • 
  
  1mo • 
  
  1mo • 
  
  1mo • Edited • 
  
  1mo • Edited • 
  
  1mo • 
  
  2mo • 
  
  2mo • 
  
  2mo • Edited • 
  
  2mo • 
  
  2mo • 
  
  2mo • 
  
  2mo • 
  
  2mo • 
  
  2mo • 
  
  2mo • 
  
  2mo • 
  
  2mo • 
  
  2mo • 
  
  2mo • 
  
  2mo • 
  
  2mo • 
  
  Published • 2mo • 
  
  2mo • 
  
  3mo • Edited • 
  
  3mo • 
  
  3mo • 
  
  3mo • 
  
  3mo • 
  
  3mo • Edited • 
  
  3mo • 
  
  3mo • 
  
  3mo • 
  
  3mo • 
  
  3mo • 
  
  3mo • 
  
  3mo • 
  
  3mo • 
  
  3mo • 
  
  3mo • Edited • 
  
  3mo • 
  
  3mo • 
  
  3mo • 
  
  3mo • 
  
  3mo • 
  
  3mo • 
  
  3mo • Edited • 
  
  3mo • 
  
  4mo • 
  
  4mo • 
  
  4mo • 
  
  4mo • 
  
  4mo • 
  
  4mo • 
  
  Published • 4mo • 
  
  4mo • 
  
  4mo • 
  
  4mo • 
  
  4mo • 
  
  5mo • 
  
  5mo • 
  
  5mo • 
  
  5mo • 
  
  5mo • 
  
  5mo • 
  
  5mo • 
  
  5mo • 
  
  5mo • 
  
  5mo • 
  
  5mo • 
  
  5mo • 
  
  Published • 5mo • 
  
  6mo • 
  
  6mo • 
  
  6mo • 
  
  6mo • 
  
  6mo • 
  
  6mo • 
  
  6mo • 
  
  6mo • 
  
  6mo • Edited • 
  
  6mo • 
  
  6mo • 
  
  6mo • 
  
  6mo • 
  
  6mo • 
  
  6mo • 
  
  6mo • 
  
  6mo • 
  
  7mo • 
  
  7mo • 
  
  Published • 7mo • 
  
 ",145,"['247', '199', '384', '694', '235', '123', '672', '349', '534', '574', '243', '4,476', '670', '210', '423', '616', '91', '8,820', '149', '301', '156', '150', '259', '239', '96', '488', '275', '173', '458', '290', '112', '1,037', '178', '446', '2,139', '186', '34', '233', '998', '289', '661', '228', '273', '134', '219', '522', '169', '24', '237', '613', '1,052', '82', '254', '87', '587', '311', '692', '128', '46', '609', '72', '181', '218', '113', '1,258', '494', '527', '181', '227', '421', '303', '236', '489', '175', '360', '362', '225', '651', '976', '857', '264', '461', '473', '65', '491', '288', '1,015', '317', '393', '29', '725', '117', '213', '226', '244', '296', '410', '274', '412', '307', '570', '177', '217', '69', '1,073', '455', '1,343', '537', '178', '590', '1,131', '279', '308', '284', '256', '1,767', '1,738', '1,369', '198', '423', '2,246', '643', '1,960', '142', '553', '1,158', '1,195', '374', '157', '359', '517', '305', '1,037', '124', '375', '384', '143', '330', '94', '207', '921', '173', '214', '571', '208']","['21 Comments', '22 Comments', '102 Comments', '24 Comments', '16 Comments', '10 Comments', '79 Comments', '10 Comments', '51 Comments', '23 Comments', '15 Comments', '150 Comments', '19 Comments', '21 Comments', '21 Comments', '27 Comments', '575 Comments', '8 Comments', '12 Comments', '21 Comments', '3 Comments', '11 Comments', '19 Comments', '2 Comments', '11 Comments', '12 Comments', '26 Comments', '16 Comments', '5 Comments', '6 Comments', '32 Comments', '21 Comments', '33 Comments', '107 Comments', '26 Comments', '8 Comments', '219 Comments', '21 Comments', '7 Comments', '17 Comments', '19 Comments', '6 Comments', '70 Comments', '77 Comments', '24 Comments', '21 Comments', '7 Comments', '63 Comments', '17 Comments', '5 Comments', '11 Comments', '11 Comments', '26 Comments', '9 Comments', '17 Comments', '6 Comments', '35 Comments', '4 Comments', '24 Comments', '4 Comments', '12 Comments', '24 Comments', '52 Comments', '24 Comments', '24 Comments', '11 Comments', '9 Comments', '24 Comments', '37 Comments', '17 Comments', '3 Comments', '32 Comments', '10 Comments', '4 Comments', '49 Comments', '20 Comments', '20 Comments', '33 Comments', '25 Comments', '16 Comments', '2 Comments', '9 Comments', '9 Comments', '24 Comments', '40 Comments', '10 Comments', '23 Comments', '7 Comments', '1 Comment', '11 Comments', '14 Comments', '44 Comments', '9 Comments', '2 Comments', '7 Comments', '6 Comments', '10 Comments', '1 Comment', '18 Comments', '31 Comments', '8 Comments', '28 Comments', '23 Comments', '4 Comments', '44 Comments', '55 Comments', '24 Comments', '22 Comments', '7 Comments', '13 Comments', '105 Comments', '37 Comments', '39 Comments', '19 Comments', '40 Comments', '132 Comments', '45 Comments', '74 Comments', '20 Comments', '77 Comments', '20 Comments', '6 Comments', '22 Comments', '10 Comments', '15 Comments', '9 Comments', '25 Comments', '1 Comment', '21 Comments', '55 Comments', '6 Comments', '6 Comments', '5 Comments', '15 Comments', '9 Comments', '4 Comments', '28 Comments', '32 Comments', '9 Comments']"
Rahul Subramanian,Here to crack jokes and not to be taken seriously,https://www.linkedin.com/in/rahul-subramanian-74347510/,"2,11,250","1d • Edited • 
  
  2d • 
  
  3d • Edited • 
  
  5d • Edited • 
  
  6d • 
  
  1w • Edited • 
  
  1w • 
  
  1w • 
  
  2w • Edited • 
  
  2w • 
  
  2w • 
  
  2w • 
  
  2w • Edited • 
  
  3w • 
  
  3w • 
  
  3w • 
  
  3w • 
  
  3w • Edited • 
  
  3w • Edited • 
  
  1mo • Edited • 
  
  1mo • 
  
  1mo • Edited • 
  
  1mo • Edited • 
  
  1mo • 
  
  1mo • Edited • 
  
  1mo • 
  
  1mo • Edited • 
  
  1mo • 
  
  1mo • 
  
  1mo • 
  
  1mo • 
  
  1mo • 
  
  1mo • Edited • 
  
  1mo • Edited • 
  
  1mo • Edited • 
  
  1mo • Edited • 
  
  1mo • Edited • 
  
  1mo • Edited • 
  
  1mo • Edited • 
  
  1mo • Edited • 
  
  1mo • 
  
  1mo • Edited • 
  
  2mo • 
  
  2mo • 
  
  2mo • 
  
  2mo • Edited • 
  
  2mo • 
  
  2mo • Edited • 
  
  2mo • Edited • 
  
  2mo • 
  
  2mo • 
  
  2mo • 
  
  2mo • Edited • 
  
  2mo • Edited • 
  
  2mo • Edited • 
  
  2mo • Edited • 
  
  2mo • 
  
  2mo • Edited • 
  
  3mo • 
  
  3mo • Edited • 
  
  3mo • 
  
  3mo • Edited • 
  
  3mo • Edited • 
  
  3mo • Edited • 
  
  3mo • 
  
  3mo • 
  
  3mo • 
  
  3mo • Edited • 
  
  3mo • Edited • 
  
  3mo • Edited • 
  
  3mo • 
  
  3mo • 
  
  3mo • Edited • 
  
  3mo • 
  
  3mo • 
  
  3mo • 
  
  3mo • 
  
  4mo • 
  
  4mo • 
  
  4mo • 
  
  4mo • Edited • 
  
  4mo • 
  
  4mo • 
  
  4mo • Edited • 
  
  4mo • Edited • 
  
  4mo • Edited • 
  
  4mo • Edited • 
  
  4mo • 
  
  4mo • 
  
  4mo • 
  
  4mo • Edited • 
  
  4mo • 
  
  5mo • 
  
  5mo • Edited • 
  
  5mo • 
  
  5mo • 
  
  5mo • Edited • 
  
  5mo • Edited • 
  
  5mo • Edited • 
  
  5mo • 
  
  5mo • 
  
  5mo • 
  
  5mo • Edited • 
  
  5mo • Edited • 
  
  5mo • Edited • 
  
  5mo • 
  
  5mo • 
  
  5mo • 
  
  6mo • 
  
  6mo • Edited • 
  
  6mo • 
  
  6mo • Edited • 
  
  6mo • Edited • 
  
  6mo • 
  
  6mo • 
  
  6mo • 
  
  6mo • Edited • 
  
  6mo • Edited • 
  
  6mo • Edited • 
  
  6mo • 
  
  6mo • 
  
  6mo • Edited • 
  
  7mo • 
  
  7mo • 
  
  7mo • Edited • 
  
  7mo • Edited • 
  
  7mo • Edited • 
  
  7mo • Edited • 
  
  7mo • Edited • 
  
  7mo • 
  
  7mo • 
  
  7mo • Edited • 
  
 ",132,"['1,356', '6,915', '2,100', '2,717', '7,575', '3,770', '7,958', '11,855', '16,592', '2,345', '4,129', '3,633', '4,365', '8,809', '4,438', '451', '1,072', '300', '3,075', '2,356', '3,719', '6,096', '15,482', '5,268', '5,462', '2,089', '4,892', '1,453', '4,518', '5,967', '5,708', '6,948', '3,246', '4,989', '1,102', '2,125', '6,636', '1,752', '988', '5,357', '869', '6,147', '815', '7,476', '9,921', '454', '17,581', '3,311', '25,722', '5,124', '16,236', '1,638', '5,112', '2,212', '558', '1,994', '10,049', '2,747', '5,262', '4,720', '823', '24,312', '6,595', '4,280', '17,455', '5,121', '2,383', '2,761', '19,609', '591', '8,693', '5,621', '1,798', '9,177', '7,936', '14,151', '7,212', '3,583', '4,908', '2,307', '7,715', '1,944', '10,994', '8,558', '1,629', '4,665', '820', '5,289', '6,132', '4,591', '1,943', '4,162', '3,134', '3,134', '774', '6,865', '6,089', '4,584', '1,747', '4,463', '893', '3,893', '11,805', '11,363', '2,004', '3,759', '2,537', '7,875', '4,491', '11,920', '3,384', '2,067', '22,031', '2,533', '2,852', '815', '679', '1,315', '1,841', '7,252', '3,025', '1,017', '4,496', '3,348', '3,911', '922', '2,662', '2,105', '5,987', '4,346', '1,587', '408']","['61 Comments', '117 Comments', '11 Comments', '19 Comments', '128 Comments', '84 Comments', '231 Comments', '196 Comments', '272 Comments', '20 Comments', '40 Comments', '23 Comments', '66 Comments', '133 Comments', '32 Comments', '17 Comments', '22 Comments', '4 Comments', '51 Comments', '19 Comments', '65 Comments', '80 Comments', '272 Comments', '76 Comments', '80 Comments', '26 Comments', '139 Comments', '38 Comments', '65 Comments', '63 Comments', '87 Comments', '90 Comments', '177 Comments', '72 Comments', '38 Comments', '22 Comments', '140 Comments', '77 Comments', '40 Comments', '79 Comments', '54 Comments', '168 Comments', '40 Comments', '89 Comments', '182 Comments', '27 Comments', '234 Comments', '114 Comments', '334 Comments', '80 Comments', '143 Comments', '45 Comments', '75 Comments', '46 Comments', '25 Comments', '125 Comments', '150 Comments', '22 Comments', '71 Comments', '78 Comments', '46 Comments', '426 Comments', '102 Comments', '129 Comments', '208 Comments', '51 Comments', '37 Comments', '33 Comments', '254 Comments', '19 Comments', '104 Comments', '54 Comments', '360 Comments', '231 Comments', '93 Comments', '184 Comments', '192 Comments', '20 Comments', '67 Comments', '56 Comments', '201 Comments', '18 Comments', '108 Comments', '184 Comments', '20 Comments', '132 Comments', '73 Comments', '93 Comments', '120 Comments', '29 Comments', '25 Comments', '45 Comments', '122 Comments', '30 Comments', '45 Comments', '53 Comments', '72 Comments', '72 Comments', '24 Comments', '51 Comments', '86 Comments', '54 Comments', '164 Comments', '135 Comments', '153 Comments', '69 Comments', '33 Comments', '73 Comments', '70 Comments', '234 Comments', '70 Comments', '31 Comments', '398 Comments', '45 Comments', '61 Comments', '28 Comments', '18 Comments', '75 Comments', '66 Comments', '140 Comments', '86 Comments', '9 Comments', '176 Comments', '92 Comments', '68 Comments', '32 Comments', '41 Comments', '85 Comments', '55 Comments', '39 Comments', '14 Comments', '16 Comments']"
Kunal Shah,"Founder : CRED, FreeCharge",https://www.linkedin.com/in/kunalshah1/,"1,32,111","1d • 
  
  1d • 
  
  6d • 
  
  6d • 
  
  6d • 
  
  1w • 
  
  1w • 
  
  2w • 
  
  3w • 
  
  1mo • 
  
  1mo • 
  
  1mo • 
  
  1mo • 
  
  1mo • 
  
  1mo • 
  
  1mo • 
  
  1mo • 
  
  1mo • 
  
  2mo • 
  
  2mo • 
  
  2mo • 
  
  3mo • 
  
  3mo • 
  
  3mo • 
  
  3mo • 
  
  3mo • 
  
  3mo • 
  
  3mo • 
  
  3mo • 
  
  3mo • 
  
  3mo • 
  
  4mo • 
  
  4mo • 
  
  4mo • Edited • 
  
  5mo • 
  
  5mo • 
  
  6mo • 
  
  6mo • Edited • 
  
  7mo • 
  
  8mo • 
  
 ",40,"['258', '5,069', '842', '2,632', '511', '5,359', '550', '35', '12', '1,416', '877', '46', '425', '1,988', '1,744', '1,137', '853', '1,571', '46', '2,899', '3,415', '6,657', '3,745', '1,111', '846', '145', '6,320', '1,459', '1,394', '942', '548', '3,517', '1,412', '370', '1,977', '1,868', '1,342', '2,649', '993', '487']","['3 Comments', '152 Comments', '413 Comments', '61 Comments', '19 Comments', '186 Comments', '13 Comments', '3 Comments', '32 Comments', '27 Comments', '5 Comments', '36 Comments', '25 Comments', '101 Comments', '26 Comments', '28 Comments', '1 Comment', '70 Comments', '906 Comments', '294 Comments', '83 Comments', '22 Comments', '18 Comments', '19 Comments', '325 Comments', '41 Comments', '62 Comments', '47 Comments', '18 Comments', '110 Comments', '1,193 Comments', '182 Comments', '73 Comments', '196 Comments', '59 Comments', '72 Comments', '38 Comments', '21 Comments']"
Divya Gokulnath,Co- Founder - BYJU'S,https://www.linkedin.com/in/divya-gokulnath-6b5a7a108/,"61,780","5h • 
  
  3d • 
  
  5d • Edited • 
  
  Published • 3w • 
  
  Published • 3w • 
  
  1mo • Edited • 
  
  1mo • Edited • 
  
  Published • 1mo • 
  
  2mo • 
  
  2mo • 
  
  3mo • 
  
  3mo • 
  
  3mo • 
  
  3mo • 
  
  Published • 3mo • 
  
  4mo • 
  
  4mo • 
  
  4mo • 
  
  5mo • 
  
  5mo • 
  
  5mo • 
  
  8mo • 
  
  9mo • Edited • 
  
  1yr • 
  
  1yr • 
  
 ",25,"['151', '920', '2,068', '675', '900', '2,844', '1,800', '720', '10,446', '8,712', '717', '1,178', '1,079', '597', '638', '692', '467', '3,209', '123', '350', '310', '72', '30', '75', '31']","['17 Comments', '42 Comments', '127 Comments', '15 Comments', '36 Comments', '53 Comments', '52 Comments', '22 Comments', '1,026 Comments', '317 Comments', '29 Comments', '22 Comments', '24 Comments', '33 Comments', '24 Comments', '27 Comments', '12 Comments', '270 Comments', '8 Comments', '15 Comments', '12 Comments', '7 Comments', '3 Comments', '7 Comments', '2 Comments']"
Amit Somani,"Managing Partner, Prime Venture Partners (Early Stage VC) | LinkedIn TopVoices 2019 & 2018 | Ex-Google, Makemytrip, IBM",https://www.linkedin.com/in/thesomani/,"4,41,377","1d • 
  
  2d • 
  
  5d • 
  
  6d • Edited • 
  
  1w • Edited • 
  
  1w • 
  
  1w • 
  
  1w • 
  
  2w • 
  
  3w • 
  
  3w • 
  
  1mo • 
  
  1mo • 
  
  1mo • Edited • 
  
  1mo • 
  
  1mo • 
  
  1mo • 
  
  1mo • 
  
  1mo • 
  
  1mo • Edited • 
  
  1mo • 
  
  1mo • 
  
  1mo • 
  
  1mo • Edited • 
  
  1mo • 
  
  2mo • 
  
  3mo • Edited • 
  
  3mo • 
  
  3mo • Edited • 
  
  3mo • 
  
  3mo • Edited • 
  
  3mo • 
  
  3mo • Edited • 
  
  3mo • 
  
  3mo • Edited • 
  
  4mo • Edited • 
  
  4mo • 
  
  4mo • 
  
  5mo • 
  
  Published • 5mo • 
  
  6mo • 
  
  6mo • Edited • 
  
  6mo • 
  
  6mo • Edited • 
  
  6mo • Edited • 
  
  6mo • 
  
  Published • 6mo • 
  
  7mo • 
  
  7mo • Edited • 
  
  Published • 8mo • 
  
 ",50,"['92', '53', '20', '181', '155', '67', '65', '100', '158', '105', '179', '34', '3', '332', '35', '249', '132', '52', '62', '68', '59', '337', '47', '21', '212', '120', '106', '1,465', '174', '122', '267', '441', '226', '41', '50', '1,495', '309', '123', '89', '601', '79', '93', '92', '88', '119', '257', '1,310', '205', '208', '226']","['5 Comments', '5 Comments', '15 Comments', '9 Comments', '2 Comments', '4 Comments', '1 Comment', '9 Comments', '3 Comments', '3 Comments', '1 Comment', '13 Comments', '1 Comment', '3 Comments', '7 Comments', '1 Comment', '5 Comments', '9 Comments', '1 Comment', '15 Comments', '5 Comments', '1 Comment', '15 Comments', '9 Comments', '6 Comments', '23 Comments', '14 Comments', '3 Comments', '11 Comments', '12 Comments', '10 Comments', '2 Comments', '18 Comments', '11 Comments', '65 Comments', '21 Comments', '15 Comments', '9 Comments', '5 Comments', '10 Comments', '6 Comments', '15 Comments', '47 Comments', '9 Comments', '11 Comments', '11 Comments']"
Dr. Sangita Reddy,"Joint Managing Director, Apollo Hospitals Group",https://www.linkedin.com/in/drsangitareddy/,"16,636","1d • Edited • 
  
  1d • 
  
  3d • 
  
  4d • 
  
  6d • 
  
  1w • 
  
  1w • 
  
  1w • 
  
  2w • 
  
  2w • Edited • 
  
  2w • 
  
  2w • 
  
  2w • 
  
  2w • 
  
  2w • 
  
  3w • 
  
  3w • 
  
  3w • 
  
  3w • 
  
  3w • 
  
  1mo • 
  
  1mo • 
  
  1mo • 
  
  1mo • 
  
  1mo • 
  
  1mo • 
  
  1mo • 
  
  1mo • 
  
  1mo • 
  
  1mo • 
  
  1mo • Edited • 
  
  1mo • 
  
  1mo • 
  
  1mo • Edited • 
  
  1mo • 
  
  1mo • 
  
  1mo • 
  
  1mo • 
  
  1mo • Edited • 
  
  2mo • 
  
  2mo • 
  
  2mo • 
  
  2mo • 
  
  2mo • 
  
  2mo • 
  
  2mo • 
  
  2mo • Edited • 
  
  2mo • Edited • 
  
  2mo • 
  
  2mo • 
  
  2mo • 
  
  2mo • 
  
  2mo • 
  
  2mo • 
  
  2mo • 
  
  2mo • Edited • 
  
  2mo • Edited • 
  
  2mo • 
  
  2mo • Edited • 
  
  2mo • 
  
  2mo • 
  
  2mo • 
  
  2mo • 
  
  2mo • 
  
  2mo • Edited • 
  
  2mo • Edited • 
  
  2mo • 
  
  2mo • 
  
  2mo • 
  
  3mo • 
  
  3mo • 
  
  3mo • 
  
  3mo • 
  
  3mo • 
  
  3mo • Edited • 
  
  3mo • Edited • 
  
  3mo • Edited • 
  
  3mo • 
  
  3mo • 
  
  3mo • Edited • 
  
  3mo • 
  
  5mo • 
  
  10mo • 
  
  10mo • 
  
  2yr • 
  
 ",85,"['303', '968', '93', '1,097', '607', '108', '232', '375', '186', '109', '162', '306', '347', '185', '229', '777', '223', '805', '166', '863', '239', '209', '965', '677', '211', '211', '133', '540', '165', '199', '125', '97', '194', '128', '146', '392', '265', '148', '231', '144', '129', '326', '450', '618', '284', '117', '88', '210', '87', '99', '760', '476', '174', '317', '625', '175', '437', '744', '300', '1,278', '53', '385', '90', '160', '259', '392', '911', '1,386', '89', '30', '2', '273', '844', '114', '166', '145', '380', '505', '604', '1,159', '368', '752', '1,211', '481', '1,941']","['33 Comments', '57 Comments', '3 Comments', '90 Comments', '43 Comments', '5 Comments', '17 Comments', '19 Comments', '14 Comments', '7 Comments', '14 Comments', '12 Comments', '28 Comments', '7 Comments', '10 Comments', '39 Comments', '11 Comments', '129 Comments', '7 Comments', '45 Comments', '16 Comments', '13 Comments', '46 Comments', '59 Comments', '25 Comments', '12 Comments', '14 Comments', '44 Comments', '4 Comments', '6 Comments', '8 Comments', '5 Comments', '10 Comments', '5 Comments', '6 Comments', '28 Comments', '17 Comments', '3 Comments', '12 Comments', '4 Comments', '4 Comments', '6 Comments', '25 Comments', '22 Comments', '20 Comments', '7 Comments', '12 Comments', '4 Comments', '7 Comments', '30 Comments', '33 Comments', '7 Comments', '26 Comments', '34 Comments', '7 Comments', '41 Comments', '43 Comments', '16 Comments', '72 Comments', '9 Comments', '1 Comment', '19 Comments', '16 Comments', '36 Comments', '49 Comments', '6 Comments', '1 Comment', '14 Comments', '56 Comments', '3 Comments', '5 Comments', '9 Comments', '40 Comments', '41 Comments', '30 Comments', '58 Comments', '75 Comments', '44 Comments', '235 Comments', '31 Comments', '86 Comments']"
Sandeep Kochhar,Storyteller bleWMinds Consulting. An ant that fails often but never gives up. 130 Million views. 190000 folks trust me.,https://www.linkedin.com/in/sandeepkochhar/,"1,90,222","6h • Edited • 
  
  11h • Edited • 
  
  1d • Edited • 
  
  2d • Edited • 
  
  3d • Edited • 
  
  3d • Edited • 
  
  4d • Edited • 
  
  5d • Edited • 
  
  6d • Edited • 
  
  1w • Edited • 
  
  1w • Edited • 
  
  1w • 
  
  1w • Edited • 
  
  1w • Edited • 
  
  1w • 
  
  1w • Edited • 
  
  2w • Edited • 
  
  2w • Edited • 
  
  2w • Edited • 
  
  2w • Edited • 
  
  2w • Edited • 
  
  2w • 
  
  2w • Edited • 
  
  3w • Edited • 
  
  3w • Edited • 
  
  3w • Edited • 
  
  3w • Edited • 
  
  3w • 
  
  3w • Edited • 
  
  3w • 
  
  1mo • 
  
  1mo • Edited • 
  
  1mo • Edited • 
  
  1mo • 
  
  1mo • Edited • 
  
  1mo • 
  
  1mo • Edited • 
  
  1mo • Edited • 
  
  1mo • Edited • 
  
  1mo • 
  
  1mo • Edited • 
  
  1mo • 
  
  1mo • 
  
  1mo • Edited • 
  
  1mo • Edited • 
  
  1mo • Edited • 
  
  1mo • Edited • 
  
  1mo • Edited • 
  
  1mo • 
  
  1mo • Edited • 
  
  1mo • Edited • 
  
  1mo • Edited • 
  
  1mo • Edited • 
  
  1mo • 
  
  1mo • Edited • 
  
  1mo • Edited • 
  
  1mo • Edited • 
  
  1mo • Edited • 
  
  1mo • Edited • 
  
  1mo • Edited • 
  
  1mo • Edited • 
  
  2mo • Edited • 
  
  2mo • 
  
  2mo • Edited • 
  
  2mo • Edited • 
  
  2mo • Edited • 
  
  2mo • Edited • 
  
  2mo • Edited • 
  
  2mo • Edited • 
  
  2mo • Edited • 
  
  2mo • Edited • 
  
  2mo • Edited • 
  
  2mo • Edited • 
  
  2mo • Edited • 
  
  2mo • Edited • 
  
  2mo • Edited • 
  
  2mo • Edited • 
  
  2mo • Edited • 
  
  2mo • 
  
  2mo • 
  
  2mo • Edited • 
  
  2mo • Edited • 
  
  2mo • Edited • 
  
  2mo • Edited • 
  
  2mo • Edited • 
  
  2mo • 
  
  2mo • Edited • 
  
  2mo • Edited • 
  
  2mo • Edited • 
  
  2mo • Edited • 
  
  2mo • Edited • 
  
  2mo • Edited • 
  
  2mo • Edited • 
  
  2mo • Edited • 
  
  2mo • Edited • 
  
  2mo • Edited • 
  
  2mo • Edited • 
  
  2mo • 
  
  2mo • Edited • 
  
  2mo • Edited • 
  
  2mo • 
  
  2mo • Edited • 
  
  2mo • Edited • 
  
  3mo • Edited • 
  
  3mo • Edited • 
  
  3mo • 
  
  3mo • 
  
  3mo • 
  
  3mo • Edited • 
  
  3mo • Edited • 
  
  3mo • Edited • 
  
  3mo • Edited • 
  
  3mo • Edited • 
  
  3mo • Edited • 
  
  3mo • 
  
  3mo • 
  
  3mo • 
  
  3mo • Edited • 
  
  3mo • 
  
  3mo • Edited • 
  
  3mo • 
  
  3mo • Edited • 
  
  3mo • 
  
  3mo • Edited • 
  
  3mo • Edited • 
  
  3mo • Edited • 
  
  3mo • Edited • 
  
  3mo • Edited • 
  
  3mo • 
  
  3mo • 
  
  3mo • Edited • 
  
  3mo • 
  
  3mo • Edited • 
  
  3mo • Edited • 
  
  3mo • Edited • 
  
  3mo • Edited • 
  
  3mo • Edited • 
  
  3mo • Edited • 
  
  3mo • Edited • 
  
  3mo • Edited • 
  
  3mo • Edited • 
  
  4mo • Edited • 
  
  4mo • Edited • 
  
  4mo • 
  
  4mo • Edited • 
  
  4mo • Edited • 
  
  4mo • 
  
  4mo • 
  
  4mo • Edited • 
  
  4mo • Edited • 
  
  4mo • Edited • 
  
  4mo • Edited • 
  
  4mo • 
  
  4mo • Edited • 
  
  4mo • Edited • 
  
  4mo • Edited • 
  
  4mo • Edited • 
  
  4mo • Edited • 
  
  4mo • Edited • 
  
  4mo • 
  
  4mo • 
  
  4mo • Edited • 
  
  4mo • Edited • 
  
  4mo • Edited • 
  
  4mo • Edited • 
  
  4mo • Edited • 
  
  4mo • Edited • 
  
  4mo • Edited • 
  
  4mo • Edited • 
  
  4mo • Edited • 
  
  4mo • Edited • 
  
  4mo • Edited • 
  
  4mo • Edited • 
  
  4mo • Edited • 
  
  4mo • 
  
  4mo • 
  
  4mo • Edited • 
  
  4mo • Edited • 
  
  4mo • Edited • 
  
  4mo • 
  
  4mo • Edited • 
  
  4mo • Edited • 
  
  4mo • Edited • 
  
  5mo • Edited • 
  
  5mo • 
  
  5mo • Edited • 
  
  5mo • Edited • 
  
  5mo • Edited • 
  
  5mo • Edited • 
  
  5mo • 
  
  5mo • Edited • 
  
  5mo • Edited • 
  
  5mo • Edited • 
  
  5mo • Edited • 
  
  5mo • Edited • 
  
  5mo • 
  
  5mo • Edited • 
  
  5mo • Edited • 
  
  5mo • Edited • 
  
  5mo • Edited • 
  
  5mo • Edited • 
  
  5mo • 
  
  5mo • Edited • 
  
  5mo • Edited • 
  
  5mo • Edited • 
  
  5mo • 
  
  5mo • Edited • 
  
  5mo • 
  
  5mo • Edited • 
  
  5mo • Edited • 
  
  5mo • Edited • 
  
  5mo • Edited • 
  
  5mo • 
  
  5mo • Edited • 
  
  5mo • Edited • 
  
  5mo • 
  
  5mo • Edited • 
  
  5mo • 
  
  5mo • Edited • 
  
  5mo • Edited • 
  
  5mo • Edited • 
  
  5mo • Edited • 
  
  5mo • Edited • 
  
  6mo • Edited • 
  
  6mo • Edited • 
  
  6mo • Edited • 
  
  6mo • Edited • 
  
  6mo • Edited • 
  
  6mo • Edited • 
  
  6mo • Edited • 
  
  6mo • Edited • 
  
  6mo • 
  
  6mo • Edited • 
  
  6mo • Edited • 
  
  6mo • 
  
  6mo • Edited • 
  
  6mo • Edited • 
  
  6mo • Edited • 
  
  6mo • 
  
  6mo • 
  
  6mo • Edited • 
  
  6mo • Edited • 
  
  6mo • Edited • 
  
  6mo • Edited • 
  
  6mo • Edited • 
  
  6mo • Edited • 
  
  6mo • Edited • 
  
  6mo • Edited • 
  
  6mo • Edited • 
  
  6mo • Edited • 
  
  6mo • Edited • 
  
  6mo • Edited • 
  
  6mo • Edited • 
  
  6mo • 
  
  6mo • 
  
  6mo • Edited • 
  
  7mo • Edited • 
  
  7mo • Edited • 
  
  7mo • Edited • 
  
 ",259,"['163', '387', '491', '2,339', '963', '509', '170', '1,698', '668', '684', '1,359', '315', '669', '1,354', '171', '403', '375', '881', '760', '632', '1,944', '663', '878', '934', '3,144', '551', '616', '1,013', '1,557', '31', '203', '1,162', '2,683', '1,421', '3,151', '626', '161', '3,269', '596', '55', '4,185', '224', '510', '2,566', '597', '631', '737', '691', '377', '1,180', '739', '1,569', '582', '1,230', '3,218', '3,400', '2,055', '627', '987', '1,723', '757', '3,633', '91', '7,591', '319', '819', '2,828', '313', '6,574', '1,300', '1,841', '17,257', '2,355', '4,821', '8,550', '1,746', '2,159', '92', '106', '552', '536', '1,025', '1,061', '105', '1,177', '177', '414', '785', '734', '1,151', '8,700', '1,637', '1,874', '832', '777', '747', '308', '457', '100', '1,201', '85', '682', '71', '1,417', '3,105', '1,968', '47', '87', '1,587', '187', '221', '2,025', '93', '269', '100', '69', '113', '252', '180', '868', '1,619', '196', '83', '1,472', '311', '1,863', '690', '433', '1,207', '391', '214', '230', '189', '426', '331', '593', '1,126', '974', '646', '622', '367', '546', '672', '1,130', '446', '3,569', '98', '92', '350', '337', '466', '764', '24', '584', '685', '177', '1,157', '499', '844', '372', '68', '663', '252', '372', '294', '305', '398', '1,488', '258', '235', '351', '574', '332', '111', '329', '94', '669', '919', '141', '334', '414', '206', '1,025', '257', '2,889', '222', '714', '621', '285', '298', '147', '242', '141', '1,374', '101', '131', '736', '206', '352', '978', '6,105', '900', '283', '741', '175', '322', '227', '163', '179', '78', '700', '256', '11', '483', '237', '183', '895', '678', '318', '791', '1,145', '563', '1,223', '324', '948', '1,860', '179', '1,048', '205', '81', '227', '306', '408', '745', '453', '416', '2,236', '302', '260', '767', '446', '972', '115', '404', '283', '1,157', '441', '428', '780', '265', '222', '211', '448', '230', '72', '660', '328', '853', '254']","['9 Comments', '72 Comments', '91 Comments', '477 Comments', '86 Comments', '49 Comments', '18 Comments', '288 Comments', '140 Comments', '43 Comments', '126 Comments', '36 Comments', '38 Comments', '105 Comments', '10 Comments', '48 Comments', '68 Comments', '84 Comments', '66 Comments', '40 Comments', '104 Comments', '82 Comments', '198 Comments', '71 Comments', '135 Comments', '61 Comments', '233 Comments', '96 Comments', '126 Comments', '4 Comments', '46 Comments', '100 Comments', '285 Comments', '80 Comments', '174 Comments', '56 Comments', '27 Comments', '199 Comments', '112 Comments', '4 Comments', '108 Comments', '27 Comments', '283 Comments', '156 Comments', '339 Comments', '80 Comments', '77 Comments', '48 Comments', '112 Comments', '97 Comments', '80 Comments', '135 Comments', '86 Comments', '83 Comments', '195 Comments', '364 Comments', '135 Comments', '50 Comments', '166 Comments', '286 Comments', '236 Comments', '204 Comments', '4 Comments', '414 Comments', '47 Comments', '70 Comments', '458 Comments', '124 Comments', '735 Comments', '212 Comments', '183 Comments', '4,942 Comments', '219 Comments', '418 Comments', '1,099 Comments', '240 Comments', '179 Comments', '2 Comments', '15 Comments', '87 Comments', '56 Comments', '78 Comments', '100 Comments', '21 Comments', '75 Comments', '22 Comments', '44 Comments', '40 Comments', '66 Comments', '102 Comments', '360 Comments', '234 Comments', '210 Comments', '74 Comments', '105 Comments', '59 Comments', '17 Comments', '41 Comments', '14 Comments', '136 Comments', '15 Comments', '376 Comments', '9 Comments', '129 Comments', '238 Comments', '167 Comments', '10 Comments', '8 Comments', '147 Comments', '27 Comments', '19 Comments', '279 Comments', '15 Comments', '37 Comments', '8 Comments', '11 Comments', '20 Comments', '27 Comments', '46 Comments', '63 Comments', '175 Comments', '19 Comments', '5 Comments', '171 Comments', '42 Comments', '125 Comments', '54 Comments', '51 Comments', '110 Comments', '26 Comments', '18 Comments', '39 Comments', '15 Comments', '42 Comments', '24 Comments', '97 Comments', '122 Comments', '72 Comments', '44 Comments', '190 Comments', '56 Comments', '43 Comments', '47 Comments', '99 Comments', '57 Comments', '201 Comments', '4 Comments', '9 Comments', '42 Comments', '27 Comments', '29 Comments', '92 Comments', '40 Comments', '42 Comments', '12 Comments', '70 Comments', '23 Comments', '130 Comments', '32 Comments', '6 Comments', '56 Comments', '25 Comments', '85 Comments', '31 Comments', '68 Comments', '44 Comments', '102 Comments', '40 Comments', '15 Comments', '32 Comments', '63 Comments', '50 Comments', '121 Comments', '56 Comments', '7 Comments', '74 Comments', '113 Comments', '14 Comments', '14 Comments', '51 Comments', '27 Comments', '105 Comments', '20 Comments', '446 Comments', '47 Comments', '69 Comments', '45 Comments', '280 Comments', '15 Comments', '57 Comments', '22 Comments', '18 Comments', '72 Comments', '19 Comments', '16 Comments', '120 Comments', '24 Comments', '32 Comments', '80 Comments', '425 Comments', '56 Comments', '69 Comments', '114 Comments', '14 Comments', '16 Comments', '19 Comments', '9 Comments', '18 Comments', '7 Comments', '81 Comments', '19 Comments', '60 Comments', '13 Comments', '21 Comments', '62 Comments', '85 Comments', '32 Comments', '84 Comments', '86 Comments', '45 Comments', '112 Comments', '71 Comments', '112 Comments', '278 Comments', '27 Comments', '113 Comments', '21 Comments', '2 Comments', '8 Comments', '41 Comments', '47 Comments', '41 Comments', '35 Comments', '43 Comments', '451 Comments', '43 Comments', '48 Comments', '108 Comments', '54 Comments', '74 Comments', '25 Comments', '45 Comments', '25 Comments', '132 Comments', '39 Comments', '73 Comments', '124 Comments', '47 Comments', '11 Comments', '63 Comments', '40 Comments', '50 Comments', '10 Comments', '79 Comments', '29 Comments', '89 Comments', '28 Comments']"
Nathan SV,Partner and Chief Talent Officer at Deloitte India,https://www.linkedin.com/in/nathansv/,"2,45,575","1d • Edited • 
  
  3d • 
  
  4d • 
  
  1w • 
  
  1w • 
  
  1w • 
  
  1w • 
  
  2w • 
  
  2w • 
  
  2w • 
  
  2w • 
  
  3w • 
  
  3w • 
  
  3w • 
  
  3w • 
  
  3w • 
  
  3w • 
  
  1mo • 
  
  1mo • 
  
  1mo • 
  
  1mo • 
  
  1mo • 
  
  1mo • 
  
  1mo • 
  
  1mo • 
  
  1mo • 
  
  1mo • 
  
  1mo • 
  
  Published • 1mo • 
  
  1mo • 
  
  1mo • 
  
  2mo • 
  
  2mo • 
  
  2mo • 
  
  2mo • 
  
  2mo • 
  
  2mo • 
  
  2mo • 
  
  2mo • 
  
  2mo • 
  
  2mo • 
  
  2mo • 
  
  2mo • 
  
  2mo • 
  
  2mo • 
  
  2mo • 
  
  2mo • 
  
  2mo • 
  
  2mo • 
  
  3mo • 
  
  3mo • 
  
  3mo • 
  
  3mo • 
  
  3mo • 
  
  3mo • 
  
  3mo • 
  
  3mo • 
  
  3mo • 
  
  3mo • 
  
  3mo • 
  
  4mo • 
  
  4mo • 
  
  4mo • 
  
  4mo • 
  
  4mo • 
  
  Published • 4mo • 
  
  4mo • 
  
  4mo • 
  
  4mo • 
  
  4mo • 
  
  4mo • 
  
  4mo • 
  
  4mo • 
  
  4mo • 
  
  4mo • 
  
  4mo • 
  
  5mo • 
  
  5mo • 
  
  5mo • Edited • 
  
  5mo • 
  
  5mo • 
  
  5mo • Edited • 
  
  5mo • 
  
  5mo • 
  
  5mo • 
  
  5mo • 
  
  5mo • 
  
  5mo • 
  
  5mo • 
  
  5mo • 
  
  5mo • 
  
  6mo • 
  
  6mo • 
  
  Published • 6mo • 
  
  6mo • 
  
  6mo • 
  
  6mo • 
  
  6mo • 
  
  6mo • 
  
  6mo • 
  
  6mo • 
  
  6mo • 
  
  6mo • 
  
  6mo • 
  
  6mo • 
  
  6mo • 
  
  6mo • 
  
  7mo • 
  
  7mo • 
  
  7mo • 
  
 ",110,"['599', '718', '656', '954', '1,402', '872', '758', '983', '2,457', '736', '811', '816', '396', '941', '1,067', '3,255', '1,465', '1,317', '759', '1,188', '1,791', '314', '844', '1,410', '1,591', '1,019', '1,218', '2,171', '716', '1,288', '1,912', '971', '775', '1,129', '2,587', '1,358', '1,024', '1,210', '1,288', '1,246', '1,220', '687', '1,471', '885', '83', '2,004', '1,793', '1,550', '2,301', '1,124', '1,311', '1,023', '1,215', '1,431', '1,784', '1,919', '2,288', '3,695', '2,267', '1,304', '1,419', '1,583', '750', '1,930', '1,807', '338', '1,359', '1,716', '1,376', '1,037', '1,395', '2,860', '1,080', '1,174', '661', '2,024', '2,471', '2,161', '1,545', '1,132', '1,969', '835', '758', '859', '426', '1,023', '1,064', '1,516', '1,327', '2,376', '603', '787', '1,464', '306', '909', '862', '1,567', '1,810', '836', '1,019', '1,504', '1,442', '884', '978', '1,581', '1,435', '1,676', '1,066', '1,667', '1,049']","['128 Comments', '31 Comments', '27 Comments', '35 Comments', '40 Comments', '30 Comments', '21 Comments', '33 Comments', '134 Comments', '36 Comments', '9 Comments', '29 Comments', '16 Comments', '25 Comments', '28 Comments', '122 Comments', '37 Comments', '29 Comments', '34 Comments', '36 Comments', '66 Comments', '50 Comments', '18 Comments', '55 Comments', '80 Comments', '30 Comments', '40 Comments', '127 Comments', '34 Comments', '31 Comments', '77 Comments', '26 Comments', '25 Comments', '32 Comments', '131 Comments', '58 Comments', '28 Comments', '30 Comments', '54 Comments', '40 Comments', '34 Comments', '35 Comments', '57 Comments', '21 Comments', '66 Comments', '68 Comments', '69 Comments', '105 Comments', '28 Comments', '55 Comments', '46 Comments', '105 Comments', '56 Comments', '43 Comments', '87 Comments', '142 Comments', '147 Comments', '102 Comments', '67 Comments', '68 Comments', '87 Comments', '32 Comments', '62 Comments', '51 Comments', '23 Comments', '53 Comments', '77 Comments', '30 Comments', '40 Comments', '45 Comments', '142 Comments', '48 Comments', '43 Comments', '28 Comments', '98 Comments', '154 Comments', '135 Comments', '53 Comments', '50 Comments', '67 Comments', '12 Comments', '22 Comments', '24 Comments', '11 Comments', '29 Comments', '28 Comments', '79 Comments', '69 Comments', '134 Comments', '24 Comments', '27 Comments', '79 Comments', '34 Comments', '33 Comments', '56 Comments', '64 Comments', '66 Comments', '36 Comments', '35 Comments', '39 Comments', '70 Comments', '26 Comments', '38 Comments', '53 Comments', '52 Comments', '79 Comments', '38 Comments', '56 Comments', '37 Comments']"
Shruti Chaturvedi,Founder & Editor at Chaaipani,https://www.linkedin.com/in/shrutii/,"18,745","4h • Edited • 
  
  1d • 
  
  1w • 
  
  1w • 
  
  1w • 
  
  2w • Edited • 
  
  2w • 
  
  3w • 
  
  3w • 
  
  3w • 
  
  1mo • Edited • 
  
  1mo • 
  
  1mo • 
  
  1mo • 
  
  1mo • 
  
  1mo • 
  
  1mo • 
  
  1mo • Edited • 
  
  1mo • 
  
  1mo • 
  
  1mo • 
  
  1mo • Edited • 
  
  2mo • 
  
  2mo • 
  
  2mo • 
  
  2mo • 
  
  2mo • 
  
  3mo • Edited • 
  
  3mo • 
  
  3mo • Edited • 
  
  3mo • Edited • 
  
  4mo • 
  
  4mo • 
  
  4mo • 
  
  4mo • 
  
  4mo • 
  
  4mo • 
  
  Published • 4mo • 
  
  4mo • 
  
  5mo • 
  
  5mo • 
  
  5mo • 
  
  5mo • 
  
  5mo • 
  
  6mo • 
  
  6mo • 
  
  6mo • Edited • 
  
  6mo • Edited • 
  
  6mo • 
  
  6mo • Edited • 
  
  6mo • Edited • 
  
  7mo • 
  
  7mo • 
  
  7mo • 
  
  7mo • Edited • 
  
 ",55,"['37', '840', '51', '233', '87', '79', '336', '111', '65', '111', '193', '73', '169', '147', '76', '117', '171', '130', '123', '112', '189', '243', '311', '100', '178', '107', '62', '363', '1,150', '40', '1,353', '151', '85', '69', '34', '21', '511', '120', '89', '178', '516', '22', '237', '665', '144', '107', '223', '534', '220', '84', '1,183', '270', '49', '34', '58']","['102 Comments', '3 Comments', '4 Comments', '10 Comments', '4 Comments', '21 Comments', '18 Comments', '2 Comments', '11 Comments', '30 Comments', '6 Comments', '20 Comments', '20 Comments', '1 Comment', '4 Comments', '18 Comments', '16 Comments', '11 Comments', '12 Comments', '18 Comments', '38 Comments', '13 Comments', '17 Comments', '9 Comments', '1 Comment', '14 Comments', '56 Comments', '192 Comments', '1 Comment', '65 Comments', '2 Comments', '13 Comments', '11 Comments', '1 Comment', '111 Comments', '10 Comments', '18 Comments', '23 Comments', '40 Comments', '8 Comments', '9 Comments', '63 Comments', '4 Comments', '8 Comments', '33 Comments', '73 Comments', '11 Comments', '25 Comments', '113 Comments', '7 Comments', '3 Comments', '2 Comments']"
Anamika Sirohi,Vice President & Head of Marketing 100 Most Influential Marketers 2018,https://www.linkedin.com/in/anamikasirohi/,"31,855","9h • 
  
  2d • 
  
  3d • 
  
  6d • 
  
  1w • 
  
  1w • 
  
  2w • 
  
  2w • Edited • 
  
  2w • 
  
  3w • 
  
  1mo • 
  
  2mo • 
  
  2mo • 
  
  2mo • 
  
  2mo • Edited • 
  
  2mo • 
  
  3mo • Edited • 
  
  3mo • 
  
  3mo • Edited • 
  
  3mo • 
  
  3mo • 
  
  3mo • 
  
  3mo • 
  
  3mo • Edited • 
  
  3mo • 
  
  4mo • 
  
  4mo • 
  
  4mo • 
  
  4mo • 
  
  5mo • Edited • 
  
  5mo • Edited • 
  
  5mo • Edited • 
  
  6mo • Edited • 
  
  6mo • Edited • 
  
  6mo • 
  
  7mo • Edited • 
  
  7mo • 
  
  Published • 7mo • 
  
  10mo • 
  
  1yr • Edited • 
  
 ",40,"['130', '100', '46', '30', '62', '145', '83', '92', '59', '57', '14', '64', '61', '125', '74', '167', '362', '335', '293', '135', '60', '250', '376', '70', '362', '197', '359', '18', '66', '79', '141', '246', '98', '145', '126', '32', '27', '186', '207', '28']","['14 Comments', '6 Comments', '5 Comments', '8 Comments', '23 Comments', '26 Comments', '7 Comments', '6 Comments', '11 Comments', '2 Comments', '1 Comment', '7 Comments', '13 Comments', '25 Comments', '10 Comments', '32 Comments', '23 Comments', '24 Comments', '15 Comments', '16 Comments', '3 Comments', '89 Comments', '17 Comments', '11 Comments', '27 Comments', '3 Comments', '39 Comments', '2 Comments', '6 Comments', '5 Comments', '20 Comments', '7 Comments', '8 Comments', '14 Comments', '9 Comments', '1 Comment', '3 Comments', '18 Comments', '10 Comments', '3 Comments']"
Himanshu Rai,Director at Indian Institute of Management Indore,https://www.linkedin.com/in/himanshu-rai-01b57714/,"39,076","1d • 
  
  1d • Edited • 
  
  2d • 
  
  3d • 
  
  3d • 
  
  4d • 
  
  5d • 
  
  5d • 
  
  6d • 
  
  6d • 
  
  1w • 
  
  1w • 
  
  1w • 
  
  1w • 
  
  1w • 
  
  1w • 
  
  1w • 
  
  1w • 
  
  1w • 
  
  1w • 
  
  1w • 
  
  2w • 
  
  2w • 
  
  2w • Edited • 
  
  2w • 
  
  2w • 
  
  2w • 
  
  2w • 
  
  2w • 
  
  2w • 
  
  2w • 
  
  2w • 
  
  3w • 
  
  3w • 
  
  3w • 
  
  3w • 
  
  3w • 
  
  3w • 
  
  3w • 
  
  3w • 
  
  3w • 
  
  3w • 
  
  3w • 
  
  3w • 
  
  1mo • 
  
  1mo • 
  
  1mo • 
  
  1mo • 
  
  1mo • 
  
  1mo • 
  
  1mo • 
  
  1mo • 
  
  1mo • 
  
  1mo • 
  
  1mo • 
  
  1mo • 
  
  1mo • 
  
  1mo • 
  
  1mo • 
  
  1mo • 
  
  1mo • 
  
  1mo • 
  
  1mo • 
  
  1mo • 
  
  1mo • 
  
  1mo • 
  
  1mo • 
  
  1mo • 
  
  1mo • 
  
  1mo • 
  
  1mo • 
  
  1mo • 
  
  1mo • 
  
  1mo • 
  
  1mo • 
  
  1mo • 
  
  1mo • 
  
  1mo • 
  
  1mo • 
  
  1mo • 
  
  2mo • 
  
  2mo • 
  
  2mo • 
  
  2mo • 
  
  2mo • 
  
  2mo • 
  
  2mo • 
  
  2mo • 
  
  2mo • 
  
  2mo • 
  
  2mo • 
  
  2mo • 
  
  2mo • 
  
  2mo • 
  
  2mo • 
  
  2mo • 
  
  2mo • 
  
  2mo • 
  
  2mo • 
  
  2mo • 
  
  2mo • 
  
  2mo • 
  
  2mo • 
  
  2mo • 
  
  2mo • 
  
  2mo • 
  
  2mo • 
  
  2mo • 
  
  2mo • 
  
  2mo • 
  
  2mo • 
  
  2mo • 
  
  2mo • 
  
  2mo • 
  
  2mo • 
  
  2mo • 
  
  2mo • 
  
  2mo • 
  
  2mo • 
  
  2mo • 
  
  2mo • 
  
  2mo • 
  
  2mo • 
  
  3mo • 
  
  3mo • 
  
  3mo • 
  
  3mo • 
  
  3mo • 
  
  3mo • 
  
  3mo • 
  
  3mo • 
  
  3mo • 
  
  3mo • 
  
  3mo • 
  
  3mo • 
  
  3mo • 
  
  3mo • 
  
  3mo • 
  
  3mo • 
  
  3mo • 
  
  3mo • 
  
  3mo • 
  
  3mo • 
  
  3mo • 
  
  3mo • 
  
  3mo • 
  
  3mo • 
  
  3mo • 
  
  3mo • 
  
  3mo • 
  
  3mo • 
  
  3mo • 
  
  3mo • 
  
  3mo • 
  
  3mo • 
  
  3mo • 
  
  3mo • 
  
  3mo • 
  
  3mo • 
  
  4mo • 
  
  4mo • 
  
  4mo • 
  
  4mo • 
  
  4mo • 
  
  4mo • 
  
  4mo • 
  
  4mo • 
  
  4mo • 
  
  4mo • 
  
  4mo • 
  
  4mo • 
  
  4mo • 
  
  4mo • 
  
  4mo • 
  
  4mo • 
  
  4mo • 
  
  4mo • 
  
  4mo • 
  
  4mo • 
  
  4mo • 
  
  4mo • 
  
  4mo • 
  
  4mo • 
  
  4mo • 
  
  4mo • 
  
  4mo • 
  
  4mo • 
  
  4mo • 
  
  4mo • 
  
  4mo • 
  
  4mo • 
  
  4mo • 
  
  4mo • 
  
  4mo • 
  
  4mo • 
  
  4mo • 
  
  4mo • 
  
  5mo • 
  
  5mo • 
  
  5mo • 
  
  5mo • 
  
  5mo • 
  
  5mo • 
  
  5mo • 
  
  5mo • 
  
  5mo • 
  
  5mo • 
  
  5mo • 
  
  5mo • 
  
  5mo • 
  
  5mo • 
  
  5mo • 
  
  5mo • 
  
  5mo • 
  
  5mo • 
  
  5mo • 
  
  5mo • 
  
  5mo • 
  
  5mo • 
  
  5mo • Edited • 
  
  5mo • 
  
  5mo • 
  
  5mo • 
  
  5mo • 
  
  5mo • 
  
  5mo • 
  
  5mo • 
  
  5mo • 
  
  5mo • 
  
  5mo • 
  
  6mo • 
  
  6mo • 
  
  6mo • 
  
  6mo • 
  
  6mo • 
  
  6mo • 
  
  6mo • 
  
  6mo • 
  
  6mo • 
  
  6mo • 
  
  6mo • 
  
  6mo • 
  
  6mo • 
  
  6mo • 
  
  6mo • 
  
  6mo • 
  
  6mo • 
  
  6mo • 
  
  6mo • 
  
  6mo • 
  
  6mo • 
  
  6mo • 
  
  6mo • 
  
  6mo • 
  
  6mo • 
  
  6mo • 
  
  6mo • 
  
  6mo • 
  
  6mo • 
  
  6mo • 
  
  6mo • 
  
  6mo • 
  
  6mo • 
  
  6mo • 
  
  6mo • 
  
  6mo • 
  
  7mo • 
  
  7mo • 
  
  7mo • 
  
  7mo • 
  
 ",270,"['346', '298', '236', '261', '420', '740', '12', '216', '869', '435', '420', '256', '498', '408', '320', '351', '792', '81', '1,615', '289', '915', '51', '250', '164', '854', '352', '1,033', '538', '285', '623', '748', '326', '293', '279', '105', '370', '158', '244', '226', '366', '129', '158', '588', '289', '439', '262', '423', '150', '238', '202', '321', '116', '131', '812', '483', '202', '142', '1,915', '780', '1,340', '815', '153', '88', '381', '332', '357', '251', '430', '227', '378', '343', '289', '116', '843', '354', '167', '114', '354', '320', '320', '232', '90', '750', '306', '148', '385', '203', '150', '531', '112', '455', '387', '1,886', '146', '79', '450', '456', '168', '220', '221', '165', '332', '594', '202', '388', '125', '103', '279', '387', '320', '75', '314', '206', '567', '444', '124', '876', '283', '490', '235', '736', '128', '188', '537', '120', '249', '189', '465', '154', '333', '887', '545', '501', '724', '176', '294', '106', '586', '134', '389', '778', '329', '156', '442', '247', '160', '73', '230', '266', '469', '609', '444', '367', '326', '151', '181', '295', '65', '255', '770', '208', '202', '198', '532', '404', '180', '173', '170', '460', '31', '40', '445', '304', '306', '229', '404', '170', '244', '376', '80', '154', '558', '103', '37', '153', '314', '353', '83', '583', '93', '404', '352', '405', '158', '192', '582', '579', '383', '236', '242', '518', '216', '638', '384', '841', '443', '414', '459', '180', '337', '881', '634', '636', '731', '343', '264', '92', '293', '899', '578', '375', '262', '155', '196', '242', '260', '133', '207', '278', '613', '139', '333', '258', '336', '315', '288', '278', '192', '166', '623', '36', '175', '324', '175', '1,241', '470', '288', '406', '157', '174', '460', '98', '145', '184', '173', '529', '167', '513', '453', '292', '420', '222', '377', '357', '157', '770', '382', '413', '296', '326']","['26 Comments', '43 Comments', '19 Comments', '12 Comments', '16 Comments', '40 Comments', '15 Comments', '41 Comments', '9 Comments', '11 Comments', '7 Comments', '22 Comments', '17 Comments', '12 Comments', '10 Comments', '42 Comments', '43 Comments', '2 Comments', '30 Comments', '13 Comments', '12 Comments', '49 Comments', '19 Comments', '18 Comments', '16 Comments', '14 Comments', '102 Comments', '46 Comments', '15 Comments', '14 Comments', '6 Comments', '1 Comment', '9 Comments', '8 Comments', '7 Comments', '10 Comments', '10 Comments', '4 Comments', '5 Comments', '33 Comments', '3 Comments', '16 Comments', '7 Comments', '33 Comments', '12 Comments', '16 Comments', '25 Comments', '15 Comments', '3 Comments', '6 Comments', '47 Comments', '15 Comments', '6 Comments', '13 Comments', '157 Comments', '42 Comments', '101 Comments', '77 Comments', '13 Comments', '2 Comments', '17 Comments', '13 Comments', '12 Comments', '10 Comments', '17 Comments', '6 Comments', '22 Comments', '8 Comments', '12 Comments', '5 Comments', '37 Comments', '16 Comments', '3 Comments', '4 Comments', '10 Comments', '22 Comments', '11 Comments', '7 Comments', '4 Comments', '26 Comments', '12 Comments', '1 Comment', '22 Comments', '9 Comments', '4 Comments', '22 Comments', '3 Comments', '16 Comments', '5 Comments', '60 Comments', '13 Comments', '2 Comments', '11 Comments', '13 Comments', '4 Comments', '7 Comments', '6 Comments', '14 Comments', '9 Comments', '50 Comments', '12 Comments', '11 Comments', '8 Comments', '4 Comments', '14 Comments', '18 Comments', '6 Comments', '1 Comment', '11 Comments', '9 Comments', '28 Comments', '37 Comments', '7 Comments', '57 Comments', '22 Comments', '40 Comments', '10 Comments', '40 Comments', '15 Comments', '8 Comments', '14 Comments', '4 Comments', '3 Comments', '8 Comments', '32 Comments', '3 Comments', '25 Comments', '51 Comments', '19 Comments', '19 Comments', '35 Comments', '14 Comments', '5 Comments', '3 Comments', '19 Comments', '3 Comments', '19 Comments', '32 Comments', '17 Comments', '8 Comments', '13 Comments', '7 Comments', '10 Comments', '19 Comments', '15 Comments', '32 Comments', '30 Comments', '36 Comments', '10 Comments', '19 Comments', '10 Comments', '14 Comments', '4 Comments', '1 Comment', '3 Comments', '27 Comments', '8 Comments', '5 Comments', '4 Comments', '37 Comments', '4 Comments', '11 Comments', '10 Comments', '12 Comments', '8 Comments', '1 Comment', '1 Comment', '22 Comments', '9 Comments', '7 Comments', '6 Comments', '42 Comments', '7 Comments', '8 Comments', '20 Comments', '5 Comments', '9 Comments', '11 Comments', '4 Comments', '1 Comment', '8 Comments', '18 Comments', '18 Comments', '2 Comments', '29 Comments', '4 Comments', '10 Comments', '14 Comments', '22 Comments', '4 Comments', '3 Comments', '19 Comments', '27 Comments', '7 Comments', '15 Comments', '11 Comments', '25 Comments', '2 Comments', '47 Comments', '21 Comments', '80 Comments', '19 Comments', '10 Comments', '11 Comments', '6 Comments', '19 Comments', '39 Comments', '36 Comments', '27 Comments', '13 Comments', '17 Comments', '9 Comments', '4 Comments', '13 Comments', '26 Comments', '13 Comments', '11 Comments', '14 Comments', '5 Comments', '7 Comments', '7 Comments', '2 Comments', '2 Comments', '9 Comments', '8 Comments', '29 Comments', '4 Comments', '11 Comments', '12 Comments', '10 Comments', '6 Comments', '13 Comments', '14 Comments', '3 Comments', '6 Comments', '55 Comments', '28 Comments', '22 Comments', '7 Comments', '74 Comments', '18 Comments', '8 Comments', '6 Comments', '5 Comments', '5 Comments', '24 Comments', '3 Comments', '7 Comments', '7 Comments', '5 Comments', '31 Comments', '17 Comments', '22 Comments', '21 Comments', '5 Comments', '17 Comments', '11 Comments', '18 Comments', '5 Comments', '4 Comments', '16 Comments', '7 Comments', '19 Comments', '10 Comments', '10 Comments']"
Sayema Rahman,An audio-visual artist/Voice-Over professional (English/Hindi/Urdu)/Master of ceremonies/anchor at selective events.,https://www.linkedin.com/in/sayema-rahman-1420b9101/,"9,916","1d • 
  
  1d • 
  
  2d • 
  
  3d • 
  
  6d • 
  
  2w • 
  
  2w • 
  
  3w • 
  
  3w • 
  
  3w • 
  
  1mo • 
  
  1mo • 
  
  1mo • 
  
  1mo • 
  
  1mo • 
  
  1mo • 
  
  1mo • 
  
  1mo • 
  
  1mo • 
  
  1mo • 
  
  2mo • 
  
  2mo • 
  
  2mo • 
  
  2mo • 
  
  2mo • 
  
  2mo • 
  
  3mo • 
  
  3mo • 
  
  3mo • 
  
  3mo • 
  
  4mo • 
  
  4mo • 
  
  4mo • 
  
  4mo • 
  
  4mo • 
  
  4mo • 
  
  5mo • 
  
  5mo • 
  
  5mo • 
  
  5mo • 
  
  5mo • 
  
  5mo • 
  
  5mo • 
  
  5mo • 
  
  5mo • 
  
  5mo • 
  
  5mo • 
  
  5mo • 
  
  5mo • 
  
  5mo • 
  
  5mo • 
  
  6mo • 
  
  6mo • 
  
  6mo • 
  
  6mo • 
  
  6mo • 
  
  6mo • 
  
  6mo • 
  
  6mo • 
  
  6mo • 
  
  6mo • 
  
  6mo • 
  
  7mo • 
  
  7mo • 
  
  7mo • 
  
 ",65,"['159', '141', '236', '213', '420', '158', '213', '533', '140', '76', '268', '91', '239', '268', '166', '170', '120', '214', '296', '280', '128', '170', '274', '442', '252', '635', '241', '111', '208', '328', '165', '275', '218', '164', '272', '296', '365', '219', '526', '709', '410', '1,341', '220', '406', '86', '191', '186', '287', '183', '126', '247', '133', '235', '482', '215', '160', '224', '209', '392', '124', '312', '440', '679', '158', '182']","['13 Comments', '33 Comments', '37 Comments', '41 Comments', '59 Comments', '20 Comments', '45 Comments', '34 Comments', '13 Comments', '11 Comments', '40 Comments', '4 Comments', '27 Comments', '24 Comments', '25 Comments', '23 Comments', '15 Comments', '22 Comments', '25 Comments', '37 Comments', '17 Comments', '28 Comments', '28 Comments', '84 Comments', '39 Comments', '61 Comments', '27 Comments', '13 Comments', '10 Comments', '47 Comments', '16 Comments', '29 Comments', '25 Comments', '12 Comments', '31 Comments', '39 Comments', '80 Comments', '25 Comments', '62 Comments', '75 Comments', '54 Comments', '166 Comments', '30 Comments', '78 Comments', '25 Comments', '25 Comments', '29 Comments', '27 Comments', '20 Comments', '19 Comments', '29 Comments', '8 Comments', '34 Comments', '54 Comments', '39 Comments', '21 Comments', '39 Comments', '37 Comments', '50 Comments', '26 Comments', '54 Comments', '72 Comments', '101 Comments', '20 Comments', '40 Comments']"
Vandana Sharma,"LinkedIn Top Voice 2019, Woman Icon, Career coach, TEDx Speaker, Military veteran, Entrepreneur, Influencer",https://www.linkedin.com/in/majorvansharma/,"31,759","5h • 
  
  1d • Edited • 
  
  1w • 
  
  2mo • 
  
  2mo • 
  
  3mo • 
  
  3mo • 
  
  3mo • 
  
  3mo • 
  
  3mo • 
  
  3mo • 
  
  3mo • 
  
  3mo • Edited • 
  
  4mo • 
  
  4mo • Edited • 
  
  4mo • Edited • 
  
  4mo • 
  
  4mo • 
  
  5mo • 
  
  5mo • Edited • 
  
  6mo • 
  
  7mo • Edited • 
  
  7mo • 
  
  7mo • Edited • 
  
  7mo • Edited • 
  
 ",25,"['92', '124', '85', '37', '67', '31', '76', '93', '159', '20', '131', '66', '60', '489', '69', '198', '5', '288', '186', '261', '9', '73', '73', '265', '43']","['16 Comments', '39 Comments', '11 Comments', '2 Comments', '10 Comments', '14 Comments', '3 Comments', '7 Comments', '13 Comments', '32 Comments', '13 Comments', '9 Comments', '18 Comments', '2 Comments', '9 Comments', '53 Comments', '44 Comments', '34 Comments', '5 Comments', '32 Comments', '12 Comments', '9 Comments', '3 Comments']"
Smriti Handa,Regional HR Director at RB | LinkedIn Top Voices 2019,https://www.linkedin.com/in/smriti-handa-0636045/,"2,04,693","21h • Edited • 
  
  3w • 
  
  5mo • 
  
  7mo • Edited • 
  
  8mo • Edited • 
  
  8mo • Edited • 
  
  8mo • Edited • 
  
  8mo • Edited • 
  
  8mo • 
  
  8mo • 
  
 ",10,"['70', '930', '461', '584', '290', '155', '244', '188', '91', '261']","['10 Comments', '44 Comments', '26 Comments', '37 Comments', '37 Comments', '2 Comments', '23 Comments', '25 Comments', '4 Comments', '15 Comments']"
Poonam Barua,"CEO WILL Forum India, Founder Chairman Forum for Women in Leadership, Author of the Book, ""Leadership by Proxy""",https://www.linkedin.com/in/poonam-barua-60a76910/,"7,729","1d • 
  
  1w • 
  
  1w • Edited • 
  
  1w • 
  
  1w • 
  
  2w • 
  
  3w • 
  
  1mo • Edited • 
  
  1mo • Edited • 
  
  1mo • Edited • 
  
  1mo • 
  
  1mo • 
  
  1mo • 
  
  1mo • Edited • 
  
  2mo • Edited • 
  
  2mo • 
  
  Published • 2mo • 
  
  2mo • 
  
  2mo • 
  
  2mo • Edited • 
  
  2mo • 
  
  2mo • 
  
  2mo • 
  
  3mo • 
  
  3mo • Edited • 
  
  3mo • Edited • 
  
  3mo • 
  
  Published • 3mo • 
  
  3mo • Edited • 
  
  3mo • Edited • 
  
  4mo • Edited • 
  
  4mo • 
  
  4mo • 
  
  4mo • 
  
  4mo • Edited • 
  
  4mo • Edited • 
  
  4mo • 
  
  4mo • 
  
  4mo • 
  
  5mo • Edited • 
  
  5mo • 
  
  5mo • 
  
  5mo • 
  
  5mo • 
  
  6mo • 
  
  6mo • 
  
  6mo • 
  
  6mo • Edited • 
  
  6mo • 
  
  6mo • Edited • 
  
  6mo • 
  
  6mo • Edited • 
  
  7mo • 
  
  7mo • 
  
  7mo • 
  
 ",55,"['43', '31', '95', '41', '49', '94', '42', '29', '51', '28', '79', '89', '38', '102', '44', '27', '121', '51', '32', '30', '40', '114', '72', '41', '55', '30', '43', '64', '39', '42', '34', '106', '36', '79', '108', '33', '149', '577', '76', '109', '51', '62', '47', '69', '46', '20', '24', '30', '63', '31', '40', '39', '25', '17', '52']","['24 Comments', '1 Comment', '17 Comments', '2 Comments', '6 Comments', '9 Comments', '4 Comments', '3 Comments', '3 Comments', '14 Comments', '5 Comments', '1 Comment', '13 Comments', '2 Comments', '2 Comments', '13 Comments', '2 Comments', '3 Comments', '3 Comments', '3 Comments', '13 Comments', '8 Comments', '5 Comments', '8 Comments', '1 Comment', '3 Comments', '5 Comments', '1 Comment', '4 Comments', '15 Comments', '1 Comment', '6 Comments', '4 Comments', '6 Comments', '13 Comments', '23 Comments', '8 Comments', '11 Comments', '9 Comments', '7 Comments', '3 Comments', '7 Comments', '2 Comments', '5 Comments', '3 Comments', '1 Comment', '3 Comments', '1 Comment', '1 Comment', '3 Comments']"
Tamal Bandyopadhyay,"Consulting Editor, Business Standard & Senior Adviser, Jana Small Finance Bank",https://www.linkedin.com/in/tamal-bandyopadhyay-818b2b9/,"5,10,448","Published • 3d • 
  
  1w • 
  
  Published • 1w • 
  
  1w • 
  
  1w • 
  
  1w • 
  
  1w • 
  
  1w • Edited • 
  
  2w • 
  
  2w • 
  
  Published • 2w • 
  
  Published • 3w • 
  
  Published • 1mo • 
  
  Published • 1mo • 
  
  Published • 1mo • 
  
  Published • 1mo • 
  
  Published • 2mo • 
  
  Published • 2mo • 
  
  Published • 2mo • 
  
  Published • 2mo • 
  
  Published • 2mo • 
  
  Published • 2mo • 
  
  Published • 3mo • 
  
  3mo • 
  
  Published • 3mo • 
  
  Published • 3mo • 
  
  Published • 3mo • 
  
  4mo • 
  
  4mo • 
  
  Published • 4mo • 
  
  Published • 4mo • 
  
  Published • 4mo • 
  
  4mo • 
  
  Published • 4mo • 
  
  Published • 5mo • 
  
  5mo • 
  
  Published • 5mo • 
  
  Published • 5mo • 
  
  Published • 5mo • 
  
  Published • 5mo • 
  
  6mo • Edited • 
  
  Published • 6mo • 
  
  6mo • Edited • 
  
  Published • 6mo • 
  
  Published • 6mo • 
  
  Published • 6mo • 
  
  Published • 6mo • 
  
  6mo • 
  
  Published • 7mo • 
  
  7mo • 
  
 ",50,"['151', '309', '81', '999', '81', '175', '354', '787', '53', '392', '266', '159', '201', '227', '233', '133', '148', '210', '214', '247', '102', '179', '223', '173', '162', '271', '178', '164', '169', '242', '163', '202', '1,308', '695', '552', '478', '201', '223', '172', '1,623', '106', '224', '194', '231', '282', '186', '215', '62', '233', '388']","['12 Comments', '18 Comments', '7 Comments', '31 Comments', '1 Comment', '4 Comments', '8 Comments', '17 Comments', '2 Comments', '16 Comments', '15 Comments', '13 Comments', '18 Comments', '26 Comments', '34 Comments', '11 Comments', '18 Comments', '15 Comments', '9 Comments', '10 Comments', '4 Comments', '7 Comments', '12 Comments', '7 Comments', '5 Comments', '27 Comments', '1 Comment', '2 Comments', '4 Comments', '14 Comments', '2 Comments', '12 Comments', '116 Comments', '17 Comments', '39 Comments', '27 Comments', '4 Comments', '8 Comments', '2 Comments', '86 Comments', '2 Comments', '24 Comments', '15 Comments', '18 Comments', '7 Comments', '5 Comments', '14 Comments', '1 Comment', '15 Comments', '19 Comments']"
Shephali Bhatt,Special Correspondent at The Economic Times,https://www.linkedin.com/in/shephali-bhatt-19727915/,"9,233","1d • 
  
  4d • 
  
  1w • 
  
  1mo • 
  
  1mo • 
  
  1mo • 
  
  1mo • 
  
  2mo • 
  
  3mo • 
  
  3mo • 
  
  3mo • 
  
  4mo • 
  
  4mo • 
  
  4mo • 
  
  5mo • Edited • 
  
  5mo • 
  
  5mo • 
  
  6mo • 
  
  6mo • 
  
  7mo • 
  
 ",20,"['577', '288', '148', '147', '119', '157', '241', '184', '150', '146', '242', '388', '109', '160', '122', '118', '120', '99', '113', '95']","['76 Comments', '37 Comments', '20 Comments', '18 Comments', '11 Comments', '19 Comments', '10 Comments', '17 Comments', '9 Comments', '13 Comments', '28 Comments', '36 Comments', '8 Comments', '14 Comments', '11 Comments', '5 Comments', '7 Comments', '7 Comments', '7 Comments', '13 Comments']"
